MPU-6050 RT200 core=3 period=5000000ns DT=0.0050s
TS=838.103361294 loop=1        P=   0.17 R=   0.05 Y=   0.00 jitter=4018ns
TS=838.108361479 loop=2        P=   0.34 R=   0.09 Y=   0.00 jitter=4203ns
TS=838.113360275 loop=3        P=   0.50 R=   0.13 Y=   0.00 jitter=2999ns
TS=838.118359645 loop=4        P=   0.66 R=   0.17 Y=   0.01 jitter=2369ns
TS=838.123359293 loop=5        P=   0.81 R=   0.21 Y=   0.01 jitter=2017ns
TS=838.128358682 loop=6        P=   0.96 R=   0.25 Y=   0.01 jitter=1406ns
TS=838.133358718 loop=7        P=   1.11 R=   0.28 Y=   0.01 jitter=1442ns
TS=838.138358644 loop=8        P=   1.25 R=   0.32 Y=   0.01 jitter=1368ns
TS=838.143359014 loop=9        P=   1.39 R=   0.36 Y=   0.01 jitter=1738ns
TS=838.148359181 loop=10       P=   1.53 R=   0.39 Y=   0.01 jitter=1905ns
TS=838.153359217 loop=11       P=   1.67 R=   0.43 Y=   0.02 jitter=1941ns
TS=838.158358976 loop=12       P=   1.81 R=   0.46 Y=   0.02 jitter=1700ns
TS=838.163359717 loop=13       P=   1.95 R=   0.49 Y=   0.02 jitter=2441ns
TS=838.168358735 loop=14       P=   2.08 R=   0.52 Y=   0.02 jitter=1459ns
TS=838.173358809 loop=15       P=   2.22 R=   0.55 Y=   0.02 jitter=1533ns
TS=838.178360012 loop=16       P=   2.35 R=   0.58 Y=   0.02 jitter=2736ns
TS=838.183359660 loop=17       P=   2.48 R=   0.61 Y=   0.02 jitter=2384ns
TS=838.188359734 loop=18       P=   2.60 R=   0.64 Y=   0.03 jitter=2458ns
TS=838.193359067 loop=19       P=   2.72 R=   0.67 Y=   0.03 jitter=1791ns
TS=838.198359511 loop=20       P=   2.83 R=   0.70 Y=   0.03 jitter=2235ns
TS=838.203359956 loop=21       P=   2.95 R=   0.72 Y=   0.03 jitter=2680ns
TS=838.208358974 loop=22       P=   3.05 R=   0.75 Y=   0.03 jitter=1698ns
TS=838.213359011 loop=23       P=   3.17 R=   0.78 Y=   0.03 jitter=1735ns
TS=838.218359399 loop=24       P=   3.27 R=   0.81 Y=   0.04 jitter=2123ns
TS=838.223361436 loop=25       P=   3.38 R=   0.83 Y=   0.04 jitter=4160ns
TS=838.228358843 loop=26       P=   3.48 R=   0.86 Y=   0.04 jitter=1567ns
TS=838.233359084 loop=27       P=   3.57 R=   0.88 Y=   0.04 jitter=1808ns
TS=838.238358657 loop=28       P=   3.68 R=   0.90 Y=   0.04 jitter=1381ns
TS=838.243358657 loop=29       P=   3.77 R=   0.92 Y=   0.04 jitter=1381ns
TS=838.248360046 loop=30       P=   3.87 R=   0.94 Y=   0.04 jitter=2770ns
TS=838.253358657 loop=31       P=   3.96 R=   0.97 Y=   0.05 jitter=1381ns
TS=838.258358656 loop=32       P=   4.05 R=   0.99 Y=   0.05 jitter=1380ns
TS=838.263358786 loop=33       P=   4.14 R=   1.01 Y=   0.05 jitter=1510ns
TS=838.268358767 loop=34       P=   4.24 R=   1.03 Y=   0.05 jitter=1491ns
TS=838.273358674 loop=35       P=   4.33 R=   1.05 Y=   0.05 jitter=1398ns
TS=838.278358674 loop=36       P=   4.41 R=   1.07 Y=   0.05 jitter=1398ns
TS=838.283358822 loop=37       P=   4.50 R=   1.09 Y=   0.05 jitter=1546ns
TS=838.288358784 loop=38       P=   4.58 R=   1.10 Y=   0.06 jitter=1508ns
TS=838.293358655 loop=39       P=   4.66 R=   1.12 Y=   0.06 jitter=1379ns
TS=838.298358599 loop=40       P=   4.74 R=   1.14 Y=   0.06 jitter=1323ns
TS=838.303358654 loop=41       P=   4.81 R=   1.16 Y=   0.06 jitter=1378ns
TS=838.308358635 loop=42       P=   4.88 R=   1.18 Y=   0.06 jitter=1359ns
TS=838.313358598 loop=43       P=   4.95 R=   1.20 Y=   0.06 jitter=1322ns
TS=838.318358635 loop=44       P=   5.02 R=   1.22 Y=   0.06 jitter=1359ns
TS=838.323358616 loop=45       P=   5.08 R=   1.24 Y=   0.07 jitter=1340ns
TS=838.328359005 loop=46       P=   5.16 R=   1.25 Y=   0.07 jitter=1729ns
TS=838.333358986 loop=47       P=   5.23 R=   1.27 Y=   0.07 jitter=1710ns
TS=838.338358967 loop=48       P=   5.30 R=   1.28 Y=   0.07 jitter=1691ns
TS=838.343358948 loop=49       P=   5.36 R=   1.29 Y=   0.07 jitter=1672ns
TS=838.348359059 loop=50       P=   5.43 R=   1.31 Y=   0.07 jitter=1783ns
TS=838.353359040 loop=51       P=   5.49 R=   1.33 Y=   0.07 jitter=1764ns
TS=838.358359410 loop=52       P=   5.56 R=   1.34 Y=   0.08 jitter=2134ns
TS=838.363358984 loop=53       P=   5.61 R=   1.36 Y=   0.08 jitter=1708ns
TS=838.368359058 loop=54       P=   5.67 R=   1.37 Y=   0.08 jitter=1782ns
TS=838.373358965 loop=55       P=   5.73 R=   1.38 Y=   0.08 jitter=1689ns
TS=838.378358983 loop=56       P=   5.78 R=   1.40 Y=   0.08 jitter=1707ns
TS=838.383358946 loop=57       P=   5.83 R=   1.42 Y=   0.08 jitter=1670ns
TS=838.388359076 loop=58       P=   5.88 R=   1.43 Y=   0.08 jitter=1800ns
TS=838.393359038 loop=59       P=   5.93 R=   1.45 Y=   0.09 jitter=1762ns
TS=838.398358964 loop=60       P=   5.98 R=   1.47 Y=   0.09 jitter=1688ns
TS=838.403358945 loop=61       P=   6.03 R=   1.48 Y=   0.09 jitter=1669ns
TS=838.408359075 loop=62       P=   6.08 R=   1.49 Y=   0.09 jitter=1799ns
TS=838.413358926 loop=63       P=   6.14 R=   1.50 Y=   0.09 jitter=1650ns
TS=838.418359000 loop=64       P=   6.18 R=   1.52 Y=   0.09 jitter=1724ns
TS=838.423359000 loop=65       P=   6.24 R=   1.53 Y=   0.09 jitter=1724ns
TS=838.428359055 loop=66       P=   6.29 R=   1.54 Y=   0.10 jitter=1779ns
TS=838.433358962 loop=67       P=   6.34 R=   1.55 Y=   0.10 jitter=1686ns
TS=838.438358962 loop=68       P=   6.38 R=   1.55 Y=   0.10 jitter=1686ns
TS=838.443359036 loop=69       P=   6.42 R=   1.57 Y=   0.10 jitter=1760ns
TS=838.448359054 loop=70       P=   6.47 R=   1.58 Y=   0.10 jitter=1778ns
TS=838.453358961 loop=71       P=   6.51 R=   1.59 Y=   0.10 jitter=1685ns
TS=838.458359220 loop=72       P=   6.55 R=   1.60 Y=   0.10 jitter=1944ns
TS=838.463358942 loop=73       P=   6.58 R=   1.61 Y=   0.10 jitter=1666ns
TS=838.468359108 loop=74       P=   6.62 R=   1.61 Y=   0.11 jitter=1832ns
TS=838.473358979 loop=75       P=   6.65 R=   1.63 Y=   0.11 jitter=1703ns
TS=838.478358960 loop=76       P=   6.70 R=   1.64 Y=   0.11 jitter=1684ns
TS=838.483358960 loop=77       P=   6.73 R=   1.66 Y=   0.11 jitter=1684ns
TS=838.488359107 loop=78       P=   6.76 R=   1.68 Y=   0.13 jitter=1831ns
TS=838.493359237 loop=79       P=   6.77 R=   1.66 Y=   0.13 jitter=1961ns
TS=838.498359551 loop=80       P=   6.78 R=   1.67 Y=   0.14 jitter=2275ns
TS=838.503359125 loop=81       P=   6.85 R=   1.65 Y=   0.16 jitter=1849ns
TS=838.508358680 loop=82       P=   6.89 R=   1.67 Y=   0.17 jitter=1404ns
TS=838.513358736 loop=83       P=   6.94 R=   1.67 Y=   0.18 jitter=1460ns
TS=838.518358606 loop=84       P=   6.97 R=   1.67 Y=   0.19 jitter=1330ns
TS=838.523358698 loop=85       P=   6.99 R=   1.69 Y=   0.20 jitter=1422ns
TS=838.528358661 loop=86       P=   7.03 R=   1.70 Y=   0.20 jitter=1385ns
TS=838.533358661 loop=87       P=   7.06 R=   1.71 Y=   0.20 jitter=1385ns
TS=838.538358679 loop=88       P=   7.09 R=   1.72 Y=   0.20 jitter=1403ns
TS=838.543358938 loop=89       P=   7.11 R=   1.72 Y=   0.21 jitter=1662ns
TS=838.548359530 loop=90       P=   7.14 R=   1.72 Y=   0.21 jitter=2254ns
TS=838.553358660 loop=91       P=   7.19 R=   1.72 Y=   0.21 jitter=1384ns
TS=838.558358641 loop=92       P=   7.21 R=   1.74 Y=   0.23 jitter=1365ns
TS=838.563358603 loop=93       P=   7.23 R=   1.75 Y=   0.25 jitter=1327ns
TS=838.568358622 loop=94       P=   7.24 R=   1.75 Y=   0.27 jitter=1346ns
TS=838.573358621 loop=95       P=   7.27 R=   1.76 Y=   0.29 jitter=1345ns
TS=838.578358621 loop=96       P=   7.29 R=   1.77 Y=   0.30 jitter=1345ns
TS=838.583358639 loop=97       P=   7.31 R=   1.79 Y=   0.32 jitter=1363ns
TS=838.588359028 loop=98       P=   7.34 R=   1.80 Y=   0.33 jitter=1752ns
TS=838.593358935 loop=99       P=   7.36 R=   1.79 Y=   0.33 jitter=1659ns
TS=838.598359268 loop=100      P=   7.37 R=   1.78 Y=   0.34 jitter=1992ns
TS=838.603359046 loop=101      P=   7.40 R=   1.78 Y=   0.34 jitter=1770ns
TS=838.608358638 loop=102      P=   7.42 R=   1.79 Y=   0.35 jitter=1362ns
TS=838.613358638 loop=103      P=   7.44 R=   1.79 Y=   0.36 jitter=1362ns
TS=838.618358582 loop=104      P=   7.45 R=   1.80 Y=   0.37 jitter=1306ns
TS=838.623358619 loop=105      P=   7.47 R=   1.80 Y=   0.38 jitter=1343ns
TS=838.628358656 loop=106      P=   7.49 R=   1.80 Y=   0.39 jitter=1380ns
TS=838.633358618 loop=107      P=   7.50 R=   1.82 Y=   0.40 jitter=1342ns
TS=838.638358637 loop=108      P=   7.52 R=   1.83 Y=   0.41 jitter=1361ns
TS=838.643359062 loop=109      P=   7.54 R=   1.85 Y=   0.42 jitter=1786ns
TS=838.648359784 loop=110      P=   7.56 R=   1.87 Y=   0.42 jitter=2508ns
TS=838.653359340 loop=111      P=   7.57 R=   1.89 Y=   0.43 jitter=2064ns
TS=838.658359062 loop=112      P=   7.59 R=   1.92 Y=   0.43 jitter=1786ns
TS=838.663359580 loop=113      P=   7.62 R=   1.95 Y=   0.43 jitter=2304ns
TS=838.668358783 loop=114      P=   7.64 R=   1.94 Y=   0.44 jitter=1507ns
TS=838.673359468 loop=115      P=   7.65 R=   1.92 Y=   0.43 jitter=2192ns
TS=838.678359394 loop=116      P=   7.66 R=   1.89 Y=   0.43 jitter=2118ns
TS=838.683359190 loop=117      P=   7.67 R=   1.87 Y=   0.43 jitter=1914ns
TS=838.688359412 loop=118      P=   7.69 R=   1.87 Y=   0.44 jitter=2136ns
TS=838.693359486 loop=119      P=   7.71 R=   1.88 Y=   0.44 jitter=2210ns
TS=838.698359763 loop=120      P=   7.73 R=   1.89 Y=   0.44 jitter=2487ns
TS=838.703359837 loop=121      P=   7.75 R=   1.90 Y=   0.45 jitter=2561ns
TS=838.708359707 loop=122      P=   7.77 R=   1.90 Y=   0.45 jitter=2431ns
TS=838.713359411 loop=123      P=   7.78 R=   1.90 Y=   0.45 jitter=2135ns
TS=838.718358873 loop=124      P=   7.80 R=   1.90 Y=   0.46 jitter=1597ns
TS=838.723358873 loop=125      P=   7.81 R=   1.89 Y=   0.46 jitter=1597ns
TS=838.728358743 loop=126      P=   7.82 R=   1.90 Y=   0.46 jitter=1467ns
TS=838.733358724 loop=127      P=   7.83 R=   1.91 Y=   0.46 jitter=1448ns
TS=838.738359280 loop=128      P=   7.84 R=   1.91 Y=   0.47 jitter=2004ns
TS=838.743359687 loop=129      P=   7.85 R=   1.91 Y=   0.47 jitter=2411ns
TS=838.748358705 loop=130      P=   7.86 R=   1.92 Y=   0.47 jitter=1429ns
TS=838.753358686 loop=131      P=   7.87 R=   1.93 Y=   0.47 jitter=1410ns
TS=838.758358797 loop=132      P=   7.88 R=   1.93 Y=   0.48 jitter=1521ns
TS=838.763360556 loop=133      P=   7.89 R=   1.93 Y=   0.48 jitter=3280ns
TS=838.768359797 loop=134      P=   7.90 R=   1.93 Y=   0.49 jitter=2521ns
TS=838.773358593 loop=135      P=   7.91 R=   1.93 Y=   0.49 jitter=1317ns
TS=838.778359407 loop=136      P=   7.92 R=   1.94 Y=   0.49 jitter=2131ns
TS=838.783358611 loop=137      P=   7.93 R=   1.94 Y=   0.50 jitter=1335ns
TS=838.788358666 loop=138      P=   7.94 R=   1.94 Y=   0.50 jitter=1390ns
TS=838.793358629 loop=139      P=   7.94 R=   1.94 Y=   0.50 jitter=1353ns
TS=838.798359351 loop=140      P=   7.95 R=   1.94 Y=   0.50 jitter=2075ns
TS=838.803358628 loop=141      P=   7.97 R=   1.94 Y=   0.51 jitter=1352ns
TS=838.808358628 loop=142      P=   7.99 R=   1.94 Y=   0.51 jitter=1352ns
TS=838.813358628 loop=143      P=   7.99 R=   1.95 Y=   0.51 jitter=1352ns
TS=838.818358664 loop=144      P=   8.01 R=   1.95 Y=   0.51 jitter=1388ns
TS=838.823358701 loop=145      P=   8.02 R=   1.95 Y=   0.52 jitter=1425ns
TS=838.828358645 loop=146      P=   8.02 R=   1.96 Y=   0.52 jitter=1369ns
TS=838.833358608 loop=147      P=   8.03 R=   1.96 Y=   0.52 jitter=1332ns
TS=838.838358645 loop=148      P=   8.04 R=   1.96 Y=   0.53 jitter=1369ns
TS=838.843359015 loop=149      P=   8.04 R=   1.97 Y=   0.53 jitter=1739ns
TS=838.848359255 loop=150      P=   8.05 R=   1.97 Y=   0.53 jitter=1979ns
TS=838.853359014 loop=151      P=   8.07 R=   1.97 Y=   0.53 jitter=1738ns
TS=838.858359199 loop=152      P=   8.08 R=   1.97 Y=   0.53 jitter=1923ns
TS=838.863358662 loop=153      P=   8.09 R=   1.97 Y=   0.53 jitter=1386ns
TS=838.868358643 loop=154      P=   8.10 R=   1.97 Y=   0.54 jitter=1367ns
TS=838.873358624 loop=155      P=   8.10 R=   1.98 Y=   0.54 jitter=1348ns
TS=838.878359087 loop=156      P=   8.11 R=   1.98 Y=   0.54 jitter=1811ns
TS=838.883358587 loop=157      P=   8.12 R=   1.99 Y=   0.54 jitter=1311ns
TS=838.888358605 loop=158      P=   8.13 R=   1.99 Y=   0.54 jitter=1329ns
TS=838.893359031 loop=159      P=   8.14 R=   1.99 Y=   0.54 jitter=1755ns
TS=838.898359179 loop=160      P=   8.14 R=   1.99 Y=   0.54 jitter=1903ns
TS=838.903359012 loop=161      P=   8.15 R=   1.99 Y=   0.55 jitter=1736ns
TS=838.908358771 loop=162      P=   8.16 R=   1.98 Y=   0.55 jitter=1495ns
TS=838.913358937 loop=163      P=   8.17 R=   1.98 Y=   0.55 jitter=1661ns
TS=838.918358659 loop=164      P=   8.18 R=   1.98 Y=   0.55 jitter=1383ns
TS=838.923358659 loop=165      P=   8.18 R=   1.98 Y=   0.55 jitter=1383ns
TS=838.928358992 loop=166      P=   8.19 R=   1.98 Y=   0.55 jitter=1716ns
TS=838.933358658 loop=167      P=   8.20 R=   1.98 Y=   0.56 jitter=1382ns
TS=838.938358640 loop=168      P=   8.19 R=   1.99 Y=   0.56 jitter=1364ns
TS=838.943358621 loop=169      P=   8.20 R=   1.99 Y=   0.56 jitter=1345ns
TS=838.948359176 loop=170      P=   8.20 R=   1.99 Y=   0.56 jitter=1900ns
TS=838.953358694 loop=171      P=   8.20 R=   1.99 Y=   0.57 jitter=1418ns
TS=838.958358638 loop=172      P=   8.21 R=   1.99 Y=   0.57 jitter=1362ns
TS=838.963358638 loop=173      P=   8.20 R=   2.00 Y=   0.58 jitter=1362ns
TS=838.968358656 loop=174      P=   8.20 R=   1.99 Y=   0.58 jitter=1380ns
TS=838.973358601 loop=175      P=   8.22 R=   1.98 Y=   0.58 jitter=1325ns
TS=838.978358600 loop=176      P=   8.23 R=   1.98 Y=   0.59 jitter=1324ns
TS=838.983358600 loop=177      P=   8.24 R=   1.98 Y=   0.59 jitter=1324ns
TS=838.988359063 loop=178      P=   8.24 R=   1.99 Y=   0.59 jitter=1787ns
TS=838.993358637 loop=179      P=   8.25 R=   2.00 Y=   0.59 jitter=1361ns
TS=838.998359507 loop=180      P=   8.24 R=   2.00 Y=   0.60 jitter=2231ns
TS=839.003359007 loop=181      P=   8.23 R=   2.01 Y=   0.60 jitter=1731ns
TS=839.008358654 loop=182      P=   8.23 R=   2.01 Y=   0.61 jitter=1378ns
TS=839.013358636 loop=183      P=   8.23 R=   2.02 Y=   0.62 jitter=1360ns
TS=839.018358691 loop=184      P=   8.23 R=   2.02 Y=   0.63 jitter=1415ns
TS=839.023358617 loop=185      P=   8.23 R=   2.03 Y=   0.64 jitter=1341ns
TS=839.028358635 loop=186      P=   8.20 R=   2.04 Y=   0.65 jitter=1359ns
TS=839.033358616 loop=187      P=   8.17 R=   2.03 Y=   0.66 jitter=1340ns
TS=839.038358616 loop=188      P=   8.17 R=   2.01 Y=   0.67 jitter=1340ns
TS=839.043358949 loop=189      P=   8.17 R=   2.02 Y=   0.69 jitter=1673ns
TS=839.048359300 loop=190      P=   8.18 R=   2.03 Y=   0.70 jitter=2024ns
TS=839.053359022 loop=191      P=   8.20 R=   2.02 Y=   0.71 jitter=1746ns
TS=839.058358596 loop=192      P=   8.20 R=   2.02 Y=   0.72 jitter=1320ns
TS=839.063359207 loop=193      P=   8.21 R=   2.04 Y=   0.73 jitter=1931ns
TS=839.068359077 loop=194      P=   8.18 R=   2.05 Y=   0.73 jitter=1801ns
TS=839.073359762 loop=195      P=   8.24 R=   2.02 Y=   0.74 jitter=2486ns
TS=839.078358947 loop=196      P=   8.31 R=   2.00 Y=   0.75 jitter=1671ns
TS=839.083358576 loop=197      P=   8.31 R=   2.00 Y=   0.76 jitter=1300ns
TS=839.088358668 loop=198      P=   8.29 R=   2.01 Y=   0.76 jitter=1392ns
TS=839.093359039 loop=199      P=   8.26 R=   2.01 Y=   0.76 jitter=1763ns
TS=839.098359242 loop=200      P=   8.24 R=   2.00 Y=   0.77 jitter=1966ns
TS=839.103358668 loop=201      P=   8.19 R=   1.97 Y=   0.77 jitter=1392ns
TS=839.108358630 loop=202      P=   8.18 R=   1.96 Y=   0.79 jitter=1354ns
TS=839.113358611 loop=203      P=   8.23 R=   1.97 Y=   0.80 jitter=1335ns
TS=839.118358611 loop=204      P=   8.27 R=   2.00 Y=   0.82 jitter=1335ns
TS=839.123358611 loop=205      P=   8.31 R=   2.02 Y=   0.83 jitter=1335ns
TS=839.128359092 loop=206      P=   8.32 R=   2.03 Y=   0.83 jitter=1816ns
TS=839.133358610 loop=207      P=   8.32 R=   2.04 Y=   0.83 jitter=1334ns
TS=839.138358591 loop=208      P=   8.31 R=   2.05 Y=   0.84 jitter=1315ns
TS=839.143358591 loop=209      P=   8.31 R=   2.05 Y=   0.84 jitter=1315ns
TS=839.148358795 loop=210      P=   8.31 R=   2.05 Y=   0.84 jitter=1519ns
TS=839.153359072 loop=211      P=   8.31 R=   2.04 Y=   0.85 jitter=1796ns
TS=839.158358812 loop=212      P=   8.32 R=   2.03 Y=   0.85 jitter=1536ns
TS=839.163359553 loop=213      P=   8.35 R=   2.00 Y=   0.86 jitter=2277ns
TS=839.168359145 loop=214      P=   8.36 R=   2.03 Y=   0.87 jitter=1869ns
TS=839.173358775 loop=215      P=   8.33 R=   2.03 Y=   0.87 jitter=1499ns
TS=839.178358867 loop=216      P=   8.31 R=   2.02 Y=   0.88 jitter=1591ns
TS=839.183358922 loop=217      P=   8.31 R=   2.03 Y=   0.89 jitter=1646ns
TS=839.188358811 loop=218      P=   8.36 R=   2.00 Y=   0.90 jitter=1535ns
TS=839.193358699 loop=219      P=   8.38 R=   1.99 Y=   0.91 jitter=1423ns
TS=839.198358847 loop=220      P=   8.37 R=   1.98 Y=   0.91 jitter=1571ns
TS=839.203359921 loop=221      P=   8.38 R=   1.93 Y=   0.91 jitter=2645ns
TS=839.208358939 loop=222      P=   8.36 R=   1.88 Y=   0.91 jitter=1663ns
TS=839.213359439 loop=223      P=   8.35 R=   1.87 Y=   0.92 jitter=2163ns
TS=839.218359179 loop=224      P=   8.36 R=   1.84 Y=   0.94 jitter=1903ns
TS=839.223359401 loop=225      P=   8.41 R=   1.81 Y=   0.95 jitter=2125ns
TS=839.228358734 loop=226      P=   8.45 R=   1.79 Y=   0.97 jitter=1458ns
TS=839.233359141 loop=227      P=   8.47 R=   1.80 Y=   0.99 jitter=1865ns
TS=839.238358826 loop=228      P=   8.49 R=   1.79 Y=   1.00 jitter=1550ns
TS=839.243358937 loop=229      P=   8.46 R=   1.83 Y=   1.01 jitter=1661ns
TS=839.248358770 loop=230      P=   8.44 R=   1.86 Y=   1.03 jitter=1494ns
TS=839.253359807 loop=231      P=   8.46 R=   1.90 Y=   1.03 jitter=2531ns
TS=839.258358640 loop=232      P=   8.50 R=   1.92 Y=   1.02 jitter=1364ns
TS=839.263358954 loop=233      P=   8.50 R=   1.94 Y=   1.01 jitter=1678ns
TS=839.268359084 loop=234      P=   8.48 R=   1.92 Y=   0.98 jitter=1808ns
TS=839.273358620 loop=235      P=   8.49 R=   1.88 Y=   0.96 jitter=1344ns
TS=839.278358620 loop=236      P=   8.47 R=   1.83 Y=   0.93 jitter=1344ns
TS=839.283358620 loop=237      P=   8.41 R=   1.77 Y=   0.91 jitter=1344ns
TS=839.288358638 loop=238      P=   8.39 R=   1.70 Y=   0.89 jitter=1362ns
TS=839.293359064 loop=239      P=   8.39 R=   1.59 Y=   0.87 jitter=1788ns
TS=839.298358952 loop=240      P=   8.38 R=   1.50 Y=   0.87 jitter=1676ns
TS=839.303358600 loop=241      P=   8.33 R=   1.40 Y=   0.87 jitter=1324ns
TS=839.308358637 loop=242      P=   8.25 R=   1.34 Y=   0.87 jitter=1361ns
TS=839.313358655 loop=243      P=   8.21 R=   1.30 Y=   0.88 jitter=1379ns
TS=839.318358636 loop=244      P=   8.17 R=   1.27 Y=   0.89 jitter=1360ns
TS=839.323358969 loop=245      P=   8.14 R=   1.25 Y=   0.91 jitter=1693ns
TS=839.328358636 loop=246      P=   8.09 R=   1.27 Y=   0.91 jitter=1360ns
TS=839.333358617 loop=247      P=   8.04 R=   1.28 Y=   0.91 jitter=1341ns
TS=839.338358598 loop=248      P=   7.94 R=   1.31 Y=   0.90 jitter=1322ns
TS=839.343359042 loop=249      P=   7.88 R=   1.32 Y=   0.88 jitter=1766ns
TS=839.348359209 loop=250      P=   7.81 R=   1.39 Y=   0.86 jitter=1933ns
TS=839.353359245 loop=251      P=   7.75 R=   1.41 Y=   0.83 jitter=1969ns
TS=839.358358764 loop=252      P=   7.72 R=   1.36 Y=   0.79 jitter=1488ns
TS=839.363358930 loop=253      P=   7.64 R=   1.30 Y=   0.75 jitter=1654ns
TS=839.368358670 loop=254      P=   7.58 R=   1.21 Y=   0.71 jitter=1394ns
TS=839.373358966 loop=255      P=   7.52 R=   1.13 Y=   0.68 jitter=1690ns
TS=839.378358596 loop=256      P=   7.42 R=   1.06 Y=   0.66 jitter=1320ns
TS=839.383358595 loop=257      P=   7.34 R=   0.99 Y=   0.64 jitter=1319ns
TS=839.388358632 loop=258      P=   7.24 R=   0.93 Y=   0.63 jitter=1356ns
TS=839.393358613 loop=259      P=   7.16 R=   0.86 Y=   0.60 jitter=1337ns
TS=839.398359446 loop=260      P=   7.09 R=   0.78 Y=   0.57 jitter=2170ns
TS=839.403358946 loop=261      P=   7.00 R=   0.70 Y=   0.54 jitter=1670ns
TS=839.408358761 loop=262      P=   6.90 R=   0.60 Y=   0.50 jitter=1485ns
TS=839.413358983 loop=263      P=   6.73 R=   0.55 Y=   0.45 jitter=1707ns
TS=839.418358630 loop=264      P=   6.63 R=   0.40 Y=   0.38 jitter=1354ns
TS=839.423358612 loop=265      P=   6.53 R=   0.25 Y=   0.31 jitter=1336ns
TS=839.428358648 loop=266      P=   6.43 R=   0.12 Y=   0.23 jitter=1372ns
TS=839.433358630 loop=267      P=   6.37 R=  -0.05 Y=   0.15 jitter=1354ns
TS=839.438358555 loop=268      P=   6.35 R=  -0.28 Y=   0.07 jitter=1279ns
TS=839.443358962 loop=269      P=   6.33 R=  -0.53 Y=   0.00 jitter=1686ns
TS=839.448359610 loop=270      P=   6.27 R=  -0.81 Y=  -0.05 jitter=2334ns
TS=839.453358684 loop=271      P=   6.19 R=  -1.07 Y=  -0.10 jitter=1408ns
TS=839.458358665 loop=272      P=   6.12 R=  -1.34 Y=  -0.14 jitter=1389ns
TS=839.463358591 loop=273      P=   6.06 R=  -1.61 Y=  -0.17 jitter=1315ns
TS=839.468358702 loop=274      P=   6.00 R=  -1.87 Y=  -0.19 jitter=1426ns
TS=839.473359053 loop=275      P=   5.95 R=  -2.15 Y=  -0.20 jitter=1777ns
TS=839.478358794 loop=276      P=   5.92 R=  -2.45 Y=  -0.19 jitter=1518ns
TS=839.483358812 loop=277      P=   5.89 R=  -2.75 Y=  -0.18 jitter=1536ns
TS=839.488359219 loop=278      P=   5.84 R=  -2.97 Y=  -0.15 jitter=1943ns
TS=839.493359367 loop=279      P=   5.75 R=  -3.09 Y=  -0.09 jitter=2091ns
TS=839.498359478 loop=280      P=   5.64 R=  -3.11 Y=  -0.02 jitter=2202ns
TS=839.503359385 loop=281      P=   5.57 R=  -3.09 Y=   0.06 jitter=2109ns
TS=839.508359255 loop=282      P=   5.54 R=  -3.06 Y=   0.14 jitter=1979ns
TS=839.513358847 loop=283      P=   5.54 R=  -3.01 Y=   0.21 jitter=1571ns
TS=839.518358976 loop=284      P=   5.60 R=  -2.97 Y=   0.28 jitter=1700ns
TS=839.523358791 loop=285      P=   5.71 R=  -2.93 Y=   0.35 jitter=1515ns
TS=839.528358957 loop=286      P=   5.87 R=  -2.93 Y=   0.42 jitter=1681ns
TS=839.533358735 loop=287      P=   6.03 R=  -2.96 Y=   0.49 jitter=1459ns
TS=839.538359216 loop=288      P=   6.16 R=  -3.04 Y=   0.57 jitter=1940ns
TS=839.543358586 loop=289      P=   6.28 R=  -3.11 Y=   0.66 jitter=1310ns
TS=839.548359382 loop=290      P=   6.38 R=  -3.12 Y=   0.76 jitter=2106ns
TS=839.553359160 loop=291      P=   6.44 R=  -3.01 Y=   0.87 jitter=1884ns
TS=839.558359233 loop=292      P=   6.46 R=  -2.79 Y=   0.97 jitter=1957ns
TS=839.563359196 loop=293      P=   6.47 R=  -2.51 Y=   1.07 jitter=1920ns
TS=839.568358973 loop=294      P=   6.45 R=  -2.20 Y=   1.14 jitter=1697ns
TS=839.573358677 loop=295      P=   6.37 R=  -1.90 Y=   1.19 jitter=1401ns
TS=839.578358788 loop=296      P=   6.24 R=  -1.67 Y=   1.20 jitter=1512ns
TS=839.583359028 loop=297      P=   6.06 R=  -1.53 Y=   1.18 jitter=1752ns
TS=839.588359324 loop=298      P=   5.86 R=  -1.46 Y=   1.13 jitter=2048ns
TS=839.593358787 loop=299      P=   5.69 R=  -1.47 Y=   1.07 jitter=1511ns
TS=839.598359231 loop=300      P=   5.55 R=  -1.52 Y=   1.01 jitter=1955ns
TS=839.603359138 loop=301      P=   5.43 R=  -1.59 Y=   0.95 jitter=1862ns
TS=839.608358823 loop=302      P=   5.30 R=  -1.67 Y=   0.90 jitter=1547ns
TS=839.613358749 loop=303      P=   5.16 R=  -1.70 Y=   0.85 jitter=1473ns
TS=839.618358693 loop=304      P=   5.00 R=  -1.66 Y=   0.81 jitter=1417ns
TS=839.623358785 loop=305      P=   4.84 R=  -1.57 Y=   0.77 jitter=1509ns
TS=839.628358822 loop=306      P=   4.70 R=  -1.46 Y=   0.73 jitter=1546ns
TS=839.633358692 loop=307      P=   4.75 R=  -1.19 Y=   0.68 jitter=1416ns
TS=839.638358877 loop=308      P=   4.88 R=  -1.08 Y=   0.63 jitter=1601ns
TS=839.643359191 loop=309      P=   4.96 R=  -1.21 Y=   0.57 jitter=1915ns
TS=839.648359284 loop=310      P=   4.89 R=  -1.53 Y=   0.51 jitter=2008ns
TS=839.653359357 loop=311      P=   4.75 R=  -1.94 Y=   0.45 jitter=2081ns
TS=839.658359542 loop=312      P=   4.64 R=  -2.38 Y=   0.41 jitter=2266ns
TS=839.663359153 loop=313      P=   4.54 R=  -2.83 Y=   0.38 jitter=1877ns
TS=839.668359764 loop=314      P=   4.46 R=  -3.26 Y=   0.38 jitter=2488ns
TS=839.673358838 loop=315      P=   4.40 R=  -3.70 Y=   0.40 jitter=1562ns
TS=839.678358856 loop=316      P=   4.28 R=  -4.16 Y=   0.44 jitter=1580ns
TS=839.683358837 loop=317      P=   4.10 R=  -4.56 Y=   0.50 jitter=1561ns
TS=839.688358596 loop=318      P=   3.90 R=  -4.97 Y=   0.57 jitter=1320ns
TS=839.693358799 loop=319      P=   3.63 R=  -5.33 Y=   0.64 jitter=1523ns
TS=839.698358873 loop=320      P=   3.35 R=  -5.64 Y=   0.70 jitter=1597ns
TS=839.703358577 loop=321      P=   3.05 R=  -5.89 Y=   0.76 jitter=1301ns
TS=839.708359798 loop=322      P=   2.69 R=  -6.08 Y=   0.81 jitter=2522ns
TS=839.713358909 loop=323      P=   2.36 R=  -6.22 Y=   0.85 jitter=1633ns
TS=839.718359131 loop=324      P=   2.08 R=  -6.29 Y=   0.88 jitter=1855ns
TS=839.723358890 loop=325      P=   1.85 R=  -6.34 Y=   0.90 jitter=1614ns
TS=839.728359297 loop=326      P=   1.58 R=  -6.38 Y=   0.90 jitter=2021ns
TS=839.733359204 loop=327      P=   1.31 R=  -6.46 Y=   0.91 jitter=1928ns
TS=839.738359278 loop=328      P=   1.05 R=  -6.54 Y=   0.93 jitter=2002ns
TS=839.743359611 loop=329      P=   0.83 R=  -6.57 Y=   0.95 jitter=2335ns
TS=839.748359241 loop=330      P=   0.64 R=  -6.55 Y=   0.98 jitter=1965ns
TS=839.753359296 loop=331      P=   0.51 R=  -6.53 Y=   0.99 jitter=2020ns
TS=839.758359296 loop=332      P=   0.42 R=  -6.50 Y=   1.00 jitter=2020ns
TS=839.763359536 loop=333      P=   0.36 R=  -6.47 Y=   1.01 jitter=2260ns
TS=839.768358999 loop=334      P=   0.31 R=  -6.45 Y=   1.02 jitter=1723ns
TS=839.773358702 loop=335      P=   0.27 R=  -6.43 Y=   1.03 jitter=1426ns
TS=839.778358794 loop=336      P=   0.26 R=  -6.36 Y=   1.06 jitter=1518ns
TS=839.783359368 loop=337      P=   0.28 R=  -6.26 Y=   1.08 jitter=2092ns
TS=839.788358757 loop=338      P=   0.30 R=  -6.11 Y=   1.11 jitter=1481ns
TS=839.793359831 loop=339      P=   0.33 R=  -5.97 Y=   1.14 jitter=2555ns
TS=839.798358941 loop=340      P=   0.36 R=  -5.85 Y=   1.17 jitter=1665ns
TS=839.803358774 loop=341      P=   0.33 R=  -5.74 Y=   1.19 jitter=1498ns
TS=839.808358941 loop=342      P=   0.24 R=  -5.67 Y=   1.22 jitter=1665ns
TS=839.813360126 loop=343      P=   0.14 R=  -5.61 Y=   1.27 jitter=2850ns
TS=839.818358699 loop=344      P=  -0.01 R=  -5.49 Y=   1.34 jitter=1423ns
TS=839.823358773 loop=345      P=  -0.18 R=  -5.35 Y=   1.40 jitter=1497ns
TS=839.828358625 loop=346      P=  -0.41 R=  -5.22 Y=   1.47 jitter=1349ns
TS=839.833360995 loop=347      P=  -0.66 R=  -5.10 Y=   1.54 jitter=3719ns
TS=839.838358624 loop=348      P=  -0.95 R=  -5.00 Y=   1.60 jitter=1348ns
TS=839.843358865 loop=349      P=  -1.19 R=  -4.95 Y=   1.65 jitter=1589ns
TS=839.848358698 loop=350      P=  -1.40 R=  -4.91 Y=   1.68 jitter=1422ns
TS=839.853358938 loop=351      P=  -1.58 R=  -4.88 Y=   1.72 jitter=1662ns
TS=839.858359197 loop=352      P=  -1.73 R=  -4.85 Y=   1.76 jitter=1921ns
TS=839.863359975 loop=353      P=  -1.81 R=  -4.84 Y=   1.80 jitter=2699ns
TS=839.868359326 loop=354      P=  -1.88 R=  -4.85 Y=   1.84 jitter=2050ns
TS=839.873358678 loop=355      P=  -1.94 R=  -4.87 Y=   1.88 jitter=1402ns
TS=839.878358751 loop=356      P=  -2.01 R=  -4.87 Y=   1.91 jitter=1475ns
TS=839.883358881 loop=357      P=  -2.08 R=  -4.84 Y=   1.95 jitter=1605ns
TS=839.888358640 loop=358      P=  -2.16 R=  -4.79 Y=   1.98 jitter=1364ns
TS=839.893358639 loop=359      P=  -2.22 R=  -4.72 Y=   2.01 jitter=1363ns
TS=839.898358621 loop=360      P=  -2.28 R=  -4.64 Y=   2.04 jitter=1345ns
TS=839.903358657 loop=361      P=  -2.33 R=  -4.55 Y=   2.06 jitter=1381ns
TS=839.908358676 loop=362      P=  -2.34 R=  -4.47 Y=   2.07 jitter=1400ns
TS=839.913358712 loop=363      P=  -2.32 R=  -4.39 Y=   2.07 jitter=1436ns
TS=839.918358582 loop=364      P=  -2.26 R=  -4.32 Y=   2.06 jitter=1306ns
TS=839.923358601 loop=365      P=  -2.16 R=  -4.29 Y=   2.04 jitter=1325ns
TS=839.928358637 loop=366      P=  -2.04 R=  -4.34 Y=   2.01 jitter=1361ns
TS=839.933358730 loop=367      P=  -1.92 R=  -4.43 Y=   1.98 jitter=1454ns
TS=839.938359192 loop=368      P=  -1.81 R=  -4.57 Y=   1.95 jitter=1916ns
TS=839.943359007 loop=369      P=  -1.70 R=  -4.75 Y=   1.92 jitter=1731ns
TS=839.948358618 loop=370      P=  -1.63 R=  -4.96 Y=   1.90 jitter=1342ns
TS=839.953359043 loop=371      P=  -1.60 R=  -5.18 Y=   1.88 jitter=1767ns
TS=839.958358636 loop=372      P=  -1.55 R=  -5.43 Y=   1.85 jitter=1360ns
TS=839.963358617 loop=373      P=  -1.55 R=  -5.67 Y=   1.82 jitter=1341ns
TS=839.968358635 loop=374      P=  -1.57 R=  -5.92 Y=   1.80 jitter=1359ns
TS=839.973358598 loop=375      P=  -1.58 R=  -6.20 Y=   1.78 jitter=1322ns
TS=839.978358616 loop=376      P=  -1.55 R=  -6.50 Y=   1.78 jitter=1340ns
TS=839.983359042 loop=377      P=  -1.50 R=  -6.74 Y=   1.79 jitter=1766ns
TS=839.988358634 loop=378      P=  -1.43 R=  -6.97 Y=   1.82 jitter=1358ns
TS=839.993358615 loop=379      P=  -1.36 R=  -7.16 Y=   1.85 jitter=1339ns
TS=839.998359763 loop=380      P=  -1.28 R=  -7.26 Y=   1.89 jitter=2487ns
TS=840.003359003 loop=381      P=  -1.18 R=  -7.30 Y=   1.92 jitter=1727ns
TS=840.008358651 loop=382      P=  -1.09 R=  -7.29 Y=   1.96 jitter=1375ns
TS=840.013358595 loop=383      P=  -1.03 R=  -7.18 Y=   1.98 jitter=1319ns
TS=840.018358614 loop=384      P=  -0.98 R=  -7.03 Y=   2.01 jitter=1338ns
TS=840.023359021 loop=385      P=  -0.92 R=  -6.87 Y=   2.03 jitter=1745ns
TS=840.028358706 loop=386      P=  -0.87 R=  -6.69 Y=   2.05 jitter=1430ns
TS=840.033358724 loop=387      P=  -0.86 R=  -6.48 Y=   2.09 jitter=1448ns
TS=840.038358594 loop=388      P=  -0.86 R=  -6.25 Y=   2.13 jitter=1318ns
TS=840.043359038 loop=389      P=  -0.86 R=  -5.95 Y=   2.19 jitter=1762ns
TS=840.048358723 loop=390      P=  -0.83 R=  -5.61 Y=   2.25 jitter=1447ns
TS=840.053358611 loop=391      P=  -0.78 R=  -5.28 Y=   2.32 jitter=1335ns
TS=840.058358667 loop=392      P=  -0.73 R=  -4.98 Y=   2.37 jitter=1391ns
TS=840.063358611 loop=393      P=  -0.73 R=  -4.76 Y=   2.42 jitter=1335ns
TS=840.068358647 loop=394      P=  -0.76 R=  -4.57 Y=   2.46 jitter=1371ns
TS=840.073358592 loop=395      P=  -0.80 R=  -4.38 Y=   2.50 jitter=1316ns
TS=840.078358591 loop=396      P=  -0.76 R=  -4.21 Y=   2.53 jitter=1315ns
TS=840.083358591 loop=397      P=  -0.68 R=  -4.01 Y=   2.57 jitter=1315ns
TS=840.088358979 loop=398      P=  -0.54 R=  -3.79 Y=   2.60 jitter=1703ns
TS=840.093358979 loop=399      P=  -0.33 R=  -3.55 Y=   2.63 jitter=1703ns
TS=840.098359664 loop=400      P=  -0.11 R=  -3.30 Y=   2.66 jitter=2388ns
TS=840.103359460 loop=401      P=   0.12 R=  -3.04 Y=   2.67 jitter=2184ns
TS=840.108358923 loop=402      P=   0.31 R=  -2.79 Y=   2.68 jitter=1647ns
TS=840.113359200 loop=403      P=   0.47 R=  -2.50 Y=   2.69 jitter=1924ns
TS=840.118358700 loop=404      P=   0.63 R=  -2.25 Y=   2.68 jitter=1424ns
TS=840.123358644 loop=405      P=   0.81 R=  -2.01 Y=   2.66 jitter=1368ns
TS=840.128358643 loop=406      P=   1.01 R=  -1.78 Y=   2.64 jitter=1367ns
TS=840.133359384 loop=407      P=   1.18 R=  -1.54 Y=   2.62 jitter=2108ns
TS=840.138358624 loop=408      P=   1.30 R=  -1.32 Y=   2.59 jitter=1348ns
TS=840.143358643 loop=409      P=   1.41 R=  -1.09 Y=   2.57 jitter=1367ns
TS=840.148358735 loop=410      P=   1.53 R=  -0.85 Y=   2.56 jitter=1459ns
TS=840.153358660 loop=411      P=   1.65 R=  -0.58 Y=   2.55 jitter=1384ns
TS=840.158358716 loop=412      P=   1.76 R=  -0.31 Y=   2.55 jitter=1440ns
TS=840.163358734 loop=413      P=   1.84 R=  -0.04 Y=   2.57 jitter=1458ns
TS=840.168358900 loop=414      P=   1.94 R=   0.21 Y=   2.60 jitter=1624ns
TS=840.173358696 loop=415      P=   2.01 R=   0.47 Y=   2.65 jitter=1420ns
TS=840.178358696 loop=416      P=   2.01 R=   0.72 Y=   2.70 jitter=1420ns
TS=840.183358732 loop=417      P=   1.99 R=   0.93 Y=   2.73 jitter=1456ns
TS=840.188358732 loop=418      P=   1.99 R=   1.15 Y=   2.77 jitter=1456ns
TS=840.193359417 loop=419      P=   2.02 R=   1.35 Y=   2.80 jitter=2141ns
TS=840.198359194 loop=420      P=   2.04 R=   1.52 Y=   2.82 jitter=1918ns
TS=840.203359324 loop=421      P=   2.07 R=   1.67 Y=   2.84 jitter=2048ns
TS=840.208358823 loop=422      P=   2.15 R=   1.78 Y=   2.86 jitter=1547ns
TS=840.213358860 loop=423      P=   2.28 R=   1.88 Y=   2.87 jitter=1584ns
TS=840.218358693 loop=424      P=   2.47 R=   1.88 Y=   2.87 jitter=1417ns
TS=840.223358952 loop=425      P=   2.61 R=   1.79 Y=   2.86 jitter=1676ns
TS=840.228359155 loop=426      P=   2.68 R=   1.51 Y=   2.86 jitter=1879ns
TS=840.233358822 loop=427      P=   2.82 R=   1.21 Y=   2.86 jitter=1546ns
TS=840.238358766 loop=428      P=   2.99 R=   0.83 Y=   2.87 jitter=1490ns
TS=840.243358858 loop=429      P=   3.18 R=   0.37 Y=   2.89 jitter=1582ns
TS=840.248359117 loop=430      P=   3.37 R=  -0.04 Y=   2.92 jitter=1841ns
TS=840.253358950 loop=431      P=   3.49 R=  -0.50 Y=   2.94 jitter=1674ns
TS=840.258358765 loop=432      P=   3.48 R=  -1.02 Y=   2.95 jitter=1489ns
TS=840.263358616 loop=433      P=   3.39 R=  -1.68 Y=   2.96 jitter=1340ns
TS=840.268358634 loop=434      P=   3.27 R=  -2.45 Y=   2.97 jitter=1358ns
TS=840.273358615 loop=435      P=   3.09 R=  -3.19 Y=   2.99 jitter=1339ns
TS=840.278358615 loop=436      P=   2.87 R=  -3.85 Y=   3.00 jitter=1339ns
TS=840.283359300 loop=437      P=   2.56 R=  -4.49 Y=   3.02 jitter=2024ns
TS=840.288358726 loop=438      P=   2.26 R=  -5.18 Y=   3.02 jitter=1450ns
TS=840.293358614 loop=439      P=   1.88 R=  -5.89 Y=   3.02 jitter=1338ns
TS=840.298360392 loop=440      P=   1.50 R=  -6.54 Y=   3.03 jitter=3116ns
TS=840.303359021 loop=441      P=   1.09 R=  -7.04 Y=   3.04 jitter=1745ns
TS=840.308358613 loop=442      P=   0.73 R=  -7.49 Y=   3.05 jitter=1337ns
TS=840.313358576 loop=443      P=   0.40 R=  -7.91 Y=   3.06 jitter=1300ns
TS=840.318358594 loop=444      P=   0.05 R=  -8.23 Y=   3.07 jitter=1318ns
TS=840.323358612 loop=445      P=  -0.30 R=  -8.43 Y=   3.09 jitter=1336ns
TS=840.328358649 loop=446      P=  -0.64 R=  -8.50 Y=   3.10 jitter=1373ns
TS=840.333358611 loop=447      P=  -0.96 R=  -8.42 Y=   3.12 jitter=1335ns
TS=840.338358593 loop=448      P=  -1.23 R=  -8.20 Y=   3.14 jitter=1317ns
TS=840.343358963 loop=449      P=  -1.48 R=  -7.84 Y=   3.16 jitter=1687ns
TS=840.348359888 loop=450      P=  -1.71 R=  -7.39 Y=   3.18 jitter=2612ns
TS=840.353358573 loop=451      P=  -1.89 R=  -6.96 Y=   3.20 jitter=1297ns
TS=840.358358591 loop=452      P=  -2.02 R=  -6.57 Y=   3.21 jitter=1315ns
TS=840.363358739 loop=453      P=  -2.15 R=  -6.25 Y=   3.21 jitter=1463ns
TS=840.368358794 loop=454      P=  -2.27 R=  -6.02 Y=   3.20 jitter=1518ns
TS=840.373358627 loop=455      P=  -2.40 R=  -5.83 Y=   3.20 jitter=1351ns
TS=840.378358608 loop=456      P=  -2.53 R=  -5.62 Y=   3.19 jitter=1332ns
TS=840.383358645 loop=457      P=  -2.65 R=  -5.37 Y=   3.18 jitter=1369ns
TS=840.388358645 loop=458      P=  -2.75 R=  -5.08 Y=   3.17 jitter=1369ns
TS=840.393358626 loop=459      P=  -2.85 R=  -4.76 Y=   3.16 jitter=1350ns
TS=840.398359348 loop=460      P=  -2.90 R=  -4.45 Y=   3.15 jitter=2072ns
TS=840.403359033 loop=461      P=  -2.92 R=  -4.11 Y=   3.13 jitter=1757ns
TS=840.408358644 loop=462      P=  -2.92 R=  -3.78 Y=   3.12 jitter=1368ns
TS=840.413358606 loop=463      P=  -2.94 R=  -3.50 Y=   3.10 jitter=1330ns
TS=840.418358680 loop=464      P=  -2.98 R=  -3.27 Y=   3.09 jitter=1404ns
TS=840.423358809 loop=465      P=  -3.03 R=  -3.06 Y=   3.06 jitter=1533ns
TS=840.428358735 loop=466      P=  -3.07 R=  -2.85 Y=   3.04 jitter=1459ns
TS=840.433358623 loop=467      P=  -3.11 R=  -2.63 Y=   3.03 jitter=1347ns
TS=840.438358586 loop=468      P=  -3.15 R=  -2.41 Y=   3.01 jitter=1310ns
TS=840.443359067 loop=469      P=  -3.22 R=  -2.20 Y=   3.01 jitter=1791ns
TS=840.448359400 loop=470      P=  -3.32 R=  -1.99 Y=   3.02 jitter=2124ns
TS=840.453358622 loop=471      P=  -3.45 R=  -1.79 Y=   3.03 jitter=1346ns
TS=840.458358585 loop=472      P=  -3.54 R=  -1.63 Y=   3.05 jitter=1309ns
TS=840.463358732 loop=473      P=  -3.58 R=  -1.45 Y=   3.08 jitter=1456ns
TS=840.468358640 loop=474      P=  -3.61 R=  -1.25 Y=   3.12 jitter=1364ns
TS=840.473358602 loop=475      P=  -3.64 R=  -1.09 Y=   3.15 jitter=1326ns
TS=840.478358602 loop=476      P=  -3.70 R=  -0.94 Y=   3.20 jitter=1326ns
TS=840.483358602 loop=477      P=  -3.74 R=  -0.78 Y=   3.23 jitter=1326ns
TS=840.488358972 loop=478      P=  -3.78 R=  -0.61 Y=   3.26 jitter=1696ns
TS=840.493358934 loop=479      P=  -3.80 R=  -0.41 Y=   3.29 jitter=1658ns
TS=840.498359360 loop=480      P=  -3.82 R=  -0.21 Y=   3.31 jitter=2084ns
TS=840.503359008 loop=481      P=  -3.84 R=  -0.02 Y=   3.33 jitter=1732ns
TS=840.508358637 loop=482      P=  -3.88 R=   0.12 Y=   3.35 jitter=1361ns
TS=840.513359470 loop=483      P=  -3.94 R=   0.23 Y=   3.37 jitter=2194ns
TS=840.518358618 loop=484      P=  -4.00 R=   0.32 Y=   3.40 jitter=1342ns
TS=840.523358673 loop=485      P=  -4.06 R=   0.42 Y=   3.44 jitter=1397ns
TS=840.528359024 loop=486      P=  -4.11 R=   0.56 Y=   3.50 jitter=1748ns
TS=840.533358654 loop=487      P=  -4.18 R=   0.70 Y=   3.56 jitter=1378ns
TS=840.538358598 loop=488      P=  -4.26 R=   0.88 Y=   3.62 jitter=1322ns
TS=840.543358931 loop=489      P=  -4.32 R=   1.06 Y=   3.67 jitter=1655ns
TS=840.548359782 loop=490      P=  -4.30 R=   1.28 Y=   3.73 jitter=2506ns
TS=840.553358671 loop=491      P=  -4.19 R=   1.57 Y=   3.78 jitter=1395ns
TS=840.558358615 loop=492      P=  -4.04 R=   1.86 Y=   3.83 jitter=1339ns
TS=840.563358578 loop=493      P=  -3.91 R=   2.15 Y=   3.87 jitter=1302ns
TS=840.568358633 loop=494      P=  -3.78 R=   2.33 Y=   3.89 jitter=1357ns
TS=840.573359022 loop=495      P=  -3.68 R=   2.48 Y=   3.91 jitter=1746ns
TS=840.578358614 loop=496      P=  -3.56 R=   2.62 Y=   3.93 jitter=1338ns
TS=840.583358595 loop=497      P=  -3.47 R=   2.75 Y=   3.95 jitter=1319ns
TS=840.588358946 loop=498      P=  -3.40 R=   2.87 Y=   3.98 jitter=1670ns
TS=840.593359002 loop=499      P=  -3.34 R=   3.01 Y=   4.01 jitter=1726ns
TS=840.598360075 loop=500      P=  -3.29 R=   3.12 Y=   4.04 jitter=2799ns
TS=840.603359038 loop=501      P=  -3.25 R=   3.24 Y=   4.06 jitter=1762ns
TS=840.608358649 loop=502      P=  -3.20 R=   3.34 Y=   4.09 jitter=1373ns
TS=840.613359297 loop=503      P=  -3.14 R=   3.46 Y=   4.13 jitter=2021ns
TS=840.618358685 loop=504      P=  -3.06 R=   3.61 Y=   4.16 jitter=1409ns
TS=840.623358629 loop=505      P=  -2.94 R=   3.75 Y=   4.19 jitter=1353ns
TS=840.628358629 loop=506      P=  -2.81 R=   3.89 Y=   4.23 jitter=1353ns
TS=840.633358629 loop=507      P=  -2.66 R=   4.02 Y=   4.27 jitter=1353ns
TS=840.638358999 loop=508      P=  -2.51 R=   4.13 Y=   4.32 jitter=1723ns
TS=840.643358943 loop=509      P=  -2.37 R=   4.25 Y=   4.38 jitter=1667ns
TS=840.648358998 loop=510      P=  -2.21 R=   4.40 Y=   4.46 jitter=1722ns
TS=840.653358775 loop=511      P=  -2.03 R=   4.53 Y=   4.56 jitter=1499ns
TS=840.658358905 loop=512      P=  -1.84 R=   4.62 Y=   4.67 jitter=1629ns
TS=840.663358941 loop=513      P=  -1.70 R=   4.71 Y=   4.80 jitter=1665ns
TS=840.668358997 loop=514      P=  -1.64 R=   4.78 Y=   4.94 jitter=1721ns
TS=840.673358774 loop=515      P=  -1.66 R=   4.90 Y=   5.08 jitter=1498ns
TS=840.678358829 loop=516      P=  -1.70 R=   4.99 Y=   5.20 jitter=1553ns
TS=840.683359181 loop=517      P=  -1.75 R=   5.07 Y=   5.30 jitter=1905ns
TS=840.688359718 loop=518      P=  -1.76 R=   5.16 Y=   5.39 jitter=2442ns
TS=840.693358828 loop=519      P=  -1.77 R=   5.21 Y=   5.47 jitter=1552ns
TS=840.698358698 loop=520      P=  -1.79 R=   5.21 Y=   5.53 jitter=1422ns
TS=840.703359309 loop=521      P=  -1.82 R=   5.18 Y=   5.59 jitter=2033ns
TS=840.708358698 loop=522      P=  -1.85 R=   5.17 Y=   5.65 jitter=1422ns
TS=840.713359679 loop=523      P=  -1.88 R=   5.16 Y=   5.72 jitter=2403ns
TS=840.718358864 loop=524      P=  -1.93 R=   5.18 Y=   5.80 jitter=1588ns
TS=840.723358975 loop=525      P=  -1.94 R=   5.19 Y=   5.88 jitter=1699ns
TS=840.728358771 loop=526      P=  -1.95 R=   5.24 Y=   5.99 jitter=1495ns
TS=840.733358881 loop=527      P=  -1.97 R=   5.28 Y=   6.10 jitter=1605ns
TS=840.738358788 loop=528      P=  -2.00 R=   5.26 Y=   6.21 jitter=1512ns
TS=840.743358621 loop=529      P=  -2.02 R=   5.23 Y=   6.34 jitter=1345ns
TS=840.748358862 loop=530      P=  -2.07 R=   5.20 Y=   6.46 jitter=1586ns
TS=840.753358973 loop=531      P=  -2.22 R=   5.18 Y=   6.59 jitter=1697ns
TS=840.758358769 loop=532      P=  -2.36 R=   5.18 Y=   6.67 jitter=1493ns
TS=840.763358935 loop=533      P=  -2.39 R=   5.23 Y=   6.74 jitter=1659ns
TS=840.768358638 loop=534      P=  -2.40 R=   5.29 Y=   6.79 jitter=1362ns
TS=840.773358638 loop=535      P=  -2.42 R=   5.32 Y=   6.82 jitter=1362ns
TS=840.778359008 loop=536      P=  -2.42 R=   5.35 Y=   6.83 jitter=1732ns
TS=840.783358582 loop=537      P=  -2.37 R=   5.37 Y=   6.85 jitter=1306ns
TS=840.788358637 loop=538      P=  -2.33 R=   5.34 Y=   6.86 jitter=1361ns
TS=840.793359007 loop=539      P=  -2.31 R=   5.26 Y=   6.87 jitter=1731ns
TS=840.798359451 loop=540      P=  -2.33 R=   5.21 Y=   6.90 jitter=2175ns
TS=840.803359025 loop=541      P=  -2.35 R=   5.13 Y=   6.93 jitter=1749ns
TS=840.808358673 loop=542      P=  -2.37 R=   5.08 Y=   6.96 jitter=1397ns
TS=840.813358580 loop=543      P=  -2.38 R=   5.07 Y=   6.98 jitter=1304ns
TS=840.818358635 loop=544      P=  -2.37 R=   5.12 Y=   7.00 jitter=1359ns
TS=840.823358986 loop=545      P=  -2.33 R=   5.18 Y=   7.01 jitter=1710ns
TS=840.828358671 loop=546      P=  -2.29 R=   5.24 Y=   7.01 jitter=1395ns
TS=840.833358597 loop=547      P=  -2.22 R=   5.32 Y=   7.01 jitter=1321ns
TS=840.838358948 loop=548      P=  -2.13 R=   5.42 Y=   7.01 jitter=1672ns
TS=840.843358911 loop=549      P=  -2.06 R=   5.47 Y=   7.01 jitter=1635ns
TS=840.848359318 loop=550      P=  -2.06 R=   5.45 Y=   7.02 jitter=2042ns
TS=840.853358966 loop=551      P=  -2.11 R=   5.42 Y=   7.03 jitter=1690ns
TS=840.858358632 loop=552      P=  -2.13 R=   5.41 Y=   7.05 jitter=1356ns
TS=840.863358965 loop=553      P=  -2.17 R=   5.41 Y=   7.06 jitter=1689ns
TS=840.868358669 loop=554      P=  -2.22 R=   5.40 Y=   7.08 jitter=1393ns
TS=840.873358631 loop=555      P=  -2.24 R=   5.43 Y=   7.09 jitter=1355ns
TS=840.878358872 loop=556      P=  -2.27 R=   5.49 Y=   7.10 jitter=1596ns
TS=840.883358797 loop=557      P=  -2.29 R=   5.55 Y=   7.12 jitter=1521ns
TS=840.888358612 loop=558      P=  -2.29 R=   5.56 Y=   7.12 jitter=1336ns
TS=840.893359019 loop=559      P=  -2.28 R=   5.55 Y=   7.13 jitter=1743ns
TS=840.898359241 loop=560      P=  -2.27 R=   5.51 Y=   7.13 jitter=1965ns
TS=840.903359018 loop=561      P=  -2.25 R=   5.46 Y=   7.14 jitter=1742ns
TS=840.908358648 loop=562      P=  -2.24 R=   5.42 Y=   7.14 jitter=1372ns
TS=840.913358962 loop=563      P=  -2.23 R=   5.37 Y=   7.15 jitter=1686ns
TS=840.918359017 loop=564      P=  -2.23 R=   5.34 Y=   7.16 jitter=1741ns
TS=840.923359109 loop=565      P=  -2.24 R=   5.31 Y=   7.17 jitter=1833ns
TS=840.928358609 loop=566      P=  -2.26 R=   5.26 Y=   7.18 jitter=1333ns
TS=840.933358627 loop=567      P=  -2.29 R=   5.20 Y=   7.19 jitter=1351ns
TS=840.938359016 loop=568      P=  -2.29 R=   5.13 Y=   7.21 jitter=1740ns
TS=840.943359090 loop=569      P=  -2.30 R=   5.08 Y=   7.23 jitter=1814ns
TS=840.948359126 loop=570      P=  -2.30 R=   5.03 Y=   7.25 jitter=1850ns
TS=840.953358645 loop=571      P=  -2.31 R=   5.01 Y=   7.27 jitter=1369ns
TS=840.958358607 loop=572      P=  -2.30 R=   4.97 Y=   7.29 jitter=1331ns
TS=840.963358607 loop=573      P=  -2.30 R=   4.97 Y=   7.31 jitter=1331ns
TS=840.968358625 loop=574      P=  -2.28 R=   4.97 Y=   7.32 jitter=1349ns
TS=840.973358625 loop=575      P=  -2.26 R=   4.99 Y=   7.34 jitter=1349ns
TS=840.978358643 loop=576      P=  -2.25 R=   4.98 Y=   7.35 jitter=1367ns
TS=840.983358624 loop=577      P=  -2.23 R=   4.93 Y=   7.36 jitter=1348ns
TS=840.988358920 loop=578      P=  -2.24 R=   4.87 Y=   7.38 jitter=1644ns
TS=840.993358975 loop=579      P=  -2.26 R=   4.81 Y=   7.40 jitter=1699ns
TS=840.998359234 loop=580      P=  -2.28 R=   4.75 Y=   7.42 jitter=1958ns
TS=841.003358993 loop=581      P=  -2.34 R=   4.72 Y=   7.45 jitter=1717ns
TS=841.008358659 loop=582      P=  -2.39 R=   4.73 Y=   7.48 jitter=1383ns
TS=841.013358585 loop=583      P=  -2.44 R=   4.73 Y=   7.50 jitter=1309ns
TS=841.018358640 loop=584      P=  -2.51 R=   4.71 Y=   7.52 jitter=1364ns
TS=841.023358603 loop=585      P=  -2.57 R=   4.69 Y=   7.53 jitter=1327ns
TS=841.028358991 loop=586      P=  -2.61 R=   4.67 Y=   7.53 jitter=1715ns
TS=841.033358602 loop=587      P=  -2.62 R=   4.68 Y=   7.53 jitter=1326ns
TS=841.038358620 loop=588      P=  -2.59 R=   4.70 Y=   7.52 jitter=1344ns
TS=841.043358583 loop=589      P=  -2.57 R=   4.71 Y=   7.51 jitter=1307ns
TS=841.048359175 loop=590      P=  -2.55 R=   4.71 Y=   7.50 jitter=1899ns
TS=841.053358638 loop=591      P=  -2.53 R=   4.73 Y=   7.49 jitter=1362ns
TS=841.058358582 loop=592      P=  -2.49 R=   4.77 Y=   7.48 jitter=1306ns
TS=841.063358693 loop=593      P=  -2.43 R=   4.82 Y=   7.47 jitter=1417ns
TS=841.068358618 loop=594      P=  -2.39 R=   4.88 Y=   7.46 jitter=1342ns
TS=841.073358636 loop=595      P=  -2.36 R=   4.92 Y=   7.45 jitter=1360ns
TS=841.078358618 loop=596      P=  -2.34 R=   4.92 Y=   7.43 jitter=1342ns
TS=841.083358617 loop=597      P=  -2.34 R=   4.91 Y=   7.42 jitter=1341ns
TS=841.088358635 loop=598      P=  -2.34 R=   4.91 Y=   7.41 jitter=1359ns
TS=841.093358598 loop=599      P=  -2.32 R=   4.92 Y=   7.39 jitter=1322ns
TS=841.098359079 loop=600      P=  -2.29 R=   4.92 Y=   7.38 jitter=1803ns
TS=841.103359005 loop=601      P=  -2.27 R=   4.93 Y=   7.37 jitter=1729ns
TS=841.108358671 loop=602      P=  -2.25 R=   4.95 Y=   7.37 jitter=1395ns
TS=841.113358967 loop=603      P=  -2.22 R=   4.98 Y=   7.36 jitter=1691ns
TS=841.118358615 loop=604      P=  -2.19 R=   5.00 Y=   7.36 jitter=1339ns
TS=841.123358633 loop=605      P=  -2.16 R=   5.03 Y=   7.35 jitter=1357ns
TS=841.128358669 loop=606      P=  -2.11 R=   5.04 Y=   7.35 jitter=1393ns
TS=841.133358614 loop=607      P=  -2.08 R=   5.03 Y=   7.35 jitter=1338ns
TS=841.138358984 loop=608      P=  -2.05 R=   5.02 Y=   7.36 jitter=1708ns
TS=841.143358946 loop=609      P=  -2.02 R=   5.04 Y=   7.38 jitter=1670ns
TS=841.148359612 loop=610      P=  -1.98 R=   5.07 Y=   7.40 jitter=2336ns
TS=841.153358631 loop=611      P=  -1.95 R=   5.13 Y=   7.42 jitter=1355ns
TS=841.158358741 loop=612      P=  -1.92 R=   5.20 Y=   7.44 jitter=1465ns
TS=841.163358834 loop=613      P=  -1.89 R=   5.29 Y=   7.47 jitter=1558ns
TS=841.168358759 loop=614      P=  -1.83 R=   5.39 Y=   7.49 jitter=1483ns
TS=841.173358907 loop=615      P=  -1.77 R=   5.49 Y=   7.51 jitter=1631ns
TS=841.178358721 loop=616      P=  -1.74 R=   5.55 Y=   7.52 jitter=1445ns
TS=841.183359017 loop=617      P=  -1.72 R=   5.60 Y=   7.52 jitter=1741ns
TS=841.188359776 loop=618      P=  -1.68 R=   5.66 Y=   7.53 jitter=2500ns
TS=841.193358702 loop=619      P=  -1.64 R=   5.70 Y=   7.53 jitter=1426ns
TS=841.198359090 loop=620      P=  -1.63 R=   5.72 Y=   7.52 jitter=1814ns
TS=841.203359590 loop=621      P=  -1.63 R=   5.69 Y=   7.52 jitter=2314ns
TS=841.208358719 loop=622      P=  -1.65 R=   5.63 Y=   7.52 jitter=1443ns
TS=841.213359163 loop=623      P=  -1.69 R=   5.58 Y=   7.54 jitter=1887ns
TS=841.218358959 loop=624      P=  -1.74 R=   5.53 Y=   7.55 jitter=1683ns
TS=841.223359644 loop=625      P=  -1.80 R=   5.50 Y=   7.58 jitter=2368ns
TS=841.228359255 loop=626      P=  -1.85 R=   5.48 Y=   7.61 jitter=1979ns
TS=841.233359588 loop=627      P=  -1.91 R=   5.49 Y=   7.65 jitter=2312ns
TS=841.238358884 loop=628      P=  -1.93 R=   5.51 Y=   7.69 jitter=1608ns
TS=841.243359791 loop=629      P=  -1.91 R=   5.54 Y=   7.73 jitter=2515ns
TS=841.248359013 loop=630      P=  -1.94 R=   5.55 Y=   7.78 jitter=1737ns
TS=841.253358734 loop=631      P=  -1.97 R=   5.54 Y=   7.82 jitter=1458ns
TS=841.258359549 loop=632      P=  -2.01 R=   5.52 Y=   7.86 jitter=2273ns
TS=841.263359178 loop=633      P=  -2.07 R=   5.48 Y=   7.90 jitter=1902ns
TS=841.268358789 loop=634      P=  -2.15 R=   5.42 Y=   7.93 jitter=1513ns
TS=841.273358603 loop=635      P=  -2.22 R=   5.34 Y=   7.96 jitter=1327ns
TS=841.278358659 loop=636      P=  -2.30 R=   5.26 Y=   7.98 jitter=1383ns
TS=841.283358658 loop=637      P=  -2.40 R=   5.16 Y=   8.00 jitter=1382ns
TS=841.288358658 loop=638      P=  -2.50 R=   5.06 Y=   8.02 jitter=1382ns
TS=841.293358620 loop=639      P=  -2.61 R=   4.99 Y=   8.04 jitter=1344ns
TS=841.298358750 loop=640      P=  -2.70 R=   4.94 Y=   8.06 jitter=1474ns
TS=841.303358638 loop=641      P=  -2.77 R=   4.90 Y=   8.08 jitter=1362ns
TS=841.308358675 loop=642      P=  -2.85 R=   4.88 Y=   8.10 jitter=1399ns
TS=841.313358749 loop=643      P=  -2.92 R=   4.87 Y=   8.11 jitter=1473ns
TS=841.318358619 loop=644      P=  -2.98 R=   4.87 Y=   8.12 jitter=1343ns
TS=841.323358600 loop=645      P=  -3.04 R=   4.89 Y=   8.12 jitter=1324ns
TS=841.328359155 loop=646      P=  -3.07 R=   4.92 Y=   8.12 jitter=1879ns
TS=841.333358599 loop=647      P=  -3.10 R=   4.94 Y=   8.10 jitter=1323ns
TS=841.338358673 loop=648      P=  -3.11 R=   4.95 Y=   8.08 jitter=1397ns
TS=841.343358635 loop=649      P=  -3.10 R=   4.97 Y=   8.06 jitter=1359ns
TS=841.348359209 loop=650      P=  -3.06 R=   5.00 Y=   8.03 jitter=1933ns
TS=841.353358616 loop=651      P=  -3.00 R=   5.03 Y=   8.00 jitter=1340ns
TS=841.358358634 loop=652      P=  -2.93 R=   5.09 Y=   7.97 jitter=1358ns
TS=841.363358578 loop=653      P=  -2.84 R=   5.13 Y=   7.95 jitter=1302ns
TS=841.368359004 loop=654      P=  -2.80 R=   5.15 Y=   7.93 jitter=1728ns
TS=841.373358633 loop=655      P=  -2.76 R=   5.11 Y=   7.91 jitter=1357ns
TS=841.378358614 loop=656      P=  -2.76 R=   5.05 Y=   7.90 jitter=1338ns
TS=841.383358614 loop=657      P=  -2.76 R=   5.00 Y=   7.91 jitter=1338ns
TS=841.388359002 loop=658      P=  -2.76 R=   4.95 Y=   7.92 jitter=1726ns
TS=841.393359076 loop=659      P=  -2.76 R=   4.95 Y=   7.94 jitter=1800ns
TS=841.398359613 loop=660      P=  -2.74 R=   4.97 Y=   7.97 jitter=2337ns
TS=841.403359001 loop=661      P=  -2.74 R=   5.01 Y=   7.99 jitter=1725ns
TS=841.408358742 loop=662      P=  -2.70 R=   5.07 Y=   8.02 jitter=1466ns
TS=841.413359019 loop=663      P=  -2.68 R=   5.14 Y=   8.06 jitter=1743ns
TS=841.418358741 loop=664      P=  -2.64 R=   5.17 Y=   8.08 jitter=1465ns
TS=841.423358648 loop=665      P=  -2.60 R=   5.17 Y=   8.12 jitter=1372ns
TS=841.428358648 loop=666      P=  -2.57 R=   5.15 Y=   8.16 jitter=1372ns
TS=841.433358629 loop=667      P=  -2.56 R=   5.14 Y=   8.21 jitter=1353ns
TS=841.438359036 loop=668      P=  -2.52 R=   5.20 Y=   8.27 jitter=1760ns
TS=841.443358609 loop=669      P=  -2.49 R=   5.22 Y=   8.33 jitter=1333ns
TS=841.448359257 loop=670      P=  -2.45 R=   5.24 Y=   8.39 jitter=1981ns
TS=841.453359016 loop=671      P=  -2.44 R=   5.29 Y=   8.45 jitter=1740ns
TS=841.458358627 loop=672      P=  -2.44 R=   5.33 Y=   8.50 jitter=1351ns
TS=841.463358589 loop=673      P=  -2.41 R=   5.31 Y=   8.54 jitter=1313ns
TS=841.468358645 loop=674      P=  -2.40 R=   5.31 Y=   8.59 jitter=1369ns
TS=841.473358644 loop=675      P=  -2.40 R=   5.29 Y=   8.64 jitter=1368ns
TS=841.478358644 loop=676      P=  -2.38 R=   5.21 Y=   8.70 jitter=1368ns
TS=841.483358625 loop=677      P=  -2.39 R=   5.12 Y=   8.78 jitter=1349ns
TS=841.488358662 loop=678      P=  -2.42 R=   5.05 Y=   8.88 jitter=1386ns
TS=841.493359013 loop=679      P=  -2.42 R=   5.02 Y=   8.99 jitter=1737ns
TS=841.498359439 loop=680      P=  -2.43 R=   4.99 Y=   9.11 jitter=2163ns
TS=841.503359031 loop=681      P=  -2.43 R=   5.01 Y=   9.25 jitter=1755ns
TS=841.508358660 loop=682      P=  -2.44 R=   5.05 Y=   9.39 jitter=1384ns
TS=841.513358790 loop=683      P=  -2.45 R=   5.12 Y=   9.53 jitter=1514ns
TS=841.518358845 loop=684      P=  -2.41 R=   5.25 Y=   9.67 jitter=1569ns
TS=841.523358641 loop=685      P=  -2.35 R=   5.39 Y=   9.79 jitter=1365ns
TS=841.528358659 loop=686      P=  -2.32 R=   5.49 Y=   9.89 jitter=1383ns
TS=841.533358603 loop=687      P=  -2.30 R=   5.50 Y=   9.99 jitter=1327ns
TS=841.538358621 loop=688      P=  -2.29 R=   5.45 Y=  10.09 jitter=1345ns
TS=841.543358917 loop=689      P=  -2.33 R=   5.36 Y=  10.19 jitter=1641ns
TS=841.548359454 loop=690      P=  -2.38 R=   5.23 Y=  10.31 jitter=2178ns
TS=841.553358713 loop=691      P=  -2.48 R=   5.10 Y=  10.44 jitter=1437ns
TS=841.558358620 loop=692      P=  -2.57 R=   5.04 Y=  10.59 jitter=1344ns
TS=841.563358601 loop=693      P=  -2.68 R=   4.98 Y=  10.74 jitter=1325ns
TS=841.568358656 loop=694      P=  -2.76 R=   4.95 Y=  10.89 jitter=1380ns
TS=841.573358637 loop=695      P=  -3.17 R=   4.85 Y=  11.03 jitter=1361ns
TS=841.578358600 loop=696      P=  -3.21 R=   4.76 Y=  11.13 jitter=1324ns
TS=841.583358636 loop=697      P=  -3.32 R=   4.81 Y=  11.29 jitter=1360ns
TS=841.588358636 loop=698      P=  -3.31 R=   4.75 Y=  11.42 jitter=1360ns
TS=841.593359136 loop=699      P=  -3.32 R=   4.75 Y=  11.55 jitter=1860ns
TS=841.598358950 loop=700      P=  -3.31 R=   4.85 Y=  11.68 jitter=1674ns
TS=841.603358653 loop=701      P=  -3.26 R=   4.89 Y=  11.80 jitter=1377ns
TS=841.608358912 loop=702      P=  -3.19 R=   4.97 Y=  11.92 jitter=1636ns
TS=841.613359171 loop=703      P=  -3.11 R=   5.04 Y=  12.04 jitter=1895ns
TS=841.618358634 loop=704      P=  -2.98 R=   5.12 Y=  12.16 jitter=1358ns
TS=841.623359096 loop=705      P=  -2.91 R=   5.27 Y=  12.28 jitter=1820ns
TS=841.628358652 loop=706      P=  -2.86 R=   5.35 Y=  12.38 jitter=1376ns
TS=841.633359022 loop=707      P=  -2.81 R=   5.37 Y=  12.47 jitter=1746ns
TS=841.638358614 loop=708      P=  -2.80 R=   5.38 Y=  12.56 jitter=1338ns
TS=841.643358669 loop=709      P=  -2.80 R=   5.39 Y=  12.65 jitter=1393ns
TS=841.648359798 loop=710      P=  -2.80 R=   5.39 Y=  12.73 jitter=2522ns
TS=841.653358687 loop=711      P=  -2.81 R=   5.39 Y=  12.82 jitter=1411ns
TS=841.658359020 loop=712      P=  -2.84 R=   5.38 Y=  12.91 jitter=1744ns
TS=841.663359038 loop=713      P=  -2.87 R=   5.35 Y=  13.00 jitter=1762ns
TS=841.668358945 loop=714      P=  -3.00 R=   5.03 Y=  13.08 jitter=1669ns
TS=841.673358852 loop=715      P=  -3.08 R=   4.80 Y=  13.14 jitter=1576ns
TS=841.678358944 loop=716      P=  -3.10 R=   4.78 Y=  13.21 jitter=1668ns
TS=841.683359240 loop=717      P=  -3.05 R=   4.70 Y=  13.30 jitter=1964ns
TS=841.688358925 loop=718      P=  -3.01 R=   4.68 Y=  13.38 jitter=1649ns
TS=841.693358591 loop=719      P=  -2.85 R=   4.74 Y=  13.47 jitter=1315ns
TS=841.698359424 loop=720      P=  -2.61 R=   4.90 Y=  13.56 jitter=2148ns
TS=841.703359331 loop=721      P=  -2.39 R=   5.16 Y=  13.67 jitter=2055ns
TS=841.708359368 loop=722      P=  -2.17 R=   5.47 Y=  13.77 jitter=2092ns
TS=841.713359497 loop=723      P=  -2.01 R=   5.81 Y=  13.87 jitter=2221ns
TS=841.718360145 loop=724      P=  -1.84 R=   6.05 Y=  13.95 jitter=2869ns
TS=841.723359182 loop=725      P=  -1.62 R=   6.20 Y=  14.03 jitter=1906ns
TS=841.728358700 loop=726      P=  -1.51 R=   6.28 Y=  14.11 jitter=1424ns
TS=841.733358811 loop=727      P=  -1.47 R=   6.32 Y=  14.19 jitter=1535ns
TS=841.738358699 loop=728      P=  -1.47 R=   6.36 Y=  14.28 jitter=1423ns
TS=841.743358625 loop=729      P=  -1.50 R=   6.35 Y=  14.38 jitter=1349ns
TS=841.748359569 loop=730      P=  -1.55 R=   6.39 Y=  14.47 jitter=2293ns
TS=841.753358698 loop=731      P=  -1.61 R=   6.43 Y=  14.56 jitter=1422ns
TS=841.758358624 loop=732      P=  -1.69 R=   6.41 Y=  14.63 jitter=1348ns
TS=841.763358697 loop=733      P=  -1.82 R=   6.40 Y=  14.70 jitter=1421ns
TS=841.768358623 loop=734      P=  -1.95 R=   6.34 Y=  14.77 jitter=1347ns
TS=841.773359326 loop=735      P=  -2.06 R=   6.25 Y=  14.83 jitter=2050ns
TS=841.778358604 loop=736      P=  -2.15 R=   6.13 Y=  14.90 jitter=1328ns
TS=841.783358640 loop=737      P=  -2.23 R=   6.02 Y=  14.98 jitter=1364ns
TS=841.788359084 loop=738      P=  -2.32 R=   5.92 Y=  15.05 jitter=1808ns
TS=841.793358621 loop=739      P=  -2.38 R=   5.82 Y=  15.13 jitter=1345ns
TS=841.798360009 loop=740      P=  -2.42 R=   5.77 Y=  15.21 jitter=2733ns
TS=841.803359046 loop=741      P=  -2.45 R=   5.74 Y=  15.28 jitter=1770ns
TS=841.808358638 loop=742      P=  -2.46 R=   5.74 Y=  15.35 jitter=1362ns
TS=841.813358619 loop=743      P=  -2.46 R=   5.76 Y=  15.41 jitter=1343ns
TS=841.818358619 loop=744      P=  -2.45 R=   5.78 Y=  15.47 jitter=1343ns
TS=841.823359082 loop=745      P=  -2.43 R=   5.81 Y=  15.53 jitter=1806ns
TS=841.828358637 loop=746      P=  -2.42 R=   5.83 Y=  15.59 jitter=1361ns
TS=841.833358711 loop=747      P=  -2.43 R=   5.84 Y=  15.65 jitter=1435ns
TS=841.838358636 loop=748      P=  -2.44 R=   5.86 Y=  15.71 jitter=1360ns
TS=841.843358636 loop=749      P=  -2.47 R=   5.83 Y=  15.78 jitter=1360ns
TS=841.848359154 loop=750      P=  -2.50 R=   5.77 Y=  15.85 jitter=1878ns
TS=841.853358635 loop=751      P=  -2.55 R=   5.72 Y=  15.92 jitter=1359ns
TS=841.858358616 loop=752      P=  -2.60 R=   5.68 Y=  15.99 jitter=1340ns
TS=841.863358597 loop=753      P=  -2.66 R=   5.67 Y=  16.05 jitter=1321ns
TS=841.868358597 loop=754      P=  -2.70 R=   5.65 Y=  16.12 jitter=1321ns
TS=841.873358597 loop=755      P=  -2.74 R=   5.66 Y=  16.19 jitter=1321ns
TS=841.878358615 loop=756      P=  -2.76 R=   5.63 Y=  16.25 jitter=1339ns
TS=841.883358651 loop=757      P=  -2.82 R=   5.60 Y=  16.31 jitter=1375ns
TS=841.888359058 loop=758      P=  -2.92 R=   5.56 Y=  16.35 jitter=1782ns
TS=841.893358966 loop=759      P=  -3.01 R=   5.50 Y=  16.39 jitter=1690ns
TS=841.898360150 loop=760      P=  -3.06 R=   5.45 Y=  16.40 jitter=2874ns
TS=841.903359113 loop=761      P=  -3.10 R=   5.41 Y=  16.42 jitter=1837ns
TS=841.908358631 loop=762      P=  -3.14 R=   5.36 Y=  16.42 jitter=1355ns
TS=841.913358631 loop=763      P=  -3.19 R=   5.33 Y=  16.43 jitter=1355ns
TS=841.918358593 loop=764      P=  -3.23 R=   5.30 Y=  16.42 jitter=1317ns
TS=841.923358611 loop=765      P=  -3.26 R=   5.29 Y=  16.42 jitter=1335ns
TS=841.928358667 loop=766      P=  -3.28 R=   5.28 Y=  16.41 jitter=1391ns
TS=841.933358611 loop=767      P=  -3.29 R=   5.26 Y=  16.39 jitter=1335ns
TS=841.938358610 loop=768      P=  -3.30 R=   5.21 Y=  16.37 jitter=1334ns
TS=841.943359073 loop=769      P=  -3.29 R=   5.15 Y=  16.34 jitter=1797ns
TS=841.948359795 loop=770      P=  -3.31 R=   5.04 Y=  16.31 jitter=2519ns
TS=841.953358628 loop=771      P=  -3.52 R=   4.87 Y=  16.28 jitter=1352ns
TS=841.958358627 loop=772      P=  -3.64 R=   4.67 Y=  16.23 jitter=1351ns
TS=841.963358627 loop=773      P=  -3.52 R=   4.54 Y=  16.19 jitter=1351ns
TS=841.968358645 loop=774      P=  -3.48 R=   4.41 Y=  16.16 jitter=1369ns
TS=841.973358682 loop=775      P=  -3.46 R=   4.41 Y=  16.15 jitter=1406ns
TS=841.978358644 loop=776      P=  -3.46 R=   4.43 Y=  16.13 jitter=1368ns
TS=841.983358607 loop=777      P=  -3.45 R=   4.45 Y=  16.12 jitter=1331ns
TS=841.988359107 loop=778      P=  -3.37 R=   4.42 Y=  16.10 jitter=1831ns
TS=841.993358625 loop=779      P=  -3.27 R=   4.37 Y=  16.09 jitter=1349ns
TS=841.998359310 loop=780      P=  -3.20 R=   4.29 Y=  16.08 jitter=2034ns
TS=842.003358976 loop=781      P=  -3.08 R=   4.23 Y=  16.08 jitter=1700ns
TS=842.008358605 loop=782      P=  -2.96 R=   4.16 Y=  16.10 jitter=1329ns
TS=842.013358660 loop=783      P=  -2.85 R=   4.14 Y=  16.13 jitter=1384ns
TS=842.018358642 loop=784      P=  -2.73 R=   4.06 Y=  16.18 jitter=1366ns
TS=842.023358641 loop=785      P=  -2.61 R=   3.98 Y=  16.25 jitter=1365ns
TS=842.028358659 loop=786      P=  -2.50 R=   3.93 Y=  16.35 jitter=1383ns
TS=842.033358622 loop=787      P=  -2.39 R=   3.87 Y=  16.46 jitter=1346ns
TS=842.038358640 loop=788      P=  -2.30 R=   3.85 Y=  16.60 jitter=1364ns
TS=842.043358973 loop=789      P=  -2.22 R=   3.79 Y=  16.75 jitter=1697ns
TS=842.048359121 loop=790      P=  -2.17 R=   3.79 Y=  16.91 jitter=1845ns
TS=842.053358991 loop=791      P=  -2.09 R=   3.78 Y=  17.07 jitter=1715ns
TS=842.058358713 loop=792      P=  -2.04 R=   3.69 Y=  17.24 jitter=1437ns
TS=842.063358879 loop=793      P=  -2.07 R=   3.65 Y=  17.43 jitter=1603ns
TS=842.068358860 loop=794      P=  -2.17 R=   3.68 Y=  17.62 jitter=1584ns
TS=842.073358637 loop=795      P=  -2.31 R=   3.71 Y=  17.80 jitter=1361ns
TS=842.078358637 loop=796      P=  -2.44 R=   3.75 Y=  17.98 jitter=1361ns
TS=842.083359025 loop=797      P=  -2.57 R=   3.75 Y=  18.15 jitter=1749ns
TS=842.088358599 loop=798      P=  -2.67 R=   3.74 Y=  18.32 jitter=1323ns
TS=842.093358580 loop=799      P=  -2.81 R=   3.75 Y=  18.48 jitter=1304ns
TS=842.098359376 loop=800      P=  -2.94 R=   3.74 Y=  18.64 jitter=2100ns
TS=842.103358968 loop=801      P=  -3.11 R=   3.75 Y=  18.79 jitter=1692ns
TS=842.108358635 loop=802      P=  -3.28 R=   3.77 Y=  18.94 jitter=1359ns
TS=842.113358597 loop=803      P=  -3.55 R=   3.68 Y=  19.10 jitter=1321ns
TS=842.118358597 loop=804      P=  -3.77 R=   3.68 Y=  19.28 jitter=1321ns
TS=842.123358578 loop=805      P=  -3.86 R=   3.81 Y=  19.45 jitter=1302ns
TS=842.128358652 loop=806      P=  -3.96 R=   3.88 Y=  19.58 jitter=1376ns
TS=842.133358633 loop=807      P=  -4.07 R=   3.97 Y=  19.68 jitter=1357ns
TS=842.138358614 loop=808      P=  -4.17 R=   4.04 Y=  19.77 jitter=1338ns
TS=842.143358965 loop=809      P=  -4.17 R=   4.16 Y=  19.86 jitter=1689ns
TS=842.148359335 loop=810      P=  -4.24 R=   4.15 Y=  19.95 jitter=2059ns
TS=842.153358650 loop=811      P=  -4.24 R=   4.20 Y=  20.04 jitter=1374ns
TS=842.158358612 loop=812      P=  -4.26 R=   4.17 Y=  20.12 jitter=1336ns
TS=842.163358982 loop=813      P=  -4.29 R=   4.07 Y=  20.20 jitter=1706ns
TS=842.168358815 loop=814      P=  -4.32 R=   3.94 Y=  20.28 jitter=1539ns
TS=842.173358870 loop=815      P=  -4.32 R=   3.81 Y=  20.37 jitter=1594ns
TS=842.178358962 loop=816      P=  -4.28 R=   3.66 Y=  20.46 jitter=1686ns
TS=842.183358906 loop=817      P=  -4.38 R=   3.47 Y=  20.57 jitter=1630ns
TS=842.188358665 loop=818      P=  -4.43 R=   3.36 Y=  20.67 jitter=1389ns
TS=842.193359276 loop=819      P=  -4.46 R=   3.28 Y=  20.75 jitter=2000ns
TS=842.198358739 loop=820      P=  -4.47 R=   3.19 Y=  20.82 jitter=1463ns
TS=842.203359275 loop=821      P=  -4.44 R=   3.09 Y=  20.89 jitter=1999ns
TS=842.208359164 loop=822      P=  -4.37 R=   3.01 Y=  20.97 jitter=1888ns
TS=842.213359182 loop=823      P=  -4.28 R=   2.96 Y=  21.06 jitter=1906ns
TS=842.218359552 loop=824      P=  -4.18 R=   2.93 Y=  21.15 jitter=2276ns
TS=842.223359255 loop=825      P=  -4.12 R=   2.89 Y=  21.23 jitter=1979ns
TS=842.228359292 loop=826      P=  -4.08 R=   2.87 Y=  21.31 jitter=2016ns
TS=842.233359699 loop=827      P=  -4.02 R=   2.85 Y=  21.40 jitter=2423ns
TS=842.238359198 loop=828      P=  -3.94 R=   2.86 Y=  21.49 jitter=1922ns
TS=842.243359198 loop=829      P=  -3.82 R=   2.88 Y=  21.57 jitter=1922ns
TS=842.248358772 loop=830      P=  -3.59 R=   2.92 Y=  21.64 jitter=1496ns
TS=842.253358642 loop=831      P=  -3.35 R=   2.97 Y=  21.69 jitter=1366ns
TS=842.258358641 loop=832      P=  -3.07 R=   3.05 Y=  21.72 jitter=1365ns
TS=842.263358604 loop=833      P=  -2.83 R=   3.04 Y=  21.74 jitter=1328ns
TS=842.268358640 loop=834      P=  -2.70 R=   2.97 Y=  21.74 jitter=1364ns
TS=842.273358621 loop=835      P=  -2.69 R=   2.84 Y=  21.74 jitter=1345ns
TS=842.278358602 loop=836      P=  -2.76 R=   2.66 Y=  21.74 jitter=1326ns
TS=842.283358602 loop=837      P=  -2.84 R=   2.44 Y=  21.76 jitter=1326ns
TS=842.288358657 loop=838      P=  -2.94 R=   2.24 Y=  21.80 jitter=1381ns
TS=842.293358972 loop=839      P=  -3.04 R=   2.06 Y=  21.86 jitter=1696ns
TS=842.298358860 loop=840      P=  -3.12 R=   1.86 Y=  21.92 jitter=1584ns
TS=842.303358638 loop=841      P=  -3.20 R=   1.69 Y=  21.99 jitter=1362ns
TS=842.308358619 loop=842      P=  -3.32 R=   1.56 Y=  22.05 jitter=1343ns
TS=842.313358915 loop=843      P=  -3.45 R=   1.47 Y=  22.12 jitter=1639ns
TS=842.318358636 loop=844      P=  -3.58 R=   1.36 Y=  22.18 jitter=1360ns
TS=842.323358617 loop=845      P=  -3.73 R=   1.25 Y=  22.25 jitter=1341ns
TS=842.328358673 loop=846      P=  -3.92 R=   1.20 Y=  22.34 jitter=1397ns
TS=842.333358580 loop=847      P=  -4.15 R=   1.23 Y=  22.45 jitter=1304ns
TS=842.338358635 loop=848      P=  -4.41 R=   1.30 Y=  22.57 jitter=1359ns
TS=842.343359190 loop=849      P=  -4.70 R=   1.37 Y=  22.70 jitter=1914ns
TS=842.348359227 loop=850      P=  -4.99 R=   1.42 Y=  22.82 jitter=1951ns
TS=842.353358615 loop=851      P=  -5.23 R=   1.46 Y=  22.93 jitter=1339ns
TS=842.358358615 loop=852      P=  -5.39 R=   1.51 Y=  23.03 jitter=1339ns
TS=842.363358596 loop=853      P=  -5.54 R=   1.58 Y=  23.11 jitter=1320ns
TS=842.368358614 loop=854      P=  -5.62 R=   1.61 Y=  23.17 jitter=1338ns
TS=842.373358576 loop=855      P=  -5.61 R=   1.59 Y=  23.23 jitter=1300ns
TS=842.378358965 loop=856      P=  -5.58 R=   1.61 Y=  23.28 jitter=1689ns
TS=842.383358613 loop=857      P=  -5.54 R=   1.64 Y=  23.32 jitter=1337ns
TS=842.388359168 loop=858      P=  -5.51 R=   1.68 Y=  23.36 jitter=1892ns
TS=842.393359001 loop=859      P=  -5.51 R=   1.73 Y=  23.40 jitter=1725ns
TS=842.398359556 loop=860      P=  -5.52 R=   1.76 Y=  23.44 jitter=2280ns
TS=842.403359000 loop=861      P=  -5.55 R=   1.80 Y=  23.50 jitter=1724ns
TS=842.408358629 loop=862      P=  -5.61 R=   1.84 Y=  23.56 jitter=1353ns
TS=842.413359388 loop=863      P=  -5.71 R=   1.86 Y=  23.63 jitter=2112ns
TS=842.418358628 loop=864      P=  -5.81 R=   1.87 Y=  23.72 jitter=1352ns
TS=842.423358609 loop=865      P=  -5.91 R=   1.88 Y=  23.81 jitter=1333ns
TS=842.428358628 loop=866      P=  -5.98 R=   1.90 Y=  23.90 jitter=1352ns
TS=842.433358646 loop=867      P=  -6.02 R=   1.92 Y=  23.98 jitter=1370ns
TS=842.438358664 loop=868      P=  -6.04 R=   1.95 Y=  24.06 jitter=1388ns
TS=842.443358997 loop=869      P=  -6.06 R=   1.97 Y=  24.13 jitter=1721ns
TS=842.448359256 loop=870      P=  -6.09 R=   1.97 Y=  24.19 jitter=1980ns
TS=842.453358626 loop=871      P=  -6.13 R=   1.97 Y=  24.24 jitter=1350ns
TS=842.458358644 loop=872      P=  -6.17 R=   2.00 Y=  24.29 jitter=1368ns
TS=842.463358643 loop=873      P=  -6.21 R=   2.04 Y=  24.35 jitter=1367ns
TS=842.468358976 loop=874      P=  -6.27 R=   2.07 Y=  24.42 jitter=1700ns
TS=842.473358605 loop=875      P=  -6.33 R=   2.10 Y=  24.49 jitter=1329ns
TS=842.478358624 loop=876      P=  -6.39 R=   2.13 Y=  24.58 jitter=1348ns
TS=842.483358605 loop=877      P=  -6.42 R=   2.17 Y=  24.67 jitter=1329ns
TS=842.488358660 loop=878      P=  -6.44 R=   2.21 Y=  24.78 jitter=1384ns
TS=842.493359011 loop=879      P=  -6.43 R=   2.24 Y=  24.88 jitter=1735ns
TS=842.498359066 loop=880      P=  -6.38 R=   2.28 Y=  25.00 jitter=1790ns
TS=842.503359103 loop=881      P=  -6.31 R=   2.33 Y=  25.12 jitter=1827ns
TS=842.508358658 loop=882      P=  -6.23 R=   2.39 Y=  25.25 jitter=1382ns
TS=842.513358991 loop=883      P=  -6.12 R=   2.48 Y=  25.38 jitter=1715ns
TS=842.518358657 loop=884      P=  -6.00 R=   2.57 Y=  25.49 jitter=1381ns
TS=842.523358583 loop=885      P=  -5.85 R=   2.65 Y=  25.59 jitter=1307ns
TS=842.528358620 loop=886      P=  -5.68 R=   2.71 Y=  25.68 jitter=1344ns
TS=842.533358619 loop=887      P=  -5.54 R=   2.76 Y=  25.75 jitter=1343ns
TS=842.538359026 loop=888      P=  -5.42 R=   2.83 Y=  25.80 jitter=1750ns
TS=842.543359081 loop=889      P=  -5.28 R=   2.88 Y=  25.84 jitter=1805ns
TS=842.548360229 loop=890      P=  -5.16 R=   2.92 Y=  25.87 jitter=2953ns
TS=842.553358618 loop=891      P=  -5.05 R=   2.95 Y=  25.92 jitter=1342ns
TS=842.558358636 loop=892      P=  -4.93 R=   2.99 Y=  25.97 jitter=1360ns
TS=842.563358598 loop=893      P=  -4.82 R=   3.04 Y=  26.04 jitter=1322ns
TS=842.568358635 loop=894      P=  -4.75 R=   3.07 Y=  26.11 jitter=1359ns
TS=842.573358597 loop=895      P=  -4.67 R=   3.08 Y=  26.18 jitter=1321ns
TS=842.578358634 loop=896      P=  -4.64 R=   3.11 Y=  26.25 jitter=1358ns
TS=842.583358634 loop=897      P=  -4.62 R=   3.16 Y=  26.33 jitter=1358ns
TS=842.588358670 loop=898      P=  -4.62 R=   3.20 Y=  26.41 jitter=1394ns
TS=842.593358633 loop=899      P=  -4.61 R=   3.24 Y=  26.49 jitter=1357ns
TS=842.598359188 loop=900      P=  -4.61 R=   3.27 Y=  26.57 jitter=1912ns
TS=842.603359002 loop=901      P=  -4.63 R=   3.28 Y=  26.67 jitter=1726ns
TS=842.608358632 loop=902      P=  -4.68 R=   3.27 Y=  26.77 jitter=1356ns
TS=842.613358613 loop=903      P=  -4.72 R=   3.27 Y=  26.87 jitter=1337ns
TS=842.618359038 loop=904      P=  -4.76 R=   3.27 Y=  26.99 jitter=1762ns
TS=842.623358982 loop=905      P=  -4.80 R=   3.25 Y=  27.11 jitter=1706ns
TS=842.628358649 loop=906      P=  -4.82 R=   3.21 Y=  27.24 jitter=1373ns
TS=842.633358630 loop=907      P=  -4.78 R=   3.21 Y=  27.39 jitter=1354ns
TS=842.638358648 loop=908      P=  -4.71 R=   3.22 Y=  27.54 jitter=1372ns
TS=842.643358610 loop=909      P=  -4.66 R=   3.22 Y=  27.67 jitter=1334ns
TS=842.648358703 loop=910      P=  -4.47 R=   3.29 Y=  27.78 jitter=1427ns
TS=842.653359017 loop=911      P=  -4.34 R=   3.32 Y=  27.88 jitter=1741ns
TS=842.658358628 loop=912      P=  -4.32 R=   3.29 Y=  27.96 jitter=1352ns
TS=842.663358627 loop=913      P=  -4.30 R=   3.27 Y=  28.03 jitter=1351ns
TS=842.668359053 loop=914      P=  -4.33 R=   3.19 Y=  28.11 jitter=1777ns
TS=842.673358793 loop=915      P=  -4.38 R=   3.12 Y=  28.19 jitter=1517ns
TS=842.678358719 loop=916      P=  -4.43 R=   3.04 Y=  28.27 jitter=1443ns
TS=842.683359644 loop=917      P=  -4.52 R=   2.91 Y=  28.36 jitter=2368ns
TS=842.688358681 loop=918      P=  -4.57 R=   2.76 Y=  28.47 jitter=1405ns
TS=842.693358755 loop=919      P=  -4.56 R=   2.66 Y=  28.58 jitter=1479ns
TS=842.698359328 loop=920      P=  -4.50 R=   2.58 Y=  28.69 jitter=2052ns
TS=842.703358939 loop=921      P=  -4.39 R=   2.49 Y=  28.81 jitter=1663ns
TS=842.708358716 loop=922      P=  -4.26 R=   2.41 Y=  28.92 jitter=1440ns
TS=842.713359438 loop=923      P=  -4.09 R=   2.33 Y=  29.03 jitter=2162ns
TS=842.718359253 loop=924      P=  -3.93 R=   2.27 Y=  29.14 jitter=1977ns
TS=842.723359678 loop=925      P=  -3.82 R=   2.20 Y=  29.24 jitter=2402ns
TS=842.728358715 loop=926      P=  -3.71 R=   2.13 Y=  29.36 jitter=1439ns
TS=842.733358955 loop=927      P=  -3.64 R=   2.06 Y=  29.48 jitter=1679ns
TS=842.738359473 loop=928      P=  -3.59 R=   1.99 Y=  29.60 jitter=2197ns
TS=842.743359417 loop=929      P=  -3.56 R=   1.94 Y=  29.73 jitter=2141ns
TS=842.748358880 loop=930      P=  -3.52 R=   1.93 Y=  29.85 jitter=1604ns
TS=842.753358694 loop=931      P=  -3.47 R=   1.93 Y=  29.98 jitter=1418ns
TS=842.758358694 loop=932      P=  -3.43 R=   1.97 Y=  30.10 jitter=1418ns
TS=842.763359564 loop=933      P=  -3.38 R=   2.00 Y=  30.20 jitter=2288ns
TS=842.768359656 loop=934      P=  -3.36 R=   2.03 Y=  30.29 jitter=2380ns
TS=842.773358878 loop=935      P=  -3.34 R=   2.07 Y=  30.38 jitter=1602ns
TS=842.778358637 loop=936      P=  -3.33 R=   2.11 Y=  30.47 jitter=1361ns
TS=842.783358636 loop=937      P=  -3.34 R=   2.11 Y=  30.55 jitter=1360ns
TS=842.788358654 loop=938      P=  -3.37 R=   2.10 Y=  30.63 jitter=1378ns
TS=842.793358561 loop=939      P=  -3.38 R=   2.07 Y=  30.71 jitter=1285ns
TS=842.798359376 loop=940      P=  -3.39 R=   2.03 Y=  30.80 jitter=2100ns
TS=842.803358635 loop=941      P=  -3.40 R=   1.98 Y=  30.88 jitter=1359ns
TS=842.808358634 loop=942      P=  -3.41 R=   1.92 Y=  30.96 jitter=1358ns
TS=842.813358634 loop=943      P=  -3.39 R=   1.93 Y=  31.04 jitter=1358ns
TS=842.818358615 loop=944      P=  -3.37 R=   1.92 Y=  31.12 jitter=1339ns
TS=842.823358577 loop=945      P=  -3.33 R=   1.90 Y=  31.20 jitter=1301ns
TS=842.828358651 loop=946      P=  -3.30 R=   1.89 Y=  31.26 jitter=1375ns
TS=842.833359040 loop=947      P=  -3.24 R=   1.88 Y=  31.32 jitter=1764ns
TS=842.838358613 loop=948      P=  -3.18 R=   1.87 Y=  31.36 jitter=1337ns
TS=842.843358983 loop=949      P=  -3.11 R=   1.86 Y=  31.38 jitter=1707ns
TS=842.848359464 loop=950      P=  -3.04 R=   1.88 Y=  31.39 jitter=2188ns
TS=842.853358612 loop=951      P=  -2.98 R=   1.87 Y=  31.38 jitter=1336ns
TS=842.858358630 loop=952      P=  -2.93 R=   1.87 Y=  31.37 jitter=1354ns
TS=842.863358574 loop=953      P=  -2.90 R=   1.88 Y=  31.37 jitter=1298ns
TS=842.868358944 loop=954      P=  -2.89 R=   1.89 Y=  31.37 jitter=1668ns
TS=842.873358592 loop=955      P=  -2.89 R=   1.91 Y=  31.39 jitter=1316ns
TS=842.878358832 loop=956      P=  -2.86 R=   1.94 Y=  31.42 jitter=1556ns
TS=842.883358702 loop=957      P=  -2.83 R=   1.96 Y=  31.45 jitter=1426ns
TS=842.888359035 loop=958      P=  -2.81 R=   1.99 Y=  31.48 jitter=1759ns
TS=842.893358609 loop=959      P=  -2.78 R=   1.99 Y=  31.51 jitter=1333ns
TS=842.898359238 loop=960      P=  -2.76 R=   2.06 Y=  31.55 jitter=1962ns
TS=842.903358979 loop=961      P=  -2.76 R=   2.13 Y=  31.57 jitter=1703ns
TS=842.908358663 loop=962      P=  -2.79 R=   2.23 Y=  31.59 jitter=1387ns
TS=842.913358626 loop=963      P=  -2.88 R=   2.32 Y=  31.59 jitter=1350ns
TS=842.918359070 loop=964      P=  -2.99 R=   2.37 Y=  31.58 jitter=1794ns
TS=842.923358644 loop=965      P=  -3.09 R=   2.43 Y=  31.58 jitter=1368ns
TS=842.928358773 loop=966      P=  -3.18 R=   2.48 Y=  31.58 jitter=1497ns
TS=842.933358606 loop=967      P=  -3.23 R=   2.50 Y=  31.59 jitter=1330ns
TS=842.938358587 loop=968      P=  -3.27 R=   2.51 Y=  31.59 jitter=1311ns
TS=842.943358957 loop=969      P=  -3.24 R=   2.59 Y=  31.58 jitter=1681ns
TS=842.948359271 loop=970      P=  -3.25 R=   2.61 Y=  31.56 jitter=1995ns
TS=842.953358604 loop=971      P=  -3.34 R=   2.49 Y=  31.53 jitter=1328ns
TS=842.958358585 loop=972      P=  -3.31 R=   2.43 Y=  31.49 jitter=1309ns
TS=842.963358585 loop=973      P=  -3.34 R=   2.48 Y=  31.45 jitter=1309ns
TS=842.968358640 loop=974      P=  -3.39 R=   2.60 Y=  31.41 jitter=1364ns
TS=842.973358751 loop=975      P=  -3.44 R=   2.74 Y=  31.38 jitter=1475ns
TS=842.978358954 loop=976      P=  -3.50 R=   2.89 Y=  31.34 jitter=1678ns
TS=842.983358639 loop=977      P=  -3.56 R=   3.00 Y=  31.30 jitter=1363ns
TS=842.988358972 loop=978      P=  -3.59 R=   3.13 Y=  31.26 jitter=1696ns
TS=842.993358601 loop=979      P=  -3.62 R=   3.28 Y=  31.22 jitter=1325ns
TS=842.998359230 loop=980      P=  -3.70 R=   3.56 Y=  31.18 jitter=1954ns
TS=843.003359008 loop=981      P=  -3.79 R=   3.61 Y=  31.12 jitter=1732ns
TS=843.008358655 loop=982      P=  -3.85 R=   3.62 Y=  31.06 jitter=1379ns
TS=843.013358636 loop=983      P=  -3.81 R=   3.69 Y=  31.00 jitter=1360ns
TS=843.018358636 loop=984      P=  -3.87 R=   3.64 Y=  30.94 jitter=1360ns
TS=843.023358580 loop=985      P=  -3.94 R=   3.69 Y=  30.89 jitter=1304ns
TS=843.028359043 loop=986      P=  -4.00 R=   3.75 Y=  30.86 jitter=1767ns
TS=843.033358616 loop=987      P=  -4.16 R=   3.82 Y=  30.84 jitter=1340ns
TS=843.038358616 loop=988      P=  -4.29 R=   3.87 Y=  30.81 jitter=1340ns
TS=843.043358615 loop=989      P=  -4.45 R=   3.88 Y=  30.79 jitter=1339ns
TS=843.048359208 loop=990      P=  -4.62 R=   3.86 Y=  30.76 jitter=1932ns
TS=843.053358615 loop=991      P=  -4.80 R=   3.84 Y=  30.73 jitter=1339ns
TS=843.058358633 loop=992      P=  -5.01 R=   3.83 Y=  30.69 jitter=1357ns
TS=843.063358595 loop=993      P=  -5.21 R=   3.84 Y=  30.66 jitter=1319ns
TS=843.068358632 loop=994      P=  -5.37 R=   3.86 Y=  30.62 jitter=1356ns
TS=843.073358631 loop=995      P=  -5.57 R=   3.89 Y=  30.58 jitter=1355ns
TS=843.078358631 loop=996      P=  -5.80 R=   3.90 Y=  30.53 jitter=1355ns
TS=843.083358612 loop=997      P=  -6.02 R=   3.89 Y=  30.48 jitter=1336ns
TS=843.088359075 loop=998      P=  -6.23 R=   3.87 Y=  30.43 jitter=1799ns
TS=843.093358852 loop=999      P=  -6.41 R=   3.84 Y=  30.39 jitter=1576ns
TS=843.098359222 loop=1000     P=  -6.57 R=   3.80 Y=  30.35 jitter=1946ns
TS=843.103358981 loop=1001     P=  -6.71 R=   3.75 Y=  30.32 jitter=1705ns
TS=843.108358647 loop=1002     P=  -6.83 R=   3.72 Y=  30.30 jitter=1371ns
TS=843.113359035 loop=1003     P=  -6.90 R=   3.69 Y=  30.29 jitter=1759ns
TS=843.118359016 loop=1004     P=  -6.94 R=   3.70 Y=  30.29 jitter=1740ns
TS=843.123359109 loop=1005     P=  -6.93 R=   3.73 Y=  30.29 jitter=1833ns
TS=843.128359201 loop=1006     P=  -6.90 R=   3.81 Y=  30.31 jitter=1925ns
TS=843.133359071 loop=1007     P=  -6.98 R=   4.08 Y=  30.33 jitter=1795ns
TS=843.138359052 loop=1008     P=  -7.06 R=   4.34 Y=  30.35 jitter=1776ns
TS=843.143359070 loop=1009     P=  -7.17 R=   4.43 Y=  30.36 jitter=1794ns
TS=843.148359773 loop=1010     P=  -7.25 R=   4.50 Y=  30.38 jitter=2497ns
TS=843.153359569 loop=1011     P=  -7.26 R=   4.61 Y=  30.41 jitter=2293ns
TS=843.158359050 loop=1012     P=  -7.29 R=   4.80 Y=  30.43 jitter=1774ns
TS=843.163358994 loop=1013     P=  -7.32 R=   5.00 Y=  30.45 jitter=1718ns
TS=843.168359086 loop=1014     P=  -7.39 R=   5.19 Y=  30.45 jitter=1810ns
TS=843.173359234 loop=1015     P=  -7.54 R=   5.36 Y=  30.45 jitter=1958ns
TS=843.178359104 loop=1016     P=  -7.65 R=   5.58 Y=  30.42 jitter=1828ns
TS=843.183359215 loop=1017     P=  -7.72 R=   5.66 Y=  30.39 jitter=1939ns
TS=843.188359936 loop=1018     P=  -7.80 R=   5.73 Y=  30.35 jitter=2660ns
TS=843.193359288 loop=1019     P=  -7.83 R=   5.78 Y=  30.31 jitter=2012ns
TS=843.198359250 loop=1020     P=  -7.88 R=   5.82 Y=  30.28 jitter=1974ns
TS=843.203359639 loop=1021     P=  -7.89 R=   5.86 Y=  30.24 jitter=2363ns
TS=843.208359583 loop=1022     P=  -7.86 R=   5.88 Y=  30.21 jitter=2307ns
TS=843.213360064 loop=1023     P=  -7.82 R=   5.94 Y=  30.20 jitter=2788ns
TS=843.218359174 loop=1024     P=  -7.80 R=   6.04 Y=  30.19 jitter=1898ns
TS=843.223359785 loop=1025     P=  -7.78 R=   6.17 Y=  30.19 jitter=2509ns
TS=843.228359229 loop=1026     P=  -7.75 R=   6.27 Y=  30.19 jitter=1953ns
TS=843.233359284 loop=1027     P=  -7.72 R=   6.39 Y=  30.19 jitter=2008ns
TS=843.238358876 loop=1028     P=  -7.70 R=   6.55 Y=  30.19 jitter=1600ns
TS=843.243359024 loop=1029     P=  -7.70 R=   6.72 Y=  30.19 jitter=1748ns
TS=843.248359024 loop=1030     P=  -7.71 R=   6.87 Y=  30.18 jitter=1748ns
TS=843.253359023 loop=1031     P=  -7.72 R=   7.03 Y=  30.17 jitter=1747ns
TS=843.258359097 loop=1032     P=  -7.74 R=   7.24 Y=  30.16 jitter=1821ns
TS=843.263359245 loop=1033     P=  -7.72 R=   7.47 Y=  30.16 jitter=1969ns
TS=843.268358874 loop=1034     P=  -7.54 R=   7.65 Y=  30.14 jitter=1598ns
TS=843.273358633 loop=1035     P=  -7.49 R=   7.92 Y=  30.12 jitter=1357ns
TS=843.278358706 loop=1036     P=  -7.49 R=   8.27 Y=  30.11 jitter=1430ns
TS=843.283358928 loop=1037     P=  -7.49 R=   8.63 Y=  30.09 jitter=1652ns
TS=843.288358909 loop=1038     P=  -7.43 R=   8.99 Y=  30.08 jitter=1633ns
TS=843.293358723 loop=1039     P=  -7.33 R=   9.38 Y=  30.08 jitter=1447ns
TS=843.298358871 loop=1040     P=  -7.24 R=   9.79 Y=  30.09 jitter=1595ns
TS=843.303358612 loop=1041     P=  -7.15 R=  10.23 Y=  30.12 jitter=1336ns
TS=843.308358648 loop=1042     P=  -7.06 R=  10.69 Y=  30.15 jitter=1372ns
TS=843.313358592 loop=1043     P=  -6.91 R=  11.18 Y=  30.20 jitter=1316ns
TS=843.318358629 loop=1044     P=  -6.78 R=  11.70 Y=  30.26 jitter=1353ns
TS=843.323358610 loop=1045     P=  -6.59 R=  12.22 Y=  30.33 jitter=1334ns
TS=843.328358646 loop=1046     P=  -6.38 R=  12.75 Y=  30.41 jitter=1370ns
TS=843.333358609 loop=1047     P=  -6.13 R=  13.31 Y=  30.48 jitter=1333ns
TS=843.338358608 loop=1048     P=  -5.88 R=  13.86 Y=  30.56 jitter=1332ns
TS=843.343359034 loop=1049     P=  -5.61 R=  14.39 Y=  30.65 jitter=1758ns
TS=843.348359274 loop=1050     P=  -5.31 R=  14.86 Y=  30.74 jitter=1998ns
TS=843.353358626 loop=1051     P=  -4.92 R=  15.37 Y=  30.84 jitter=1350ns
TS=843.358358625 loop=1052     P=  -4.47 R=  15.85 Y=  30.94 jitter=1349ns
TS=843.363358606 loop=1053     P=  -3.79 R=  16.44 Y=  31.06 jitter=1330ns
TS=843.368358976 loop=1054     P=  -3.12 R=  16.96 Y=  31.18 jitter=1700ns
TS=843.373358661 loop=1055     P=  -2.36 R=  17.52 Y=  31.30 jitter=1385ns
TS=843.378358624 loop=1056     P=  -1.64 R=  18.03 Y=  31.43 jitter=1348ns
TS=843.383358623 loop=1057     P=  -0.92 R=  18.52 Y=  31.57 jitter=1347ns
TS=843.388358734 loop=1058     P=  -0.15 R=  19.10 Y=  31.72 jitter=1458ns
TS=843.393359030 loop=1059     P=   0.60 R=  19.65 Y=  31.85 jitter=1754ns
TS=843.398359344 loop=1060     P=   1.30 R=  20.18 Y=  31.97 jitter=2068ns
TS=843.403358955 loop=1061     P=   1.91 R=  20.68 Y=  32.06 jitter=1679ns
TS=843.408358639 loop=1062     P=   2.52 R=  21.22 Y=  32.13 jitter=1363ns
TS=843.413358676 loop=1063     P=   3.11 R=  21.82 Y=  32.17 jitter=1400ns
TS=843.418358676 loop=1064     P=   3.64 R=  22.38 Y=  32.20 jitter=1400ns
TS=843.423358583 loop=1065     P=   4.30 R=  23.04 Y=  32.22 jitter=1307ns
TS=843.428358619 loop=1066     P=   4.91 R=  23.61 Y=  32.23 jitter=1343ns
TS=843.433358619 loop=1067     P=   5.56 R=  24.12 Y=  32.25 jitter=1343ns
TS=843.438358766 loop=1068     P=   6.33 R=  24.66 Y=  32.26 jitter=1490ns
TS=843.443359007 loop=1069     P=   7.12 R=  25.17 Y=  32.28 jitter=1731ns
TS=843.448359914 loop=1070     P=   7.89 R=  25.67 Y=  32.30 jitter=2638ns
TS=843.453358636 loop=1071     P=   8.54 R=  26.28 Y=  32.33 jitter=1360ns
TS=843.458358580 loop=1072     P=   9.16 R=  26.82 Y=  32.37 jitter=1304ns
TS=843.463359116 loop=1073     P=   9.73 R=  27.19 Y=  32.40 jitter=1840ns
TS=843.468358653 loop=1074     P=  10.22 R=  27.57 Y=  32.41 jitter=1377ns
TS=843.473358597 loop=1075     P=  10.71 R=  27.85 Y=  32.40 jitter=1321ns
TS=843.478358615 loop=1076     P=  11.21 R=  28.13 Y=  32.38 jitter=1339ns
TS=843.483358596 loop=1077     P=  11.65 R=  28.41 Y=  32.36 jitter=1320ns
TS=843.488358651 loop=1078     P=  12.05 R=  28.66 Y=  32.33 jitter=1375ns
TS=843.493358614 loop=1079     P=  12.43 R=  28.89 Y=  32.31 jitter=1338ns
TS=843.498359909 loop=1080     P=  12.77 R=  29.08 Y=  32.28 jitter=2633ns
TS=843.503359002 loop=1081     P=  13.12 R=  29.30 Y=  32.25 jitter=1726ns
TS=843.508358668 loop=1082     P=  13.44 R=  29.48 Y=  32.23 jitter=1392ns
TS=843.513358612 loop=1083     P=  13.76 R=  29.61 Y=  32.20 jitter=1336ns
TS=843.518358611 loop=1084     P=  14.09 R=  29.70 Y=  32.19 jitter=1335ns
TS=843.523358574 loop=1085     P=  14.43 R=  29.75 Y=  32.18 jitter=1298ns
TS=843.528358648 loop=1086     P=  14.78 R=  29.79 Y=  32.18 jitter=1372ns
TS=843.533358592 loop=1087     P=  15.13 R=  29.83 Y=  32.18 jitter=1316ns
TS=843.538358628 loop=1088     P=  15.49 R=  29.88 Y=  32.18 jitter=1352ns
TS=843.543358998 loop=1089     P=  15.87 R=  29.96 Y=  32.17 jitter=1722ns
TS=843.548359424 loop=1090     P=  16.27 R=  30.09 Y=  32.14 jitter=2148ns
TS=843.553358645 loop=1091     P=  16.70 R=  30.20 Y=  32.09 jitter=1369ns
TS=843.558358663 loop=1092     P=  17.15 R=  30.30 Y=  32.04 jitter=1387ns
TS=843.563358700 loop=1093     P=  17.66 R=  30.44 Y=  31.98 jitter=1424ns
TS=843.568358644 loop=1094     P=  18.23 R=  30.58 Y=  31.92 jitter=1368ns
TS=843.573358644 loop=1095     P=  18.85 R=  30.71 Y=  31.86 jitter=1368ns
TS=843.578358625 loop=1096     P=  19.48 R=  30.79 Y=  31.81 jitter=1349ns
TS=843.583358680 loop=1097     P=  20.11 R=  30.83 Y=  31.77 jitter=1404ns
TS=843.588358976 loop=1098     P=  20.71 R=  30.85 Y=  31.74 jitter=1700ns
TS=843.593358975 loop=1099     P=  21.24 R=  30.82 Y=  31.71 jitter=1699ns
TS=843.598359493 loop=1100     P=  21.75 R=  30.77 Y=  31.69 jitter=2217ns
TS=843.603359234 loop=1101     P=  22.23 R=  30.66 Y=  31.68 jitter=1958ns
TS=843.608358770 loop=1102     P=  22.72 R=  30.55 Y=  31.68 jitter=1494ns
TS=843.613359307 loop=1103     P=  23.22 R=  30.44 Y=  31.68 jitter=2031ns
TS=843.618358621 loop=1104     P=  23.75 R=  30.36 Y=  31.68 jitter=1345ns
TS=843.623358639 loop=1105     P=  24.32 R=  30.24 Y=  31.68 jitter=1363ns
TS=843.628358657 loop=1106     P=  24.89 R=  30.09 Y=  31.67 jitter=1381ns
TS=843.633359046 loop=1107     P=  25.48 R=  29.90 Y=  31.66 jitter=1770ns
TS=843.638358620 loop=1108     P=  26.04 R=  29.66 Y=  31.63 jitter=1344ns
TS=843.643359008 loop=1109     P=  26.58 R=  29.41 Y=  31.60 jitter=1732ns
TS=843.648359452 loop=1110     P=  27.12 R=  29.15 Y=  31.57 jitter=2176ns
TS=843.653358618 loop=1111     P=  27.65 R=  28.96 Y=  31.53 jitter=1342ns
TS=843.658358599 loop=1112     P=  28.17 R=  28.82 Y=  31.48 jitter=1323ns
TS=843.663358988 loop=1113     P=  28.69 R=  28.73 Y=  31.43 jitter=1712ns
TS=843.668358635 loop=1114     P=  29.16 R=  28.63 Y=  31.38 jitter=1359ns
TS=843.673358691 loop=1115     P=  29.67 R=  28.53 Y=  31.31 jitter=1415ns
TS=843.678358857 loop=1116     P=  30.24 R=  28.50 Y=  31.23 jitter=1581ns
TS=843.683359782 loop=1117     P=  30.91 R=  28.48 Y=  31.14 jitter=2506ns
TS=843.688358708 loop=1118     P=  31.61 R=  28.41 Y=  31.04 jitter=1432ns
TS=843.693358596 loop=1119     P=  32.40 R=  28.31 Y=  30.95 jitter=1320ns
TS=843.698358874 loop=1120     P=  33.21 R=  28.25 Y=  30.88 jitter=1598ns
TS=843.703359669 loop=1121     P=  34.06 R=  28.07 Y=  30.82 jitter=2393ns
TS=843.708358706 loop=1122     P=  34.91 R=  27.92 Y=  30.77 jitter=1430ns
TS=843.713358872 loop=1123     P=  35.72 R=  27.77 Y=  30.72 jitter=1596ns
TS=843.718359316 loop=1124     P=  36.46 R=  27.55 Y=  30.70 jitter=2040ns
TS=843.723358834 loop=1125     P=  37.18 R=  27.32 Y=  30.69 jitter=1558ns
TS=843.728359667 loop=1126     P=  37.85 R=  27.14 Y=  30.70 jitter=2391ns
TS=843.733359056 loop=1127     P=  38.41 R=  26.97 Y=  30.72 jitter=1780ns
TS=843.738359203 loop=1128     P=  38.89 R=  26.87 Y=  30.74 jitter=1927ns
TS=843.743358907 loop=1129     P=  39.31 R=  26.78 Y=  30.77 jitter=1631ns
TS=843.748358869 loop=1130     P=  39.74 R=  26.70 Y=  30.80 jitter=1593ns
TS=843.753358739 loop=1131     P=  40.16 R=  26.65 Y=  30.82 jitter=1463ns
TS=843.758359035 loop=1132     P=  40.61 R=  26.62 Y=  30.85 jitter=1759ns
TS=843.763358924 loop=1133     P=  41.06 R=  26.62 Y=  30.87 jitter=1648ns
TS=843.768358960 loop=1134     P=  41.52 R=  26.55 Y=  30.89 jitter=1684ns
TS=843.773359219 loop=1135     P=  41.96 R=  26.35 Y=  30.91 jitter=1943ns
TS=843.778358607 loop=1136     P=  42.38 R=  25.96 Y=  30.93 jitter=1331ns
TS=843.783358866 loop=1137     P=  42.74 R=  25.44 Y=  30.97 jitter=1590ns
TS=843.788358921 loop=1138     P=  43.03 R=  24.86 Y=  31.02 jitter=1645ns
TS=843.793358643 loop=1139     P=  43.28 R=  24.22 Y=  31.09 jitter=1367ns
TS=843.798359458 loop=1140     P=  43.53 R=  23.58 Y=  31.16 jitter=2182ns
TS=843.803358624 loop=1141     P=  43.84 R=  22.93 Y=  31.24 jitter=1348ns
TS=843.808358753 loop=1142     P=  44.16 R=  22.33 Y=  31.33 jitter=1477ns
TS=843.813358586 loop=1143     P=  44.57 R=  21.73 Y=  31.44 jitter=1310ns
TS=843.818359104 loop=1144     P=  45.05 R=  21.16 Y=  31.57 jitter=1828ns
TS=843.823358622 loop=1145     P=  45.54 R=  20.45 Y=  31.73 jitter=1346ns
TS=843.828359251 loop=1146     P=  45.98 R=  19.62 Y=  31.92 jitter=1975ns
TS=843.833358584 loop=1147     P=  46.22 R=  18.64 Y=  32.13 jitter=1308ns
TS=843.838358584 loop=1148     P=  46.41 R=  17.59 Y=  32.37 jitter=1308ns
TS=843.843358583 loop=1149     P=  46.66 R=  16.57 Y=  32.68 jitter=1307ns
TS=843.848359231 loop=1150     P=  46.85 R=  15.48 Y=  33.04 jitter=1955ns
TS=843.853358638 loop=1151     P=  47.04 R=  14.28 Y=  33.42 jitter=1362ns
TS=843.858358619 loop=1152     P=  47.14 R=  13.08 Y=  33.82 jitter=1343ns
TS=843.863358582 loop=1153     P=  47.07 R=  11.90 Y=  34.24 jitter=1306ns
TS=843.868358618 loop=1154     P=  47.11 R=  10.78 Y=  34.67 jitter=1342ns
TS=843.873358636 loop=1155     P=  46.89 R=   9.75 Y=  35.08 jitter=1360ns
TS=843.878358988 loop=1156     P=  46.70 R=   8.88 Y=  35.47 jitter=1712ns
TS=843.883358839 loop=1157     P=  46.47 R=   8.13 Y=  35.82 jitter=1563ns
TS=843.888358635 loop=1158     P=  46.36 R=   7.42 Y=  36.14 jitter=1359ns
TS=843.893358597 loop=1159     P=  46.22 R=   6.72 Y=  36.42 jitter=1321ns
TS=843.898358875 loop=1160     P=  46.23 R=   6.08 Y=  36.68 jitter=1599ns
TS=843.903359337 loop=1161     P=  46.26 R=   5.45 Y=  36.93 jitter=2061ns
TS=843.908358633 loop=1162     P=  46.36 R=   4.74 Y=  37.19 jitter=1357ns
TS=843.913358596 loop=1163     P=  46.49 R=   4.13 Y=  37.48 jitter=1320ns
TS=843.918358595 loop=1164     P=  46.59 R=   3.39 Y=  37.78 jitter=1319ns
TS=843.923358595 loop=1165     P=  46.83 R=   2.77 Y=  38.10 jitter=1319ns
TS=843.928358761 loop=1166     P=  46.86 R=   2.10 Y=  38.42 jitter=1485ns
TS=843.933358779 loop=1167     P=  46.84 R=   2.04 Y=  38.74 jitter=1503ns
TS=843.938358982 loop=1168     P=  46.48 R=   2.04 Y=  39.06 jitter=1706ns
TS=843.943358630 loop=1169     P=  45.89 R=   2.40 Y=  39.34 jitter=1354ns
TS=843.948359352 loop=1170     P=  45.16 R=   2.97 Y=  39.57 jitter=2076ns
TS=843.953358944 loop=1171     P=  44.65 R=   2.14 Y=  39.77 jitter=1668ns
TS=843.958358610 loop=1172     P=  43.21 R=   0.45 Y=  40.00 jitter=1334ns
TS=843.963358573 loop=1173     P=  42.06 R=  -1.22 Y=  40.24 jitter=1297ns
TS=843.968358646 loop=1174     P=  41.09 R=  -2.59 Y=  40.52 jitter=1370ns
TS=843.973358646 loop=1175     P=  40.18 R=  -3.70 Y=  40.78 jitter=1370ns
TS=843.978358627 loop=1176     P=  39.32 R=  -4.54 Y=  40.96 jitter=1351ns
TS=843.983358590 loop=1177     P=  38.59 R=  -5.07 Y=  41.05 jitter=1314ns
TS=843.988358960 loop=1178     P=  38.02 R=  -5.34 Y=  41.09 jitter=1684ns
TS=843.993358978 loop=1179     P=  37.63 R=  -5.44 Y=  41.10 jitter=1702ns
TS=843.998359459 loop=1180     P=  37.45 R=  -5.49 Y=  41.11 jitter=2183ns
TS=844.003358977 loop=1181     P=  37.45 R=  -5.48 Y=  41.14 jitter=1701ns
TS=844.008358662 loop=1182     P=  37.56 R=  -5.48 Y=  41.17 jitter=1386ns
TS=844.013358624 loop=1183     P=  37.67 R=  -5.62 Y=  41.22 jitter=1348ns
TS=844.018358605 loop=1184     P=  37.58 R=  -5.92 Y=  41.29 jitter=1329ns
TS=844.023358623 loop=1185     P=  37.42 R=  -6.32 Y=  41.37 jitter=1347ns
TS=844.028358623 loop=1186     P=  37.16 R=  -6.74 Y=  41.47 jitter=1347ns
TS=844.033358604 loop=1187     P=  36.82 R=  -7.10 Y=  41.59 jitter=1328ns
TS=844.038358696 loop=1188     P=  36.43 R=  -7.38 Y=  41.72 jitter=1420ns
TS=844.043359029 loop=1189     P=  35.96 R=  -7.67 Y=  41.85 jitter=1753ns
TS=844.048359788 loop=1190     P=  35.51 R=  -7.91 Y=  41.97 jitter=2512ns
TS=844.053358621 loop=1191     P=  35.06 R=  -8.12 Y=  42.09 jitter=1345ns
TS=844.058358657 loop=1192     P=  34.69 R=  -8.30 Y=  42.19 jitter=1381ns
TS=844.063358583 loop=1193     P=  34.34 R=  -8.47 Y=  42.29 jitter=1307ns
TS=844.068358638 loop=1194     P=  34.01 R=  -8.62 Y=  42.38 jitter=1362ns
TS=844.073358637 loop=1195     P=  33.72 R=  -8.70 Y=  42.47 jitter=1361ns
TS=844.078358637 loop=1196     P=  33.55 R=  -8.23 Y=  42.55 jitter=1361ns
TS=844.083358618 loop=1197     P=  33.21 R=  -8.48 Y=  42.61 jitter=1342ns
TS=844.088358951 loop=1198     P=  32.61 R=  -8.86 Y=  42.66 jitter=1675ns
TS=844.093358969 loop=1199     P=  31.97 R=  -9.18 Y=  42.72 jitter=1693ns
TS=844.098360042 loop=1200     P=  31.36 R=  -9.38 Y=  42.76 jitter=2766ns
TS=844.103358986 loop=1201     P=  30.93 R=  -9.48 Y=  42.75 jitter=1710ns
TS=844.108358671 loop=1202     P=  30.66 R=  -9.67 Y=  42.72 jitter=1395ns
TS=844.113358615 loop=1203     P=  30.45 R=  -9.86 Y=  42.70 jitter=1339ns
TS=844.118358633 loop=1204     P=  30.25 R=  -9.98 Y=  42.69 jitter=1357ns
TS=844.123358633 loop=1205     P=  30.06 R= -10.14 Y=  42.69 jitter=1357ns
TS=844.128358947 loop=1206     P=  29.92 R= -10.32 Y=  42.69 jitter=1671ns
TS=844.133358595 loop=1207     P=  29.64 R= -10.48 Y=  42.70 jitter=1319ns
TS=844.138358594 loop=1208     P=  29.45 R= -10.73 Y=  42.70 jitter=1318ns
TS=844.143358612 loop=1209     P=  29.25 R= -10.99 Y=  42.71 jitter=1336ns
TS=844.148359797 loop=1210     P=  29.07 R= -11.35 Y=  42.70 jitter=2521ns
TS=844.153358611 loop=1211     P=  28.87 R= -11.76 Y=  42.70 jitter=1335ns
TS=844.158358611 loop=1212     P=  28.56 R= -12.21 Y=  42.71 jitter=1335ns
TS=844.163358684 loop=1213     P=  28.11 R= -12.62 Y=  42.72 jitter=1408ns
TS=844.168358610 loop=1214     P=  27.58 R= -12.96 Y=  42.71 jitter=1334ns
TS=844.173358776 loop=1215     P=  27.02 R= -13.27 Y=  42.70 jitter=1500ns
TS=844.178358831 loop=1216     P=  26.45 R= -13.49 Y=  42.69 jitter=1555ns
TS=844.183358905 loop=1217     P=  25.93 R= -13.66 Y=  42.68 jitter=1629ns
TS=844.188358830 loop=1218     P=  25.45 R= -13.81 Y=  42.66 jitter=1554ns
TS=844.193358756 loop=1219     P=  24.97 R= -13.97 Y=  42.64 jitter=1480ns
TS=844.198359496 loop=1220     P=  24.56 R= -14.15 Y=  42.62 jitter=2220ns
TS=844.203358829 loop=1221     P=  24.22 R= -14.35 Y=  42.61 jitter=1553ns
TS=844.208358810 loop=1222     P=  23.87 R= -14.57 Y=  42.60 jitter=1534ns
TS=844.213359198 loop=1223     P=  23.56 R= -14.79 Y=  42.60 jitter=1922ns
TS=844.218358790 loop=1224     P=  23.21 R= -14.94 Y=  42.61 jitter=1514ns
TS=844.223359327 loop=1225     P=  22.83 R= -15.05 Y=  42.62 jitter=2051ns
TS=844.228358808 loop=1226     P=  22.46 R= -15.09 Y=  42.63 jitter=1532ns
TS=844.233359030 loop=1227     P=  22.09 R= -15.12 Y=  42.64 jitter=1754ns
TS=844.238359863 loop=1228     P=  21.75 R= -15.14 Y=  42.65 jitter=2587ns
TS=844.243358714 loop=1229     P=  21.40 R= -15.17 Y=  42.66 jitter=1438ns
TS=844.248358713 loop=1230     P=  21.06 R= -15.20 Y=  42.66 jitter=1437ns
TS=844.253359028 loop=1231     P=  20.72 R= -15.22 Y=  42.66 jitter=1752ns
TS=844.258360361 loop=1232     P=  20.33 R= -15.25 Y=  42.66 jitter=3085ns
TS=844.263359527 loop=1233     P=  19.93 R= -15.28 Y=  42.65 jitter=2251ns
TS=844.268358767 loop=1234     P=  19.52 R= -15.34 Y=  42.63 jitter=1491ns
TS=844.273358822 loop=1235     P=  19.12 R= -15.35 Y=  42.61 jitter=1546ns
TS=844.278358840 loop=1236     P=  18.70 R= -15.34 Y=  42.59 jitter=1564ns
TS=844.283358932 loop=1237     P=  18.25 R= -15.31 Y=  42.56 jitter=1656ns
TS=844.288358654 loop=1238     P=  17.75 R= -15.24 Y=  42.54 jitter=1378ns
TS=844.293359061 loop=1239     P=  17.19 R= -15.15 Y=  42.51 jitter=1785ns
TS=844.298358820 loop=1240     P=  16.55 R= -15.07 Y=  42.47 jitter=1544ns
TS=844.303358986 loop=1241     P=  15.93 R= -15.04 Y=  42.43 jitter=1710ns
TS=844.308358652 loop=1242     P=  15.33 R= -14.97 Y=  42.39 jitter=1376ns
TS=844.313359059 loop=1243     P=  14.83 R= -14.89 Y=  42.33 jitter=1783ns
TS=844.318358651 loop=1244     P=  14.34 R= -14.85 Y=  42.28 jitter=1375ns
TS=844.323358632 loop=1245     P=  13.84 R= -14.80 Y=  42.23 jitter=1356ns
TS=844.328358632 loop=1246     P=  13.34 R= -14.74 Y=  42.19 jitter=1356ns
TS=844.333358613 loop=1247     P=  12.82 R= -14.74 Y=  42.14 jitter=1337ns
TS=844.338358575 loop=1248     P=  12.28 R= -14.75 Y=  42.09 jitter=1299ns
TS=844.343358649 loop=1249     P=  11.70 R= -14.76 Y=  42.03 jitter=1373ns
TS=844.348358963 loop=1250     P=  11.10 R= -14.73 Y=  41.96 jitter=1687ns
TS=844.353358593 loop=1251     P=  10.54 R= -14.66 Y=  41.88 jitter=1317ns
TS=844.358358629 loop=1252     P=   9.96 R= -14.58 Y=  41.80 jitter=1353ns
TS=844.363358573 loop=1253     P=   9.44 R= -14.49 Y=  41.72 jitter=1297ns
TS=844.368358647 loop=1254     P=   8.98 R= -14.36 Y=  41.64 jitter=1371ns
TS=844.373358628 loop=1255     P=   8.51 R= -14.25 Y=  41.57 jitter=1352ns
TS=844.378358590 loop=1256     P=   8.07 R= -14.21 Y=  41.49 jitter=1314ns
TS=844.383358812 loop=1257     P=   7.73 R= -14.24 Y=  41.43 jitter=1536ns
TS=844.388359126 loop=1258     P=   7.38 R= -14.21 Y=  41.38 jitter=1850ns
TS=844.393358626 loop=1259     P=   7.08 R= -14.17 Y=  41.35 jitter=1350ns
TS=844.398358681 loop=1260     P=   6.77 R= -14.17 Y=  41.34 jitter=1405ns
TS=844.403358606 loop=1261     P=   6.43 R= -14.22 Y=  41.35 jitter=1330ns
TS=844.408358624 loop=1262     P=   6.03 R= -14.27 Y=  41.39 jitter=1348ns
TS=844.413358957 loop=1263     P=   5.54 R= -14.33 Y=  41.45 jitter=1681ns
TS=844.418358661 loop=1264     P=   5.05 R= -14.34 Y=  41.52 jitter=1385ns
TS=844.423358642 loop=1265     P=   4.54 R= -14.28 Y=  41.59 jitter=1366ns
TS=844.428358641 loop=1266     P=   3.98 R= -14.26 Y=  41.66 jitter=1365ns
TS=844.433358807 loop=1267     P=   3.41 R= -14.25 Y=  41.70 jitter=1531ns
TS=844.438359066 loop=1268     P=   2.83 R= -14.28 Y=  41.73 jitter=1790ns
TS=844.443359066 loop=1269     P=   2.26 R= -14.28 Y=  41.75 jitter=1790ns
TS=844.448359324 loop=1270     P=   1.60 R= -14.24 Y=  41.76 jitter=2048ns
TS=844.453359009 loop=1271     P=   0.94 R= -14.30 Y=  41.77 jitter=1733ns
TS=844.458358620 loop=1272     P=   0.37 R= -14.42 Y=  41.77 jitter=1344ns
TS=844.463358675 loop=1273     P=  -0.14 R= -14.53 Y=  41.77 jitter=1399ns
TS=844.468359045 loop=1274     P=  -0.64 R= -14.60 Y=  41.80 jitter=1769ns
TS=844.473358692 loop=1275     P=  -1.13 R= -14.65 Y=  41.83 jitter=1416ns
TS=844.478358599 loop=1276     P=  -1.65 R= -14.64 Y=  41.87 jitter=1323ns
TS=844.483358617 loop=1277     P=  -2.12 R= -14.62 Y=  41.91 jitter=1341ns
TS=844.488358635 loop=1278     P=  -2.59 R= -14.60 Y=  41.96 jitter=1359ns
TS=844.493358635 loop=1279     P=  -3.02 R= -14.52 Y=  42.00 jitter=1359ns
TS=844.498359468 loop=1280     P=  -3.33 R= -14.51 Y=  42.04 jitter=2192ns
TS=844.503359004 loop=1281     P=  -3.69 R= -14.35 Y=  42.11 jitter=1728ns
TS=844.508358671 loop=1282     P=  -4.10 R= -14.03 Y=  42.18 jitter=1395ns
TS=844.513358948 loop=1283     P=  -4.54 R= -13.77 Y=  42.26 jitter=1672ns
TS=844.518358633 loop=1284     P=  -5.02 R= -13.41 Y=  42.35 jitter=1357ns
TS=844.523358614 loop=1285     P=  -5.47 R= -13.11 Y=  42.42 jitter=1338ns
TS=844.528358669 loop=1286     P=  -5.96 R= -12.84 Y=  42.50 jitter=1393ns
TS=844.533358613 loop=1287     P=  -6.45 R= -12.58 Y=  42.58 jitter=1337ns
TS=844.538359001 loop=1288     P=  -6.92 R= -12.30 Y=  42.66 jitter=1725ns
TS=844.543358945 loop=1289     P=  -7.04 R= -12.41 Y=  42.74 jitter=1669ns
TS=844.548359056 loop=1290     P=  -7.04 R= -12.56 Y=  42.83 jitter=1780ns
TS=844.553358629 loop=1291     P=  -7.12 R= -12.33 Y=  42.93 jitter=1353ns
TS=844.558358610 loop=1292     P=  -7.27 R= -12.09 Y=  43.01 jitter=1334ns
TS=844.563358610 loop=1293     P=  -7.45 R= -11.92 Y=  43.08 jitter=1334ns
TS=844.568358924 loop=1294     P=  -7.64 R= -11.65 Y=  43.15 jitter=1648ns
TS=844.573358628 loop=1295     P=  -7.85 R= -11.36 Y=  43.23 jitter=1352ns
TS=844.578358646 loop=1296     P=  -8.07 R= -11.08 Y=  43.30 jitter=1370ns
TS=844.583358590 loop=1297     P=  -8.30 R= -10.80 Y=  43.37 jitter=1314ns
TS=844.588359034 loop=1298     P=  -8.53 R= -10.53 Y=  43.43 jitter=1758ns
TS=844.593358644 loop=1299     P=  -8.78 R= -10.31 Y=  43.51 jitter=1368ns
TS=844.598358922 loop=1300     P=  -9.05 R= -10.13 Y=  43.58 jitter=1646ns
TS=844.603359051 loop=1301     P=  -9.34 R=  -9.94 Y=  43.64 jitter=1775ns
TS=844.608358643 loop=1302     P=  -9.63 R=  -9.79 Y=  43.69 jitter=1367ns
TS=844.613358642 loop=1303     P=  -9.94 R=  -9.63 Y=  43.74 jitter=1366ns
TS=844.618358623 loop=1304     P= -10.26 R=  -9.53 Y=  43.78 jitter=1347ns
TS=844.623358623 loop=1305     P= -10.62 R=  -9.55 Y=  43.84 jitter=1347ns
TS=844.628358919 loop=1306     P= -10.96 R=  -9.62 Y=  43.89 jitter=1643ns
TS=844.633358603 loop=1307     P= -11.28 R=  -9.70 Y=  43.94 jitter=1327ns
TS=844.638358640 loop=1308     P= -11.61 R=  -9.88 Y=  43.99 jitter=1364ns
TS=844.643358621 loop=1309     P= -11.93 R= -10.08 Y=  44.06 jitter=1345ns
TS=844.648359139 loop=1310     P= -12.22 R= -10.25 Y=  44.14 jitter=1863ns
TS=844.653358620 loop=1311     P= -12.50 R= -10.37 Y=  44.24 jitter=1344ns
TS=844.658358657 loop=1312     P= -12.75 R= -10.46 Y=  44.34 jitter=1381ns
TS=844.663359008 loop=1313     P= -13.02 R= -10.56 Y=  44.44 jitter=1732ns
TS=844.668358637 loop=1314     P= -13.31 R= -10.70 Y=  44.53 jitter=1361ns
TS=844.673358729 loop=1315     P= -13.63 R= -10.89 Y=  44.61 jitter=1453ns
TS=844.678358784 loop=1316     P= -13.95 R= -11.09 Y=  44.70 jitter=1508ns
TS=844.683359654 loop=1317     P= -14.29 R= -11.31 Y=  44.79 jitter=2378ns
TS=844.688358728 loop=1318     P= -14.63 R= -11.48 Y=  44.88 jitter=1452ns
TS=844.693359153 loop=1319     P= -14.97 R= -11.62 Y=  44.97 jitter=1877ns
TS=844.698358783 loop=1320     P= -15.33 R= -11.73 Y=  45.05 jitter=1507ns
TS=844.703358893 loop=1321     P= -15.69 R= -11.77 Y=  45.14 jitter=1617ns
TS=844.708359189 loop=1322     P= -16.08 R= -11.76 Y=  45.23 jitter=1913ns
TS=844.713359263 loop=1323     P= -16.46 R= -11.77 Y=  45.33 jitter=1987ns
TS=844.718358984 loop=1324     P= -16.85 R= -11.79 Y=  45.43 jitter=1708ns
TS=844.723359058 loop=1325     P= -17.26 R= -11.85 Y=  45.55 jitter=1782ns
TS=844.728358780 loop=1326     P= -17.66 R= -11.97 Y=  45.68 jitter=1504ns
TS=844.733358835 loop=1327     P= -18.08 R= -12.11 Y=  45.83 jitter=1559ns
TS=844.738359779 loop=1328     P= -18.48 R= -12.22 Y=  45.98 jitter=2503ns
TS=844.743358778 loop=1329     P= -18.89 R= -12.36 Y=  46.14 jitter=1502ns
TS=844.748358945 loop=1330     P= -19.33 R= -12.44 Y=  46.29 jitter=1669ns
TS=844.753358703 loop=1331     P= -19.76 R= -12.57 Y=  46.44 jitter=1427ns
TS=844.758358684 loop=1332     P= -20.21 R= -12.68 Y=  46.59 jitter=1408ns
TS=844.763358832 loop=1333     P= -20.69 R= -12.68 Y=  46.77 jitter=1556ns
TS=844.768359146 loop=1334     P= -21.24 R= -12.61 Y=  46.97 jitter=1870ns
TS=844.773359313 loop=1335     P= -21.91 R= -12.48 Y=  47.19 jitter=2037ns
TS=844.778358979 loop=1336     P= -22.67 R= -12.31 Y=  47.42 jitter=1703ns
TS=844.783358701 loop=1337     P= -23.48 R= -12.12 Y=  47.66 jitter=1425ns
TS=844.788358959 loop=1338     P= -24.44 R= -12.01 Y=  47.87 jitter=1683ns
TS=844.793359051 loop=1339     P= -25.56 R= -12.06 Y=  48.06 jitter=1775ns
TS=844.798359607 loop=1340     P= -26.78 R= -12.35 Y=  48.22 jitter=2331ns
TS=844.803359180 loop=1341     P= -28.05 R= -12.84 Y=  48.37 jitter=1904ns
TS=844.808358661 loop=1342     P= -29.34 R= -13.50 Y=  48.49 jitter=1385ns
TS=844.813358642 loop=1343     P= -30.62 R= -14.27 Y=  48.60 jitter=1366ns
TS=844.818358623 loop=1344     P= -31.88 R= -15.16 Y=  48.68 jitter=1347ns
TS=844.823358641 loop=1345     P= -33.12 R= -16.14 Y=  48.76 jitter=1365ns
TS=844.828358641 loop=1346     P= -34.33 R= -17.21 Y=  48.83 jitter=1365ns
TS=844.833358585 loop=1347     P= -35.46 R= -18.28 Y=  48.91 jitter=1309ns
TS=844.838358640 loop=1348     P= -36.51 R= -19.35 Y=  49.00 jitter=1364ns
TS=844.843359028 loop=1349     P= -37.47 R= -20.36 Y=  49.10 jitter=1752ns
TS=844.848359417 loop=1350     P= -38.36 R= -21.30 Y=  49.22 jitter=2141ns
TS=844.853358620 loop=1351     P= -39.16 R= -22.18 Y=  49.35 jitter=1344ns
TS=844.858358656 loop=1352     P= -39.92 R= -22.98 Y=  49.49 jitter=1380ns
TS=844.863358934 loop=1353     P= -40.60 R= -23.72 Y=  49.65 jitter=1658ns
TS=844.868358637 loop=1354     P= -41.25 R= -24.37 Y=  49.80 jitter=1361ns
TS=844.873358600 loop=1355     P= -41.85 R= -24.92 Y=  49.95 jitter=1324ns
TS=844.878358599 loop=1356     P= -42.47 R= -25.41 Y=  50.10 jitter=1323ns
TS=844.883358802 loop=1357     P= -43.13 R= -25.87 Y=  50.23 jitter=1526ns
TS=844.888358654 loop=1358     P= -43.82 R= -26.30 Y=  50.34 jitter=1378ns
TS=844.893358968 loop=1359     P= -44.50 R= -26.71 Y=  50.43 jitter=1692ns
TS=844.898359560 loop=1360     P= -45.13 R= -27.14 Y=  50.51 jitter=2284ns
TS=844.903359004 loop=1361     P= -45.71 R= -27.57 Y=  50.56 jitter=1728ns
TS=844.908358633 loop=1362     P= -46.34 R= -27.94 Y=  50.61 jitter=1357ns
TS=844.913358614 loop=1363     P= -47.10 R= -28.47 Y=  50.66 jitter=1338ns
TS=844.918358632 loop=1364     P= -47.86 R= -28.99 Y=  50.69 jitter=1356ns
TS=844.923358632 loop=1365     P= -48.59 R= -29.47 Y=  50.72 jitter=1356ns
TS=844.928358613 loop=1366     P= -49.39 R= -29.98 Y=  50.74 jitter=1337ns
TS=844.933358724 loop=1367     P= -50.23 R= -30.54 Y=  50.75 jitter=1448ns
TS=844.938358723 loop=1368     P= -51.08 R= -31.12 Y=  50.73 jitter=1447ns
TS=844.943359037 loop=1369     P= -51.95 R= -31.84 Y=  50.71 jitter=1761ns
TS=844.948359500 loop=1370     P= -52.85 R= -32.64 Y=  50.68 jitter=2224ns
TS=844.953358611 loop=1371     P= -53.74 R= -33.57 Y=  50.66 jitter=1335ns
TS=844.958358610 loop=1372     P= -54.63 R= -34.54 Y=  50.64 jitter=1334ns
TS=844.963358591 loop=1373     P= -55.51 R= -35.59 Y=  50.64 jitter=1315ns
TS=844.968358646 loop=1374     P= -56.37 R= -36.66 Y=  50.65 jitter=1370ns
TS=844.973358609 loop=1375     P= -57.20 R= -37.81 Y=  50.68 jitter=1333ns
TS=844.978358627 loop=1376     P= -58.00 R= -38.98 Y=  50.71 jitter=1351ns
TS=844.983358626 loop=1377     P= -58.77 R= -40.23 Y=  50.76 jitter=1350ns
TS=844.988358959 loop=1378     P= -59.49 R= -41.47 Y=  50.83 jitter=1683ns
TS=844.993358922 loop=1379     P= -60.18 R= -42.70 Y=  50.91 jitter=1646ns
TS=844.998359088 loop=1380     P= -60.81 R= -43.92 Y=  50.99 jitter=1812ns
TS=845.003358958 loop=1381     P= -61.42 R= -45.16 Y=  51.09 jitter=1682ns
TS=845.008358680 loop=1382     P= -61.99 R= -46.43 Y=  51.19 jitter=1404ns
TS=845.013358790 loop=1383     P= -62.52 R= -47.61 Y=  51.29 jitter=1514ns
TS=845.018358642 loop=1384     P= -63.00 R= -48.78 Y=  51.37 jitter=1366ns
TS=845.023358604 loop=1385     P= -63.45 R= -49.83 Y=  51.44 jitter=1328ns
TS=845.028358622 loop=1386     P= -63.87 R= -50.89 Y=  51.49 jitter=1346ns
TS=845.033358603 loop=1387     P= -64.29 R= -51.87 Y=  51.53 jitter=1327ns
TS=845.038358603 loop=1388     P= -64.70 R= -52.81 Y=  51.56 jitter=1327ns
TS=845.043359065 loop=1389     P= -65.11 R= -53.80 Y=  51.58 jitter=1789ns
TS=845.048359991 loop=1390     P= -65.50 R= -54.70 Y=  51.58 jitter=2715ns
TS=845.053359027 loop=1391     P= -65.92 R= -55.62 Y=  51.57 jitter=1751ns
TS=845.058358601 loop=1392     P= -66.33 R= -56.54 Y=  51.55 jitter=1325ns
TS=845.063358600 loop=1393     P= -66.79 R= -57.53 Y=  51.53 jitter=1324ns
TS=845.068358637 loop=1394     P= -67.23 R= -58.64 Y=  51.50 jitter=1361ns
TS=845.073358618 loop=1395     P= -67.68 R= -59.84 Y=  51.47 jitter=1342ns
TS=845.078358617 loop=1396     P= -68.11 R= -61.17 Y=  51.44 jitter=1341ns
TS=845.083358561 loop=1397     P= -68.54 R= -62.53 Y=  51.42 jitter=1285ns
TS=845.088359005 loop=1398     P= -68.95 R= -63.93 Y=  51.41 jitter=1729ns
TS=845.093358912 loop=1399     P= -69.34 R= -65.35 Y=  51.41 jitter=1636ns
TS=845.098359171 loop=1400     P= -69.71 R= -66.78 Y=  51.43 jitter=1895ns
TS=845.103358967 loop=1401     P= -70.06 R= -68.16 Y=  51.45 jitter=1691ns
TS=845.108358651 loop=1402     P= -70.40 R= -69.46 Y=  51.48 jitter=1375ns
TS=845.113358614 loop=1403     P= -70.72 R= -70.74 Y=  51.52 jitter=1338ns
TS=845.118358947 loop=1404     P= -71.00 R= -71.96 Y=  51.57 jitter=1671ns
TS=845.123358798 loop=1405     P= -71.26 R= -73.12 Y=  51.61 jitter=1522ns
TS=845.128358705 loop=1406     P= -71.51 R= -74.28 Y=  51.66 jitter=1429ns
TS=845.133358686 loop=1407     P= -71.71 R= -75.48 Y=  51.70 jitter=1410ns
TS=845.138359019 loop=1408     P= -71.89 R= -76.78 Y=  51.75 jitter=1743ns
TS=845.143358592 loop=1409     P= -72.03 R= -78.14 Y=  51.80 jitter=1316ns
TS=845.148359610 loop=1410     P= -72.17 R= -79.50 Y=  51.85 jitter=2334ns
TS=845.153358610 loop=1411     P= -72.31 R= -80.91 Y=  51.90 jitter=1334ns
TS=845.158358609 loop=1412     P= -72.47 R= -82.30 Y=  51.94 jitter=1333ns
TS=845.163358627 loop=1413     P= -72.64 R= -83.68 Y=  51.97 jitter=1351ns
TS=845.168358645 loop=1414     P= -72.82 R= -85.10 Y=  51.99 jitter=1369ns
TS=845.173358756 loop=1415     P= -72.98 R= -86.55 Y=  51.99 jitter=1480ns
TS=845.178358811 loop=1416     P= -73.14 R= -88.01 Y=  51.98 jitter=1535ns
TS=845.183358792 loop=1417     P= -73.29 R= -89.42 Y=  51.95 jitter=1516ns
TS=845.188358773 loop=1418     P= -73.43 R= -90.89 Y=  51.91 jitter=1497ns
TS=845.193358883 loop=1419     P= -73.57 R= -92.39 Y=  51.86 jitter=1607ns
TS=845.198359605 loop=1420     P= -73.70 R= -93.86 Y=  51.80 jitter=2329ns
TS=845.203359271 loop=1421     P= -73.82 R= -95.30 Y=  51.73 jitter=1995ns
TS=845.208358734 loop=1422     P= -73.95 R= -96.69 Y=  51.66 jitter=1458ns
TS=845.213358733 loop=1423     P= -74.10 R= -98.04 Y=  51.58 jitter=1457ns
TS=845.218358881 loop=1424     P= -74.23 R= -99.32 Y=  51.50 jitter=1605ns
TS=845.223359140 loop=1425     P= -74.35 R=-100.52 Y=  51.43 jitter=1864ns
TS=845.228358824 loop=1426     P= -74.47 R=-101.65 Y=  51.35 jitter=1548ns
TS=845.233358861 loop=1427     P= -74.55 R=-102.71 Y=  51.29 jitter=1585ns
TS=845.238359249 loop=1428     P= -74.62 R=-103.75 Y=  51.24 jitter=1973ns
TS=845.243359267 loop=1429     P= -74.66 R=-104.77 Y=  51.20 jitter=1991ns
TS=845.248358785 loop=1430     P= -74.68 R=-105.75 Y=  51.17 jitter=1509ns
TS=845.253358692 loop=1431     P= -74.65 R=-106.75 Y=  51.14 jitter=1416ns
TS=845.258358784 loop=1432     P= -74.59 R=-107.74 Y=  51.12 jitter=1508ns
TS=845.263359173 loop=1433     P= -74.50 R=-108.79 Y=  51.09 jitter=1897ns
TS=845.268359024 loop=1434     P= -74.36 R=-109.86 Y=  51.05 jitter=1748ns
TS=845.273358635 loop=1435     P= -74.21 R=-110.95 Y=  51.02 jitter=1359ns
TS=845.278359356 loop=1436     P= -74.03 R=-112.06 Y=  50.97 jitter=2080ns
TS=845.283358893 loop=1437     P= -73.87 R=-113.16 Y=  50.92 jitter=1617ns
TS=845.288358652 loop=1438     P= -73.73 R=-114.28 Y=  50.86 jitter=1376ns
TS=845.293358781 loop=1439     P= -73.61 R=-115.37 Y=  50.80 jitter=1505ns
TS=845.298359114 loop=1440     P= -73.51 R=-116.45 Y=  50.74 jitter=1838ns
TS=845.303358613 loop=1441     P= -73.43 R=-117.50 Y=  50.67 jitter=1337ns
TS=845.308358613 loop=1442     P= -73.37 R=-118.48 Y=  50.61 jitter=1337ns
TS=845.313358594 loop=1443     P= -73.33 R=-119.39 Y=  50.55 jitter=1318ns
TS=845.318358667 loop=1444     P= -73.31 R=-120.27 Y=  50.50 jitter=1391ns
TS=845.323358833 loop=1445     P= -73.28 R=-121.10 Y=  50.45 jitter=1557ns
TS=845.328358648 loop=1446     P= -73.25 R=-121.90 Y=  50.40 jitter=1372ns
TS=845.333358592 loop=1447     P= -73.23 R=-122.67 Y=  50.37 jitter=1316ns
TS=845.338358610 loop=1448     P= -73.20 R=-123.41 Y=  50.34 jitter=1334ns
TS=845.343359257 loop=1449     P= -73.15 R=-124.16 Y=  50.32 jitter=1981ns
TS=845.348359535 loop=1450     P= -73.09 R=-124.89 Y=  50.29 jitter=2259ns
TS=845.353359016 loop=1451     P= -73.00 R=-125.63 Y=  50.26 jitter=1740ns
TS=845.358358645 loop=1452     P= -72.91 R=-126.35 Y=  50.22 jitter=1369ns
TS=845.363358589 loop=1453     P= -72.79 R=-127.05 Y=  50.16 jitter=1313ns
TS=845.368358662 loop=1454     P= -72.66 R=-127.74 Y=  50.09 jitter=1386ns
TS=845.373358625 loop=1455     P= -72.50 R=-128.38 Y=  50.00 jitter=1349ns
TS=845.378359013 loop=1456     P= -72.32 R=-129.02 Y=  49.91 jitter=1737ns
TS=845.383358587 loop=1457     P= -72.15 R=-129.60 Y=  49.81 jitter=1311ns
TS=845.388358642 loop=1458     P= -71.99 R=-130.15 Y=  49.70 jitter=1366ns
TS=845.393358586 loop=1459     P= -71.84 R=-130.67 Y=  49.60 jitter=1310ns
TS=845.398359641 loop=1460     P= -71.69 R=-131.12 Y=  49.50 jitter=2365ns
TS=845.403358640 loop=1461     P= -71.56 R=-131.55 Y=  49.41 jitter=1364ns
TS=845.408358677 loop=1462     P= -71.43 R=-131.95 Y=  49.33 jitter=1401ns
TS=845.413358769 loop=1463     P= -71.30 R=-132.34 Y=  49.28 jitter=1493ns
TS=845.418358639 loop=1464     P= -71.18 R=-132.73 Y=  49.24 jitter=1363ns
TS=845.423358620 loop=1465     P= -71.07 R=-133.14 Y=  49.21 jitter=1344ns
TS=845.428359008 loop=1466     P= -70.96 R=-133.58 Y=  49.20 jitter=1732ns
TS=845.433358619 loop=1467     P= -70.86 R=-134.03 Y=  49.19 jitter=1343ns
TS=845.438358600 loop=1468     P= -70.77 R=-134.44 Y=  49.19 jitter=1324ns
TS=845.443358599 loop=1469     P= -70.68 R=-134.84 Y=  49.18 jitter=1323ns
TS=845.448359636 loop=1470     P= -70.59 R=-135.22 Y=  49.18 jitter=2360ns
TS=845.453359006 loop=1471     P= -70.51 R=-135.58 Y=  49.18 jitter=1730ns
TS=845.458358616 loop=1472     P= -70.42 R=-135.87 Y=  49.17 jitter=1340ns
TS=845.463358579 loop=1473     P= -70.31 R=-136.19 Y=  49.17 jitter=1303ns
TS=845.468359041 loop=1474     P= -70.19 R=-136.50 Y=  49.17 jitter=1765ns
TS=845.473358652 loop=1475     P= -70.06 R=-136.80 Y=  49.18 jitter=1376ns
TS=845.478358725 loop=1476     P= -69.94 R=-137.10 Y=  49.18 jitter=1449ns
TS=845.483358595 loop=1477     P= -69.81 R=-137.39 Y=  49.17 jitter=1319ns
TS=845.488358632 loop=1478     P= -69.67 R=-137.67 Y=  49.16 jitter=1356ns
TS=845.493358928 loop=1479     P= -69.53 R=-137.93 Y=  49.13 jitter=1652ns
TS=845.498359094 loop=1480     P= -69.39 R=-138.17 Y=  49.10 jitter=1818ns
TS=845.503359001 loop=1481     P= -69.24 R=-138.38 Y=  49.06 jitter=1725ns
TS=845.508358630 loop=1482     P= -69.10 R=-138.62 Y=  49.02 jitter=1354ns
TS=845.513358722 loop=1483     P= -68.98 R=-138.85 Y=  48.98 jitter=1446ns
TS=845.518358629 loop=1484     P= -68.87 R=-139.04 Y=  48.93 jitter=1353ns
TS=845.523358684 loop=1485     P= -68.77 R=-139.20 Y=  48.88 jitter=1408ns
TS=845.528358646 loop=1486     P= -68.69 R=-139.34 Y=  48.83 jitter=1370ns
TS=845.533358627 loop=1487     P= -68.61 R=-139.45 Y=  48.78 jitter=1351ns
TS=845.538358608 loop=1488     P= -68.54 R=-139.53 Y=  48.74 jitter=1332ns
TS=845.543358589 loop=1489     P= -68.47 R=-139.57 Y=  48.71 jitter=1313ns
TS=845.548359200 loop=1490     P= -68.39 R=-139.58 Y=  48.68 jitter=1924ns
TS=845.553358644 loop=1491     P= -68.32 R=-139.59 Y=  48.66 jitter=1368ns
TS=845.558358625 loop=1492     P= -68.21 R=-139.58 Y=  48.64 jitter=1349ns
TS=845.563358624 loop=1493     P= -68.09 R=-139.57 Y=  48.64 jitter=1348ns
TS=845.568358976 loop=1494     P= -68.00 R=-139.54 Y=  48.64 jitter=1700ns
TS=845.573358642 loop=1495     P= -67.95 R=-139.48 Y=  48.66 jitter=1366ns
TS=845.578358641 loop=1496     P= -67.92 R=-139.33 Y=  48.67 jitter=1365ns
TS=845.583358622 loop=1497     P= -67.91 R=-139.11 Y=  48.68 jitter=1346ns
TS=845.588358622 loop=1498     P= -67.92 R=-138.78 Y=  48.69 jitter=1346ns
TS=845.593358880 loop=1499     P= -67.97 R=-138.18 Y=  48.71 jitter=1604ns
TS=845.598359047 loop=1500     P= -68.06 R=-137.09 Y=  48.75 jitter=1771ns
TS=845.603358972 loop=1501     P= -68.15 R=-136.25 Y=  48.79 jitter=1696ns
TS=845.608358657 loop=1502     P= -68.11 R=-135.77 Y=  48.82 jitter=1381ns
TS=845.613358638 loop=1503     P= -68.13 R=-134.96 Y=  48.82 jitter=1362ns
TS=845.618358656 loop=1504     P= -67.99 R=-134.64 Y=  48.82 jitter=1380ns
TS=845.623358637 loop=1505     P= -68.02 R=-133.82 Y=  48.81 jitter=1361ns
TS=845.628358988 loop=1506     P= -67.85 R=-133.59 Y=  48.78 jitter=1712ns
TS=845.633358617 loop=1507     P= -67.76 R=-133.32 Y=  48.73 jitter=1341ns
TS=845.638358617 loop=1508     P= -67.53 R=-133.11 Y=  48.64 jitter=1341ns
TS=845.643358579 loop=1509     P= -67.28 R=-132.89 Y=  48.53 jitter=1303ns
TS=845.648359486 loop=1510     P= -67.13 R=-132.71 Y=  48.39 jitter=2210ns
TS=845.653359134 loop=1511     P= -67.06 R=-132.44 Y=  48.26 jitter=1858ns
TS=845.658358615 loop=1512     P= -67.05 R=-132.17 Y=  48.15 jitter=1339ns
TS=845.663358559 loop=1513     P= -67.13 R=-131.80 Y=  48.05 jitter=1283ns
TS=845.668358595 loop=1514     P= -67.24 R=-131.30 Y=  47.98 jitter=1319ns
TS=845.673358613 loop=1515     P= -67.37 R=-130.69 Y=  47.92 jitter=1337ns
TS=845.678358687 loop=1516     P= -67.50 R=-130.11 Y=  47.88 jitter=1411ns
TS=845.683359038 loop=1517     P= -67.65 R=-129.48 Y=  47.87 jitter=1762ns
TS=845.688358741 loop=1518     P= -67.82 R=-128.89 Y=  47.86 jitter=1465ns
TS=845.693359426 loop=1519     P= -68.00 R=-128.29 Y=  47.87 jitter=2150ns
TS=845.698358888 loop=1520     P= -68.17 R=-127.68 Y=  47.88 jitter=1612ns
TS=845.703358869 loop=1521     P= -68.33 R=-127.06 Y=  47.90 jitter=1593ns
TS=845.708359406 loop=1522     P= -68.48 R=-126.39 Y=  47.92 jitter=2130ns
TS=845.713359257 loop=1523     P= -68.61 R=-125.62 Y=  47.95 jitter=1981ns
TS=845.718359683 loop=1524     P= -68.76 R=-124.68 Y=  47.98 jitter=2407ns
TS=845.723359071 loop=1525     P= -68.89 R=-123.56 Y=  48.01 jitter=1795ns
TS=845.728359274 loop=1526     P= -69.00 R=-122.33 Y=  48.06 jitter=1998ns
TS=845.733358792 loop=1527     P= -69.10 R=-120.94 Y=  48.11 jitter=1516ns
TS=845.738358792 loop=1528     P= -69.21 R=-119.57 Y=  48.18 jitter=1516ns
TS=845.743358810 loop=1529     P= -69.33 R=-118.24 Y=  48.24 jitter=1534ns
TS=845.748358698 loop=1530     P= -69.42 R=-117.10 Y=  48.31 jitter=1422ns
TS=845.753358883 loop=1531     P= -69.49 R=-116.20 Y=  48.39 jitter=1607ns
TS=845.758358716 loop=1532     P= -69.54 R=-115.43 Y=  48.46 jitter=1440ns
TS=845.763359067 loop=1533     P= -69.57 R=-114.86 Y=  48.52 jitter=1791ns
TS=845.768359178 loop=1534     P= -69.59 R=-114.35 Y=  48.57 jitter=1902ns
TS=845.773358937 loop=1535     P= -69.58 R=-113.92 Y=  48.60 jitter=1661ns
TS=845.778358955 loop=1536     P= -69.56 R=-113.52 Y=  48.61 jitter=1679ns
TS=845.783360287 loop=1537     P= -69.55 R=-113.06 Y=  48.61 jitter=3011ns
TS=845.788358842 loop=1538     P= -69.55 R=-112.19 Y=  48.60 jitter=1566ns
TS=845.793358712 loop=1539     P= -69.55 R=-111.03 Y=  48.57 jitter=1436ns
TS=845.798358878 loop=1540     P= -69.53 R=-109.54 Y=  48.54 jitter=1602ns
TS=845.803359748 loop=1541     P= -69.46 R=-107.90 Y=  48.51 jitter=2472ns
TS=845.808358803 loop=1542     P= -69.36 R=-106.12 Y=  48.47 jitter=1527ns
TS=845.813358710 loop=1543     P= -69.23 R=-104.35 Y=  48.44 jitter=1434ns
TS=845.818358876 loop=1544     P= -69.10 R=-102.53 Y=  48.42 jitter=1600ns
TS=845.823359357 loop=1545     P= -68.96 R=-100.68 Y=  48.43 jitter=2081ns
TS=845.828358709 loop=1546     P= -68.83 R= -98.86 Y=  48.45 jitter=1433ns
TS=845.833358931 loop=1547     P= -68.72 R= -97.03 Y=  48.50 jitter=1655ns
TS=845.838358782 loop=1548     P= -68.64 R= -95.23 Y=  48.56 jitter=1506ns
TS=845.843358707 loop=1549     P= -68.61 R= -93.41 Y=  48.63 jitter=1431ns
TS=845.848358910 loop=1550     P= -68.59 R= -91.58 Y=  48.70 jitter=1634ns
TS=845.853358984 loop=1551     P= -68.57 R= -89.78 Y=  48.76 jitter=1708ns
TS=845.858358706 loop=1552     P= -68.56 R= -87.98 Y=  48.80 jitter=1430ns
TS=845.863358798 loop=1553     P= -68.53 R= -86.17 Y=  48.81 jitter=1522ns
TS=845.868358816 loop=1554     P= -68.45 R= -84.41 Y=  48.80 jitter=1540ns
TS=845.873358593 loop=1555     P= -68.33 R= -82.73 Y=  48.77 jitter=1317ns
TS=845.878358852 loop=1556     P= -68.18 R= -81.06 Y=  48.73 jitter=1576ns
TS=845.883359129 loop=1557     P= -67.98 R= -79.39 Y=  48.68 jitter=1853ns
TS=845.888358758 loop=1558     P= -67.77 R= -77.71 Y=  48.63 jitter=1482ns
TS=845.893358943 loop=1559     P= -67.57 R= -76.04 Y=  48.58 jitter=1667ns
TS=845.898359683 loop=1560     P= -67.38 R= -74.41 Y=  48.55 jitter=2407ns
TS=845.903359183 loop=1561     P= -67.19 R= -72.80 Y=  48.52 jitter=1907ns
TS=845.908358867 loop=1562     P= -67.02 R= -71.20 Y=  48.51 jitter=1591ns
TS=845.913359052 loop=1563     P= -66.85 R= -69.63 Y=  48.50 jitter=1776ns
TS=845.918358718 loop=1564     P= -66.69 R= -68.06 Y=  48.51 jitter=1442ns
TS=845.923358736 loop=1565     P= -66.55 R= -66.52 Y=  48.52 jitter=1460ns
TS=845.928359199 loop=1566     P= -66.41 R= -65.01 Y=  48.53 jitter=1923ns
TS=845.933358809 loop=1567     P= -66.27 R= -63.52 Y=  48.55 jitter=1533ns
TS=845.938358772 loop=1568     P= -66.11 R= -62.10 Y=  48.55 jitter=1496ns
TS=845.943359382 loop=1569     P= -65.94 R= -60.74 Y=  48.55 jitter=2106ns
TS=845.948359400 loop=1570     P= -65.72 R= -59.42 Y=  48.54 jitter=2124ns
TS=845.953359567 loop=1571     P= -65.47 R= -58.11 Y=  48.54 jitter=2291ns
TS=845.958359640 loop=1572     P= -65.20 R= -56.78 Y=  48.54 jitter=2364ns
TS=845.963359399 loop=1573     P= -64.92 R= -55.46 Y=  48.55 jitter=2123ns
TS=845.968358806 loop=1574     P= -64.62 R= -54.14 Y=  48.57 jitter=1530ns
TS=845.973358694 loop=1575     P= -64.31 R= -52.78 Y=  48.60 jitter=1418ns
TS=845.978358786 loop=1576     P= -64.00 R= -51.43 Y=  48.63 jitter=1510ns
TS=845.983359286 loop=1577     P= -63.70 R= -50.06 Y=  48.66 jitter=2010ns
TS=845.988358693 loop=1578     P= -63.40 R= -48.72 Y=  48.68 jitter=1417ns
TS=845.993358711 loop=1579     P= -63.10 R= -47.39 Y=  48.71 jitter=1435ns
TS=845.998359395 loop=1580     P= -62.77 R= -46.09 Y=  48.71 jitter=2119ns
TS=846.003359228 loop=1581     P= -62.43 R= -44.84 Y=  48.71 jitter=1952ns
TS=846.008358709 loop=1582     P= -62.08 R= -43.63 Y=  48.70 jitter=1433ns
TS=846.013360598 loop=1583     P= -61.71 R= -42.44 Y=  48.68 jitter=3322ns
TS=846.018359393 loop=1584     P= -61.33 R= -41.29 Y=  48.66 jitter=2117ns
TS=846.023358837 loop=1585     P= -60.94 R= -40.16 Y=  48.65 jitter=1561ns
TS=846.028359096 loop=1586     P= -60.53 R= -39.04 Y=  48.65 jitter=1820ns
TS=846.033358799 loop=1587     P= -60.10 R= -37.87 Y=  48.67 jitter=1523ns
TS=846.038359762 loop=1588     P= -59.67 R= -36.67 Y=  48.70 jitter=2486ns
TS=846.043360409 loop=1589     P= -59.21 R= -35.44 Y=  48.76 jitter=3133ns
TS=846.048359261 loop=1590     P= -58.71 R= -34.18 Y=  48.82 jitter=1985ns
TS=846.053359538 loop=1591     P= -58.20 R= -32.92 Y=  48.90 jitter=2262ns
TS=846.058358982 loop=1592     P= -57.65 R= -31.67 Y=  48.97 jitter=1706ns
TS=846.063359037 loop=1593     P= -57.08 R= -30.44 Y=  49.04 jitter=1761ns
TS=846.068358629 loop=1594     P= -56.49 R= -29.23 Y=  49.12 jitter=1353ns
TS=846.073358647 loop=1595     P= -55.87 R= -28.03 Y=  49.19 jitter=1371ns
TS=846.078358628 loop=1596     P= -55.24 R= -26.87 Y=  49.24 jitter=1352ns
TS=846.083358627 loop=1597     P= -54.63 R= -25.73 Y=  49.29 jitter=1351ns
TS=846.088359016 loop=1598     P= -54.04 R= -24.63 Y=  49.33 jitter=1740ns
TS=846.093358626 loop=1599     P= -53.48 R= -23.55 Y=  49.36 jitter=1350ns
TS=846.098359311 loop=1600     P= -52.94 R= -22.48 Y=  49.39 jitter=2035ns
TS=846.103360811 loop=1601     P= -52.45 R= -21.45 Y=  49.42 jitter=3535ns
TS=846.108359217 loop=1602     P= -51.99 R= -20.43 Y=  49.44 jitter=1941ns
TS=846.113358791 loop=1603     P= -51.57 R= -19.44 Y=  49.48 jitter=1515ns
TS=846.118358772 loop=1604     P= -51.18 R= -18.48 Y=  49.51 jitter=1496ns
TS=846.123358994 loop=1605     P= -50.81 R= -17.55 Y=  49.55 jitter=1718ns
TS=846.128359271 loop=1606     P= -50.47 R= -16.64 Y=  49.60 jitter=1995ns
TS=846.133358826 loop=1607     P= -50.15 R= -15.75 Y=  49.65 jitter=1550ns
TS=846.138359529 loop=1608     P= -49.83 R= -14.87 Y=  49.70 jitter=2253ns
TS=846.143358973 loop=1609     P= -49.51 R= -14.03 Y=  49.75 jitter=1697ns
TS=846.148358935 loop=1610     P= -49.18 R= -13.21 Y=  49.79 jitter=1659ns
TS=846.153359564 loop=1611     P= -48.84 R= -12.43 Y=  49.82 jitter=2288ns
TS=846.158358953 loop=1612     P= -48.50 R= -11.68 Y=  49.83 jitter=1677ns
TS=846.163359156 loop=1613     P= -48.15 R= -10.97 Y=  49.84 jitter=1880ns
TS=846.168358785 loop=1614     P= -47.78 R= -10.26 Y=  49.84 jitter=1509ns
TS=846.173359488 loop=1615     P= -47.41 R=  -9.55 Y=  49.84 jitter=2212ns
TS=846.178358784 loop=1616     P= -47.01 R=  -8.84 Y=  49.85 jitter=1508ns
TS=846.183359043 loop=1617     P= -46.61 R=  -8.15 Y=  49.87 jitter=1767ns
TS=846.188358931 loop=1618     P= -46.20 R=  -7.47 Y=  49.91 jitter=1655ns
TS=846.193358801 loop=1619     P= -45.79 R=  -6.83 Y=  49.96 jitter=1525ns
TS=846.198359319 loop=1620     P= -45.38 R=  -6.21 Y=  50.03 jitter=2043ns
TS=846.203360800 loop=1621     P= -44.97 R=  -5.62 Y=  50.10 jitter=3524ns
TS=846.208359410 loop=1622     P= -44.58 R=  -5.05 Y=  50.17 jitter=2134ns
TS=846.213358836 loop=1623     P= -44.19 R=  -4.52 Y=  50.23 jitter=1560ns
TS=846.218358613 loop=1624     P= -43.81 R=  -4.01 Y=  50.28 jitter=1337ns
TS=846.223358631 loop=1625     P= -43.42 R=  -3.53 Y=  50.32 jitter=1355ns
TS=846.228358649 loop=1626     P= -43.04 R=  -3.03 Y=  50.35 jitter=1373ns
TS=846.233358593 loop=1627     P= -42.65 R=  -2.51 Y=  50.36 jitter=1317ns
TS=846.238358592 loop=1628     P= -42.24 R=  -1.96 Y=  50.37 jitter=1316ns
TS=846.243359647 loop=1629     P= -41.80 R=  -1.40 Y=  50.36 jitter=2371ns
TS=846.248359128 loop=1630     P= -41.35 R=  -0.85 Y=  50.35 jitter=1852ns
TS=846.253358683 loop=1631     P= -40.87 R=  -0.31 Y=  50.33 jitter=1407ns
TS=846.258358627 loop=1632     P= -40.40 R=   0.23 Y=  50.32 jitter=1351ns
TS=846.263358571 loop=1633     P= -39.94 R=   0.77 Y=  50.29 jitter=1295ns
TS=846.268359071 loop=1634     P= -39.47 R=   1.33 Y=  50.26 jitter=1795ns
TS=846.273358700 loop=1635     P= -39.01 R=   1.89 Y=  50.22 jitter=1424ns
TS=846.278358644 loop=1636     P= -38.56 R=   2.43 Y=  50.16 jitter=1368ns
TS=846.283358606 loop=1637     P= -38.11 R=   2.95 Y=  50.08 jitter=1330ns
TS=846.288358661 loop=1638     P= -37.68 R=   3.45 Y=  49.99 jitter=1385ns
TS=846.293358994 loop=1639     P= -37.25 R=   3.92 Y=  49.89 jitter=1718ns
TS=846.298359086 loop=1640     P= -36.82 R=   4.40 Y=  49.78 jitter=1810ns
TS=846.303358641 loop=1641     P= -36.41 R=   4.90 Y=  49.65 jitter=1365ns
TS=846.308358640 loop=1642     P= -35.98 R=   5.44 Y=  49.50 jitter=1364ns
TS=846.313359473 loop=1643     P= -35.55 R=   5.98 Y=  49.36 jitter=2197ns
TS=846.318358621 loop=1644     P= -35.20 R=   6.54 Y=  49.24 jitter=1345ns
TS=846.323358639 loop=1645     P= -34.91 R=   7.08 Y=  49.14 jitter=1363ns
TS=846.328358657 loop=1646     P= -34.67 R=   7.55 Y=  49.05 jitter=1381ns
TS=846.333358582 loop=1647     P= -34.43 R=   7.95 Y=  48.97 jitter=1306ns
TS=846.338359008 loop=1648     P= -34.21 R=   8.29 Y=  48.92 jitter=1732ns
TS=846.343358915 loop=1649     P= -33.97 R=   8.51 Y=  48.89 jitter=1639ns
TS=846.348359414 loop=1650     P= -33.71 R=   8.70 Y=  48.90 jitter=2138ns
TS=846.353359025 loop=1651     P= -33.44 R=   8.91 Y=  48.93 jitter=1749ns
TS=846.358358580 loop=1652     P= -33.17 R=   9.12 Y=  48.96 jitter=1304ns
TS=846.363359005 loop=1653     P= -32.90 R=   9.30 Y=  49.00 jitter=1729ns
TS=846.368359079 loop=1654     P= -32.64 R=   9.48 Y=  49.04 jitter=1803ns
TS=846.373358652 loop=1655     P= -32.37 R=   9.66 Y=  49.09 jitter=1376ns
TS=846.378358633 loop=1656     P= -32.12 R=   9.84 Y=  49.14 jitter=1357ns
TS=846.383358614 loop=1657     P= -31.86 R=  10.01 Y=  49.19 jitter=1338ns
TS=846.388359113 loop=1658     P= -31.62 R=  10.15 Y=  49.25 jitter=1837ns
TS=846.393358687 loop=1659     P= -31.36 R=  10.27 Y=  49.32 jitter=1411ns
TS=846.398358890 loop=1660     P= -31.11 R=  10.41 Y=  49.39 jitter=1614ns
TS=846.403358982 loop=1661     P= -30.86 R=  10.59 Y=  49.46 jitter=1706ns
TS=846.408358630 loop=1662     P= -30.58 R=  10.79 Y=  49.53 jitter=1354ns
TS=846.413358629 loop=1663     P= -30.29 R=  11.01 Y=  49.59 jitter=1353ns
TS=846.418358573 loop=1664     P= -29.97 R=  11.25 Y=  49.64 jitter=1297ns
TS=846.423358813 loop=1665     P= -29.64 R=  11.51 Y=  49.69 jitter=1537ns
TS=846.428358683 loop=1666     P= -29.31 R=  11.76 Y=  49.73 jitter=1407ns
TS=846.433358627 loop=1667     P= -28.98 R=  12.04 Y=  49.77 jitter=1351ns
TS=846.438358645 loop=1668     P= -28.63 R=  12.31 Y=  49.80 jitter=1369ns
TS=846.443358941 loop=1669     P= -28.25 R=  12.56 Y=  49.83 jitter=1665ns
TS=846.448359514 loop=1670     P= -27.85 R=  12.82 Y=  49.85 jitter=2238ns
TS=846.453358625 loop=1671     P= -27.44 R=  13.07 Y=  49.87 jitter=1349ns
TS=846.458358606 loop=1672     P= -27.05 R=  13.29 Y=  49.88 jitter=1330ns
TS=846.463358772 loop=1673     P= -26.68 R=  13.49 Y=  49.87 jitter=1496ns
TS=846.468359031 loop=1674     P= -26.34 R=  13.67 Y=  49.86 jitter=1755ns
TS=846.473358604 loop=1675     P= -26.00 R=  13.79 Y=  49.84 jitter=1328ns
TS=846.478358604 loop=1676     P= -25.68 R=  13.88 Y=  49.82 jitter=1328ns
TS=846.483358622 loop=1677     P= -25.36 R=  13.96 Y=  49.80 jitter=1346ns
TS=846.488359121 loop=1678     P= -25.04 R=  14.03 Y=  49.79 jitter=1845ns
TS=846.493358973 loop=1679     P= -24.68 R=  14.04 Y=  49.78 jitter=1697ns
TS=846.498359565 loop=1680     P= -24.34 R=  14.05 Y=  49.78 jitter=2289ns
TS=846.503358990 loop=1681     P= -24.01 R=  14.02 Y=  49.79 jitter=1714ns
TS=846.508358601 loop=1682     P= -23.71 R=  13.98 Y=  49.81 jitter=1325ns
TS=846.513358637 loop=1683     P= -23.42 R=  13.94 Y=  49.83 jitter=1361ns
TS=846.518358618 loop=1684     P= -23.15 R=  13.90 Y=  49.86 jitter=1342ns
TS=846.523358581 loop=1685     P= -22.89 R=  13.88 Y=  49.89 jitter=1305ns
TS=846.528358654 loop=1686     P= -22.63 R=  13.87 Y=  49.93 jitter=1378ns
TS=846.533358616 loop=1687     P= -22.37 R=  13.86 Y=  49.96 jitter=1340ns
TS=846.538358616 loop=1688     P= -22.10 R=  13.87 Y=  49.99 jitter=1340ns
TS=846.543358967 loop=1689     P= -21.84 R=  13.88 Y=  50.01 jitter=1691ns
TS=846.548359893 loop=1690     P= -21.58 R=  13.90 Y=  50.02 jitter=2617ns
TS=846.553358614 loop=1691     P= -21.35 R=  13.91 Y=  50.02 jitter=1338ns
TS=846.558358614 loop=1692     P= -21.13 R=  13.92 Y=  50.01 jitter=1338ns
TS=846.563358595 loop=1693     P= -20.92 R=  13.95 Y=  50.01 jitter=1319ns
TS=846.568358613 loop=1694     P= -20.71 R=  13.98 Y=  50.00 jitter=1337ns
TS=846.573358575 loop=1695     P= -20.51 R=  14.00 Y=  49.98 jitter=1299ns
TS=846.578358630 loop=1696     P= -20.31 R=  14.03 Y=  49.97 jitter=1354ns
TS=846.583358611 loop=1697     P= -20.12 R=  14.04 Y=  49.95 jitter=1335ns
TS=846.588358962 loop=1698     P= -19.94 R=  14.04 Y=  49.93 jitter=1686ns
TS=846.593359110 loop=1699     P= -19.74 R=  14.04 Y=  49.91 jitter=1834ns
TS=846.598359035 loop=1700     P= -19.54 R=  14.04 Y=  49.88 jitter=1759ns
TS=846.603359053 loop=1701     P= -19.35 R=  14.08 Y=  49.86 jitter=1777ns
TS=846.608358738 loop=1702     P= -19.12 R=  14.13 Y=  49.83 jitter=1462ns
TS=846.613359367 loop=1703     P= -18.89 R=  14.18 Y=  49.81 jitter=2091ns
TS=846.618358941 loop=1704     P= -18.63 R=  14.22 Y=  49.79 jitter=1665ns
TS=846.623358885 loop=1705     P= -18.39 R=  14.31 Y=  49.77 jitter=1609ns
TS=846.628359421 loop=1706     P= -18.12 R=  14.38 Y=  49.76 jitter=2145ns
TS=846.633358717 loop=1707     P= -17.79 R=  14.47 Y=  49.73 jitter=1441ns
TS=846.638358809 loop=1708     P= -17.44 R=  14.53 Y=  49.71 jitter=1533ns
TS=846.643358808 loop=1709     P= -17.10 R=  14.59 Y=  49.68 jitter=1532ns
TS=846.648358752 loop=1710     P= -16.76 R=  14.63 Y=  49.64 jitter=1476ns
TS=846.653359067 loop=1711     P= -16.43 R=  14.64 Y=  49.60 jitter=1791ns
TS=846.658358696 loop=1712     P= -16.11 R=  14.62 Y=  49.55 jitter=1420ns
TS=846.663359306 loop=1713     P= -15.81 R=  14.60 Y=  49.51 jitter=2030ns
TS=846.668359324 loop=1714     P= -15.49 R=  14.58 Y=  49.46 jitter=2048ns
TS=846.673359213 loop=1715     P= -15.19 R=  14.60 Y=  49.42 jitter=1937ns
TS=846.678358712 loop=1716     P= -14.85 R=  14.63 Y=  49.37 jitter=1436ns
TS=846.683360193 loop=1717     P= -14.46 R=  14.66 Y=  49.33 jitter=2917ns
TS=846.688358693 loop=1718     P= -14.09 R=  14.76 Y=  49.30 jitter=1417ns
TS=846.693358710 loop=1719     P= -13.69 R=  14.82 Y=  49.26 jitter=1434ns
TS=846.698359043 loop=1720     P= -13.29 R=  14.90 Y=  49.23 jitter=1767ns
TS=846.703358617 loop=1721     P= -12.88 R=  14.97 Y=  49.20 jitter=1341ns
TS=846.708358635 loop=1722     P= -12.48 R=  15.05 Y=  49.17 jitter=1359ns
TS=846.713358616 loop=1723     P= -12.07 R=  15.21 Y=  49.15 jitter=1340ns
TS=846.718359467 loop=1724     P= -11.65 R=  15.41 Y=  49.14 jitter=2191ns
TS=846.723358781 loop=1725     P= -11.18 R=  15.59 Y=  49.12 jitter=1505ns
TS=846.728358651 loop=1726     P= -10.70 R=  15.82 Y=  49.11 jitter=1375ns
TS=846.733358614 loop=1727     P= -10.20 R=  16.03 Y=  49.10 jitter=1338ns
TS=846.738358613 loop=1728     P=  -9.71 R=  16.25 Y=  49.08 jitter=1337ns
TS=846.743359038 loop=1729     P=  -9.19 R=  16.43 Y=  49.06 jitter=1762ns
TS=846.748360019 loop=1730     P=  -8.56 R=  16.53 Y=  49.04 jitter=2743ns
TS=846.753358630 loop=1731     P=  -8.07 R=  16.71 Y=  49.03 jitter=1354ns
TS=846.758358667 loop=1732     P=  -7.62 R=  16.90 Y=  49.00 jitter=1391ns
TS=846.763358703 loop=1733     P=  -7.17 R=  17.15 Y=  48.96 jitter=1427ns
TS=846.768358628 loop=1734     P=  -6.68 R=  17.45 Y=  48.89 jitter=1352ns
TS=846.773358609 loop=1735     P=  -6.14 R=  17.83 Y=  48.82 jitter=1333ns
TS=846.778358627 loop=1736     P=  -5.56 R=  18.21 Y=  48.74 jitter=1351ns
TS=846.783358812 loop=1737     P=  -5.04 R=  18.66 Y=  48.67 jitter=1536ns
TS=846.788359015 loop=1738     P=  -4.46 R=  19.04 Y=  48.60 jitter=1739ns
TS=846.793358978 loop=1739     P=  -3.94 R=  19.45 Y=  48.54 jitter=1702ns
TS=846.798359255 loop=1740     P=  -3.38 R=  19.80 Y=  48.49 jitter=1979ns
TS=846.803358977 loop=1741     P=  -2.84 R=  20.12 Y=  48.43 jitter=1701ns
TS=846.808358680 loop=1742     P=  -2.38 R=  20.38 Y=  48.38 jitter=1404ns
TS=846.813358957 loop=1743     P=  -1.92 R=  20.60 Y=  48.34 jitter=1681ns
TS=846.818359123 loop=1744     P=  -1.48 R=  20.83 Y=  48.29 jitter=1847ns
TS=846.823358623 loop=1745     P=  -1.10 R=  21.09 Y=  48.25 jitter=1347ns
TS=846.828358641 loop=1746     P=  -0.60 R=  21.31 Y=  48.21 jitter=1365ns
TS=846.833358696 loop=1747     P=  -0.14 R=  21.60 Y=  48.18 jitter=1420ns
TS=846.838358732 loop=1748     P=   0.34 R=  21.85 Y=  48.16 jitter=1456ns
TS=846.843358972 loop=1749     P=   0.91 R=  21.98 Y=  48.13 jitter=1696ns
TS=846.848359287 loop=1750     P=   1.48 R=  22.12 Y=  48.10 jitter=2011ns
TS=846.853358990 loop=1751     P=   2.00 R=  22.30 Y=  48.07 jitter=1714ns
TS=846.858358619 loop=1752     P=   2.61 R=  22.45 Y=  48.04 jitter=1343ns
TS=846.863359081 loop=1753     P=   3.12 R=  22.53 Y=  48.01 jitter=1805ns
TS=846.868359081 loop=1754     P=   3.48 R=  22.57 Y=  47.99 jitter=1805ns
TS=846.873358654 loop=1755     P=   3.79 R=  22.58 Y=  47.96 jitter=1378ns
TS=846.878358617 loop=1756     P=   4.01 R=  22.69 Y=  47.95 jitter=1341ns
TS=846.883358579 loop=1757     P=   4.25 R=  22.86 Y=  47.94 jitter=1303ns
TS=846.888359023 loop=1758     P=   4.55 R=  23.18 Y=  47.94 jitter=1747ns
TS=846.893358948 loop=1759     P=   4.93 R=  23.55 Y=  47.93 jitter=1672ns
TS=846.898359263 loop=1760     P=   5.41 R=  23.95 Y=  47.93 jitter=1987ns
TS=846.903358966 loop=1761     P=   5.91 R=  24.31 Y=  47.92 jitter=1690ns
TS=846.908358613 loop=1762     P=   6.38 R=  24.62 Y=  47.92 jitter=1337ns
TS=846.913358631 loop=1763     P=   6.81 R=  24.88 Y=  47.93 jitter=1355ns
TS=846.918358612 loop=1764     P=   7.27 R=  25.06 Y=  47.94 jitter=1336ns
TS=846.923358612 loop=1765     P=   7.72 R=  25.23 Y=  47.96 jitter=1336ns
TS=846.928358667 loop=1766     P=   8.12 R=  25.30 Y=  47.98 jitter=1391ns
TS=846.933358611 loop=1767     P=   8.44 R=  25.34 Y=  48.01 jitter=1335ns
TS=846.938358629 loop=1768     P=   8.83 R=  25.38 Y=  48.04 jitter=1353ns
TS=846.943358962 loop=1769     P=   9.26 R=  25.36 Y=  48.06 jitter=1686ns
TS=846.948359387 loop=1770     P=   9.68 R=  25.36 Y=  48.10 jitter=2111ns
TS=846.953358627 loop=1771     P=  10.09 R=  25.33 Y=  48.13 jitter=1351ns
TS=846.958358627 loop=1772     P=  10.45 R=  25.28 Y=  48.18 jitter=1351ns
TS=846.963358608 loop=1773     P=  10.78 R=  25.25 Y=  48.24 jitter=1332ns
TS=846.968358644 loop=1774     P=  11.19 R=  25.24 Y=  48.30 jitter=1368ns
TS=846.973358644 loop=1775     P=  11.63 R=  25.33 Y=  48.37 jitter=1368ns
TS=846.978358606 loop=1776     P=  12.09 R=  25.38 Y=  48.45 jitter=1330ns
TS=846.983358587 loop=1777     P=  12.54 R=  25.39 Y=  48.54 jitter=1311ns
TS=846.988358975 loop=1778     P=  12.91 R=  25.46 Y=  48.63 jitter=1699ns
TS=846.993358956 loop=1779     P=  13.26 R=  25.47 Y=  48.73 jitter=1680ns
TS=846.998359252 loop=1780     P=  13.63 R=  25.49 Y=  48.82 jitter=1976ns
TS=847.003358992 loop=1781     P=  14.03 R=  25.49 Y=  48.90 jitter=1716ns
TS=847.008358640 loop=1782     P=  14.41 R=  25.56 Y=  48.99 jitter=1364ns
TS=847.013358621 loop=1783     P=  14.82 R=  25.60 Y=  49.08 jitter=1345ns
TS=847.018358602 loop=1784     P=  15.18 R=  25.66 Y=  49.17 jitter=1326ns
TS=847.023358638 loop=1785     P=  15.54 R=  25.71 Y=  49.26 jitter=1362ns
TS=847.028358619 loop=1786     P=  15.93 R=  25.79 Y=  49.36 jitter=1343ns
TS=847.033358619 loop=1787     P=  16.27 R=  25.84 Y=  49.46 jitter=1343ns
TS=847.038358637 loop=1788     P=  16.61 R=  25.89 Y=  49.56 jitter=1361ns
TS=847.043358969 loop=1789     P=  16.99 R=  25.93 Y=  49.66 jitter=1693ns
TS=847.048359302 loop=1790     P=  17.35 R=  25.97 Y=  49.76 jitter=2026ns
TS=847.053358616 loop=1791     P=  17.73 R=  26.00 Y=  49.85 jitter=1340ns
TS=847.058358616 loop=1792     P=  18.12 R=  25.99 Y=  49.95 jitter=1340ns
TS=847.063358597 loop=1793     P=  18.54 R=  26.00 Y=  50.03 jitter=1321ns
TS=847.068358967 loop=1794     P=  18.95 R=  26.01 Y=  50.10 jitter=1691ns
TS=847.073358633 loop=1795     P=  19.40 R=  26.00 Y=  50.17 jitter=1357ns
TS=847.078358632 loop=1796     P=  19.86 R=  25.95 Y=  50.24 jitter=1356ns
TS=847.083358613 loop=1797     P=  20.27 R=  25.98 Y=  50.31 jitter=1337ns
TS=847.088358964 loop=1798     P=  20.65 R=  25.95 Y=  50.38 jitter=1688ns
TS=847.093358630 loop=1799     P=  21.04 R=  25.89 Y=  50.44 jitter=1354ns
TS=847.098359408 loop=1800     P=  21.43 R=  25.78 Y=  50.50 jitter=2132ns
TS=847.103359240 loop=1801     P=  21.81 R=  25.71 Y=  50.56 jitter=1964ns
TS=847.108359073 loop=1802     P=  22.27 R=  25.65 Y=  50.62 jitter=1797ns
TS=847.113358943 loop=1803     P=  22.82 R=  25.62 Y=  50.67 jitter=1667ns
TS=847.118359016 loop=1804     P=  23.39 R=  25.44 Y=  50.70 jitter=1740ns
TS=847.123358979 loop=1805     P=  23.82 R=  25.27 Y=  50.72 jitter=1703ns
TS=847.128358719 loop=1806     P=  24.10 R=  25.10 Y=  50.75 jitter=1443ns
TS=847.133358700 loop=1807     P=  24.35 R=  24.92 Y=  50.77 jitter=1424ns
TS=847.138358977 loop=1808     P=  24.56 R=  24.80 Y=  50.79 jitter=1701ns
TS=847.143359495 loop=1809     P=  24.80 R=  24.78 Y=  50.83 jitter=2219ns
TS=847.148359087 loop=1810     P=  25.04 R=  24.85 Y=  50.86 jitter=1811ns
TS=847.153359531 loop=1811     P=  25.35 R=  24.93 Y=  50.90 jitter=2255ns
TS=847.158358993 loop=1812     P=  25.70 R=  25.02 Y=  50.94 jitter=1717ns
TS=847.163359604 loop=1813     P=  26.02 R=  25.08 Y=  50.97 jitter=2328ns
TS=847.168358955 loop=1814     P=  26.33 R=  25.11 Y=  50.99 jitter=1679ns
TS=847.173359455 loop=1815     P=  26.58 R=  25.08 Y=  50.99 jitter=2179ns
TS=847.178358602 loop=1816     P=  26.81 R=  25.01 Y=  51.00 jitter=1326ns
TS=847.183358824 loop=1817     P=  26.98 R=  24.89 Y=  51.01 jitter=1548ns
TS=847.188358601 loop=1818     P=  27.12 R=  24.78 Y=  51.02 jitter=1325ns
TS=847.193358582 loop=1819     P=  27.32 R=  24.69 Y=  51.04 jitter=1306ns
TS=847.198359285 loop=1820     P=  27.63 R=  24.60 Y=  51.06 jitter=2009ns
TS=847.203359896 loop=1821     P=  27.95 R=  24.49 Y=  51.07 jitter=2620ns
TS=847.208358803 loop=1822     P=  28.23 R=  24.33 Y=  51.07 jitter=1527ns
TS=847.213359302 loop=1823     P=  28.41 R=  24.15 Y=  51.07 jitter=2026ns
TS=847.218358672 loop=1824     P=  28.57 R=  24.02 Y=  51.07 jitter=1396ns
TS=847.223358653 loop=1825     P=  28.77 R=  23.99 Y=  51.06 jitter=1377ns
TS=847.228358671 loop=1826     P=  29.03 R=  23.95 Y=  51.05 jitter=1395ns
TS=847.233358596 loop=1827     P=  29.33 R=  23.95 Y=  51.05 jitter=1320ns
TS=847.238358633 loop=1828     P=  29.75 R=  23.98 Y=  51.05 jitter=1357ns
TS=847.243358613 loop=1829     P=  30.27 R=  24.04 Y=  51.03 jitter=1337ns
TS=847.248359280 loop=1830     P=  30.75 R=  23.90 Y=  50.98 jitter=2004ns
TS=847.253358594 loop=1831     P=  30.96 R=  23.79 Y=  50.94 jitter=1318ns
TS=847.258358630 loop=1832     P=  31.10 R=  23.61 Y=  50.90 jitter=1354ns
TS=847.263358722 loop=1833     P=  31.19 R=  23.49 Y=  50.87 jitter=1446ns
TS=847.268358629 loop=1834     P=  31.28 R=  23.41 Y=  50.87 jitter=1353ns
TS=847.273358629 loop=1835     P=  31.62 R=  23.50 Y=  50.88 jitter=1353ns
TS=847.278358628 loop=1836     P=  32.09 R=  23.59 Y=  50.89 jitter=1352ns
TS=847.283358627 loop=1837     P=  32.58 R=  23.61 Y=  50.89 jitter=1351ns
TS=847.288359090 loop=1838     P=  32.98 R=  23.50 Y=  50.88 jitter=1814ns
TS=847.293358645 loop=1839     P=  33.25 R=  23.29 Y=  50.88 jitter=1369ns
TS=847.298359329 loop=1840     P=  33.45 R=  23.06 Y=  50.88 jitter=2053ns
TS=847.303359014 loop=1841     P=  33.71 R=  22.87 Y=  50.87 jitter=1738ns
TS=847.308358662 loop=1842     P=  34.05 R=  22.71 Y=  50.86 jitter=1386ns
TS=847.313360013 loop=1843     P=  34.41 R=  22.59 Y=  50.85 jitter=2737ns
TS=847.318358660 loop=1844     P=  34.73 R=  22.47 Y=  50.84 jitter=1384ns
TS=847.323358641 loop=1845     P=  35.02 R=  22.32 Y=  50.84 jitter=1365ns
TS=847.328359085 loop=1846     P=  35.29 R=  22.18 Y=  50.83 jitter=1809ns
TS=847.333358714 loop=1847     P=  35.55 R=  22.01 Y=  50.81 jitter=1438ns
TS=847.338358640 loop=1848     P=  35.80 R=  21.83 Y=  50.79 jitter=1364ns
TS=847.343359010 loop=1849     P=  36.03 R=  21.63 Y=  50.78 jitter=1734ns
TS=847.348359139 loop=1850     P=  36.26 R=  21.42 Y=  50.76 jitter=1863ns
TS=847.353358638 loop=1851     P=  36.51 R=  21.21 Y=  50.75 jitter=1362ns
TS=847.358358619 loop=1852     P=  36.79 R=  21.02 Y=  50.74 jitter=1343ns
TS=847.363359044 loop=1853     P=  37.08 R=  20.83 Y=  50.73 jitter=1768ns
TS=847.368358618 loop=1854     P=  37.37 R=  20.59 Y=  50.71 jitter=1342ns
TS=847.373358636 loop=1855     P=  37.72 R=  20.31 Y=  50.70 jitter=1360ns
TS=847.378358746 loop=1856     P=  38.01 R=  19.97 Y=  50.68 jitter=1470ns
TS=847.383358635 loop=1857     P=  38.25 R=  19.57 Y=  50.66 jitter=1359ns
TS=847.388359060 loop=1858     P=  38.45 R=  19.11 Y=  50.63 jitter=1784ns
TS=847.393358967 loop=1859     P=  38.65 R=  18.66 Y=  50.60 jitter=1691ns
TS=847.398359392 loop=1860     P=  38.85 R=  18.18 Y=  50.55 jitter=2116ns
TS=847.403358984 loop=1861     P=  39.04 R=  17.68 Y=  50.49 jitter=1708ns
TS=847.408358632 loop=1862     P=  39.24 R=  17.15 Y=  50.42 jitter=1356ns
TS=847.413358983 loop=1863     P=  39.40 R=  16.54 Y=  50.34 jitter=1707ns
TS=847.418358631 loop=1864     P=  39.50 R=  15.83 Y=  50.25 jitter=1355ns
TS=847.423358575 loop=1865     P=  39.54 R=  15.06 Y=  50.17 jitter=1299ns
TS=847.428358944 loop=1866     P=  39.48 R=  14.24 Y=  50.09 jitter=1668ns
TS=847.433358610 loop=1867     P=  39.33 R=  13.46 Y=  50.01 jitter=1334ns
TS=847.438358628 loop=1868     P=  39.19 R=  12.79 Y=  49.94 jitter=1352ns
TS=847.443358591 loop=1869     P=  39.09 R=  12.19 Y=  49.88 jitter=1315ns
TS=847.448359220 loop=1870     P=  38.99 R=  11.66 Y=  49.83 jitter=1944ns
TS=847.453359016 loop=1871     P=  38.87 R=  11.16 Y=  49.80 jitter=1740ns
TS=847.458358645 loop=1872     P=  38.69 R=  10.69 Y=  49.78 jitter=1369ns
TS=847.463358626 loop=1873     P=  38.50 R=  10.25 Y=  49.78 jitter=1350ns
TS=847.468358643 loop=1874     P=  38.32 R=   9.84 Y=  49.78 jitter=1367ns
TS=847.473358624 loop=1875     P=  38.18 R=   9.50 Y=  49.80 jitter=1348ns
TS=847.478358642 loop=1876     P=  38.10 R=   9.19 Y=  49.81 jitter=1366ns
TS=847.483358753 loop=1877     P=  38.05 R=   8.87 Y=  49.83 jitter=1477ns
TS=847.488359067 loop=1878     P=  38.04 R=   8.53 Y=  49.85 jitter=1791ns
TS=847.493358696 loop=1879     P=  38.07 R=   8.20 Y=  49.85 jitter=1420ns
TS=847.498358696 loop=1880     P=  38.08 R=   7.75 Y=  49.85 jitter=1420ns
TS=847.503359065 loop=1881     P=  38.03 R=   7.19 Y=  49.84 jitter=1789ns
TS=847.508358639 loop=1882     P=  37.91 R=   6.56 Y=  49.83 jitter=1363ns
TS=847.513359157 loop=1883     P=  37.74 R=   5.94 Y=  49.83 jitter=1881ns
TS=847.518358638 loop=1884     P=  37.50 R=   5.29 Y=  49.83 jitter=1362ns
TS=847.523358637 loop=1885     P=  37.17 R=   4.66 Y=  49.85 jitter=1361ns
TS=847.528358637 loop=1886     P=  36.77 R=   4.08 Y=  49.88 jitter=1361ns
TS=847.533359044 loop=1887     P=  36.35 R=   3.58 Y=  49.91 jitter=1768ns
TS=847.538358617 loop=1888     P=  35.96 R=   3.17 Y=  49.95 jitter=1341ns
TS=847.543359024 loop=1889     P=  35.62 R=   2.86 Y=  49.99 jitter=1748ns
TS=847.548359357 loop=1890     P=  35.35 R=   2.62 Y=  50.03 jitter=2081ns
TS=847.553358634 loop=1891     P=  35.13 R=   2.43 Y=  50.07 jitter=1358ns
TS=847.558358615 loop=1892     P=  34.96 R=   2.33 Y=  50.11 jitter=1339ns
TS=847.563358596 loop=1893     P=  34.85 R=   2.23 Y=  50.15 jitter=1320ns
TS=847.568359003 loop=1894     P=  34.74 R=   2.13 Y=  50.18 jitter=1727ns
TS=847.573358632 loop=1895     P=  34.61 R=   2.07 Y=  50.20 jitter=1356ns
TS=847.578358631 loop=1896     P=  34.47 R=   1.98 Y=  50.21 jitter=1355ns
TS=847.583358612 loop=1897     P=  34.29 R=   1.82 Y=  50.20 jitter=1336ns
TS=847.588358630 loop=1898     P=  34.07 R=   1.65 Y=  50.18 jitter=1354ns
TS=847.593358963 loop=1899     P=  33.84 R=   1.46 Y=  50.14 jitter=1687ns
TS=847.598359295 loop=1900     P=  33.58 R=   1.26 Y=  50.09 jitter=2019ns
TS=847.603360350 loop=1901     P=  33.31 R=   1.04 Y=  50.04 jitter=3074ns
TS=847.608358720 loop=1902     P=  33.00 R=   0.81 Y=  49.97 jitter=1444ns
TS=847.613359127 loop=1903     P=  32.69 R=   0.58 Y=  49.89 jitter=1851ns
TS=847.618358793 loop=1904     P=  32.36 R=   0.34 Y=  49.80 jitter=1517ns
TS=847.623359552 loop=1905     P=  32.04 R=   0.09 Y=  49.71 jitter=2276ns
TS=847.628358866 loop=1906     P=  31.74 R=  -0.16 Y=  49.62 jitter=1590ns
TS=847.633358791 loop=1907     P=  31.46 R=  -0.41 Y=  49.53 jitter=1515ns
TS=847.638358958 loop=1908     P=  31.20 R=  -0.67 Y=  49.44 jitter=1682ns
TS=847.643358698 loop=1909     P=  30.94 R=  -0.92 Y=  49.35 jitter=1422ns
TS=847.648359030 loop=1910     P=  30.67 R=  -1.20 Y=  49.25 jitter=1754ns
TS=847.653359011 loop=1911     P=  30.41 R=  -1.47 Y=  49.16 jitter=1735ns
TS=847.658359177 loop=1912     P=  30.14 R=  -1.76 Y=  49.06 jitter=1901ns
TS=847.663359307 loop=1913     P=  29.84 R=  -2.12 Y=  48.97 jitter=2031ns
TS=847.668359750 loop=1914     P=  29.55 R=  -2.48 Y=  48.89 jitter=2474ns
TS=847.673358657 loop=1915     P=  29.27 R=  -2.85 Y=  48.81 jitter=1381ns
TS=847.678358805 loop=1916     P=  29.00 R=  -3.21 Y=  48.74 jitter=1529ns
TS=847.683358897 loop=1917     P=  28.75 R=  -3.60 Y=  48.68 jitter=1621ns
TS=847.688358748 loop=1918     P=  28.49 R=  -4.00 Y=  48.63 jitter=1472ns
TS=847.693358599 loop=1919     P=  28.19 R=  -4.41 Y=  48.59 jitter=1323ns
TS=847.698358895 loop=1920     P=  27.86 R=  -4.77 Y=  48.54 jitter=1619ns
TS=847.703359228 loop=1921     P=  27.52 R=  -5.13 Y=  48.49 jitter=1952ns
TS=847.708358746 loop=1922     P=  27.14 R=  -5.48 Y=  48.45 jitter=1470ns
TS=847.713359042 loop=1923     P=  26.79 R=  -5.77 Y=  48.43 jitter=1766ns
TS=847.718358578 loop=1924     P=  26.44 R=  -5.96 Y=  48.40 jitter=1302ns
TS=847.723358615 loop=1925     P=  26.12 R=  -6.21 Y=  48.38 jitter=1339ns
TS=847.728358651 loop=1926     P=  25.80 R=  -6.41 Y=  48.35 jitter=1375ns
TS=847.733358613 loop=1927     P=  25.49 R=  -6.62 Y=  48.33 jitter=1337ns
TS=847.738358613 loop=1928     P=  25.20 R=  -6.82 Y=  48.30 jitter=1337ns
TS=847.743358631 loop=1929     P=  24.95 R=  -7.03 Y=  48.27 jitter=1355ns
TS=847.748359315 loop=1930     P=  24.67 R=  -7.20 Y=  48.23 jitter=2039ns
TS=847.753358593 loop=1931     P=  24.41 R=  -7.41 Y=  48.21 jitter=1317ns
TS=847.758358592 loop=1932     P=  24.09 R=  -7.60 Y=  48.18 jitter=1316ns
TS=847.763358592 loop=1933     P=  23.74 R=  -7.85 Y=  48.17 jitter=1316ns
TS=847.768358980 loop=1934     P=  23.36 R=  -8.15 Y=  48.17 jitter=1704ns
TS=847.773358590 loop=1935     P=  22.87 R=  -8.44 Y=  48.19 jitter=1314ns
TS=847.778358627 loop=1936     P=  22.33 R=  -8.76 Y=  48.22 jitter=1351ns
TS=847.783358608 loop=1937     P=  21.68 R=  -9.02 Y=  48.27 jitter=1332ns
TS=847.788358663 loop=1938     P=  20.82 R=  -9.15 Y=  48.33 jitter=1387ns
TS=847.793358977 loop=1939     P=  20.28 R=  -9.61 Y=  48.37 jitter=1701ns
TS=847.798359810 loop=1940     P=  19.93 R= -10.09 Y=  48.45 jitter=2534ns
TS=847.803359013 loop=1941     P=  19.45 R= -10.34 Y=  48.58 jitter=1737ns
TS=847.808358642 loop=1942     P=  18.91 R= -10.56 Y=  48.74 jitter=1366ns
TS=847.813358882 loop=1943     P=  18.55 R= -10.90 Y=  48.91 jitter=1606ns
TS=847.818359030 loop=1944     P=  18.08 R= -11.12 Y=  49.09 jitter=1754ns
TS=847.823358788 loop=1945     P=  17.54 R= -11.30 Y=  49.28 jitter=1512ns
TS=847.828358732 loop=1946     P=  17.00 R= -11.41 Y=  49.45 jitter=1456ns
TS=847.833358713 loop=1947     P=  16.52 R= -11.46 Y=  49.58 jitter=1437ns
TS=847.838358639 loop=1948     P=  16.15 R= -11.48 Y=  49.70 jitter=1363ns
TS=847.843358638 loop=1949     P=  15.66 R= -11.48 Y=  49.81 jitter=1362ns
TS=847.848359286 loop=1950     P=  15.16 R= -11.52 Y=  49.91 jitter=2010ns
TS=847.853358618 loop=1951     P=  14.72 R= -11.54 Y=  50.00 jitter=1342ns
TS=847.858358618 loop=1952     P=  14.31 R= -11.52 Y=  50.09 jitter=1342ns
TS=847.863359654 loop=1953     P=  13.95 R= -11.53 Y=  50.15 jitter=2378ns
TS=847.868358617 loop=1954     P=  13.55 R= -11.54 Y=  50.20 jitter=1341ns
TS=847.873358616 loop=1955     P=  13.14 R= -11.55 Y=  50.25 jitter=1340ns
TS=847.878358597 loop=1956     P=  12.77 R= -11.62 Y=  50.29 jitter=1321ns
TS=847.883359041 loop=1957     P=  12.36 R= -11.72 Y=  50.32 jitter=1765ns
TS=847.888358614 loop=1958     P=  11.97 R= -11.87 Y=  50.35 jitter=1338ns
TS=847.893358651 loop=1959     P=  11.57 R= -12.01 Y=  50.38 jitter=1375ns
TS=847.898359613 loop=1960     P=  11.14 R= -12.11 Y=  50.42 jitter=2337ns
TS=847.903359002 loop=1961     P=  10.71 R= -12.18 Y=  50.47 jitter=1726ns
TS=847.908358649 loop=1962     P=  10.25 R= -12.20 Y=  50.51 jitter=1373ns
TS=847.913359241 loop=1963     P=   9.82 R= -12.18 Y=  50.54 jitter=1965ns
TS=847.918358592 loop=1964     P=   9.44 R= -12.13 Y=  50.57 jitter=1316ns
TS=847.923358629 loop=1965     P=   9.07 R= -12.06 Y=  50.60 jitter=1353ns
TS=847.928358628 loop=1966     P=   8.69 R= -11.96 Y=  50.62 jitter=1352ns
TS=847.933358609 loop=1967     P=   8.34 R= -11.89 Y=  50.65 jitter=1333ns
TS=847.938358627 loop=1968     P=   8.04 R= -11.80 Y=  50.68 jitter=1351ns
TS=847.943358645 loop=1969     P=   7.76 R= -11.70 Y=  50.71 jitter=1369ns
TS=847.948359663 loop=1970     P=   7.50 R= -11.59 Y=  50.75 jitter=2387ns
TS=847.953358644 loop=1971     P=   7.26 R= -11.50 Y=  50.78 jitter=1368ns
TS=847.958358662 loop=1972     P=   7.01 R= -11.43 Y=  50.81 jitter=1386ns
TS=847.963358624 loop=1973     P=   6.76 R= -11.36 Y=  50.83 jitter=1348ns
TS=847.968358679 loop=1974     P=   6.49 R= -11.33 Y=  50.85 jitter=1403ns
TS=847.973358642 loop=1975     P=   6.24 R= -11.32 Y=  50.86 jitter=1366ns
TS=847.978358641 loop=1976     P=   5.97 R= -11.28 Y=  50.88 jitter=1365ns
TS=847.983358641 loop=1977     P=   5.72 R= -11.23 Y=  50.90 jitter=1365ns
TS=847.988359047 loop=1978     P=   5.48 R= -11.16 Y=  50.91 jitter=1771ns
TS=847.993358621 loop=1979     P=   5.26 R= -11.07 Y=  50.93 jitter=1345ns
TS=847.998359046 loop=1980     P=   5.07 R= -10.95 Y=  50.95 jitter=1770ns
TS=848.003358972 loop=1981     P=   4.90 R= -10.81 Y=  50.97 jitter=1696ns
TS=848.008358656 loop=1982     P=   4.75 R= -10.65 Y=  50.99 jitter=1380ns
TS=848.013358600 loop=1983     P=   4.62 R= -10.49 Y=  51.01 jitter=1324ns
TS=848.018358618 loop=1984     P=   4.49 R= -10.33 Y=  51.02 jitter=1342ns
TS=848.023358599 loop=1985     P=   4.36 R= -10.20 Y=  51.02 jitter=1323ns
TS=848.028358654 loop=1986     P=   4.22 R= -10.09 Y=  51.03 jitter=1378ns
TS=848.033358616 loop=1987     P=   4.05 R=  -9.99 Y=  51.02 jitter=1340ns
TS=848.038358634 loop=1988     P=   3.86 R=  -9.90 Y=  51.02 jitter=1358ns
TS=848.043358949 loop=1989     P=   3.64 R=  -9.85 Y=  51.01 jitter=1673ns
TS=848.048359226 loop=1990     P=   3.38 R=  -9.84 Y=  50.99 jitter=1950ns
TS=848.053359022 loop=1991     P=   3.12 R=  -9.86 Y=  50.97 jitter=1746ns
TS=848.058358614 loop=1992     P=   2.88 R=  -9.86 Y=  50.95 jitter=1338ns
TS=848.063358576 loop=1993     P=   2.64 R=  -9.86 Y=  50.94 jitter=1300ns
TS=848.068358649 loop=1994     P=   2.42 R=  -9.83 Y=  50.93 jitter=1373ns
TS=848.073358945 loop=1995     P=   2.24 R=  -9.79 Y=  50.93 jitter=1669ns
TS=848.078358611 loop=1996     P=   2.09 R=  -9.72 Y=  50.94 jitter=1335ns
TS=848.083358592 loop=1997     P=   1.97 R=  -9.62 Y=  50.95 jitter=1316ns
TS=848.088358980 loop=1998     P=   1.87 R=  -9.53 Y=  50.96 jitter=1704ns
TS=848.093358850 loop=1999     P=   1.80 R=  -9.46 Y=  50.96 jitter=1574ns
TS=848.098359183 loop=2000     P=   1.74 R=  -9.40 Y=  50.97 jitter=1907ns
TS=848.103359145 loop=2001     P=   1.71 R=  -9.36 Y=  50.97 jitter=1869ns
TS=848.108358848 loop=2002     P=   1.68 R=  -9.35 Y=  50.96 jitter=1572ns
TS=848.113359051 loop=2003     P=   1.65 R=  -9.38 Y=  50.96 jitter=1775ns
TS=848.118359143 loop=2004     P=   1.66 R=  -9.41 Y=  50.95 jitter=1867ns
TS=848.123359032 loop=2005     P=   1.70 R=  -9.46 Y=  50.93 jitter=1756ns
TS=848.128358716 loop=2006     P=   1.75 R=  -9.57 Y=  50.93 jitter=1440ns
TS=848.133358753 loop=2007     P=   1.76 R=  -9.74 Y=  50.93 jitter=1477ns
TS=848.138359697 loop=2008     P=   1.72 R=  -9.95 Y=  50.94 jitter=2421ns
TS=848.143359363 loop=2009     P=   1.66 R= -10.14 Y=  50.96 jitter=2087ns
TS=848.148358788 loop=2010     P=   1.59 R= -10.33 Y=  50.99 jitter=1512ns
TS=848.153358787 loop=2011     P=   1.54 R= -10.49 Y=  51.03 jitter=1511ns
TS=848.158358750 loop=2012     P=   1.52 R= -10.63 Y=  51.08 jitter=1474ns
TS=848.163359879 loop=2013     P=   1.53 R= -10.82 Y=  51.14 jitter=2603ns
TS=848.168359211 loop=2014     P=   1.57 R= -11.01 Y=  51.21 jitter=1935ns
TS=848.173358674 loop=2015     P=   1.60 R= -11.20 Y=  51.29 jitter=1398ns
TS=848.178359340 loop=2016     P=   1.60 R= -11.36 Y=  51.39 jitter=2064ns
TS=848.183359284 loop=2017     P=   1.61 R= -11.48 Y=  51.50 jitter=2008ns
TS=848.188359061 loop=2018     P=   1.63 R= -11.50 Y=  51.61 jitter=1785ns
TS=848.193358690 loop=2019     P=   1.65 R= -11.42 Y=  51.72 jitter=1414ns
TS=848.198360226 loop=2020     P=   1.71 R= -11.30 Y=  51.83 jitter=2950ns
TS=848.203359355 loop=2021     P=   1.79 R= -11.11 Y=  51.93 jitter=2079ns
TS=848.208358966 loop=2022     P=   1.92 R= -10.86 Y=  52.03 jitter=1690ns
TS=848.213359502 loop=2023     P=   2.10 R= -10.63 Y=  52.13 jitter=2226ns
TS=848.218358631 loop=2024     P=   2.29 R= -10.33 Y=  52.23 jitter=1355ns
TS=848.223358594 loop=2025     P=   2.52 R= -10.00 Y=  52.33 jitter=1318ns
TS=848.228358649 loop=2026     P=   2.77 R=  -9.63 Y=  52.43 jitter=1373ns
TS=848.233358611 loop=2027     P=   3.05 R=  -9.32 Y=  52.53 jitter=1335ns
TS=848.238358629 loop=2028     P=   3.36 R=  -9.01 Y=  52.63 jitter=1353ns
TS=848.243358628 loop=2029     P=   3.72 R=  -8.80 Y=  52.73 jitter=1352ns
TS=848.248359239 loop=2030     P=   4.06 R=  -8.59 Y=  52.83 jitter=1963ns
TS=848.253359016 loop=2031     P=   4.39 R=  -8.40 Y=  52.93 jitter=1740ns
TS=848.258358645 loop=2032     P=   4.70 R=  -8.27 Y=  53.03 jitter=1369ns
TS=848.263358589 loop=2033     P=   4.95 R=  -8.17 Y=  53.13 jitter=1313ns
TS=848.268358662 loop=2034     P=   5.16 R=  -8.11 Y=  53.23 jitter=1386ns
TS=848.273358625 loop=2035     P=   5.34 R=  -8.06 Y=  53.32 jitter=1349ns
TS=848.278358606 loop=2036     P=   5.52 R=  -7.96 Y=  53.41 jitter=1330ns
TS=848.283358624 loop=2037     P=   5.70 R=  -7.86 Y=  53.49 jitter=1348ns
TS=848.288358642 loop=2038     P=   5.86 R=  -7.76 Y=  53.56 jitter=1366ns
TS=848.293358641 loop=2039     P=   6.03 R=  -7.65 Y=  53.63 jitter=1365ns
TS=848.298359937 loop=2040     P=   6.18 R=  -7.50 Y=  53.70 jitter=2661ns
TS=848.303358621 loop=2041     P=   6.33 R=  -7.35 Y=  53.77 jitter=1345ns
TS=848.308358676 loop=2042     P=   6.45 R=  -7.19 Y=  53.85 jitter=1400ns
TS=848.313358935 loop=2043     P=   6.55 R=  -6.97 Y=  53.93 jitter=1659ns
TS=848.318358823 loop=2044     P=   6.66 R=  -6.71 Y=  54.00 jitter=1547ns
TS=848.323359378 loop=2045     P=   6.76 R=  -6.41 Y=  54.08 jitter=2102ns
TS=848.328359303 loop=2046     P=   6.84 R=  -6.07 Y=  54.15 jitter=2027ns
TS=848.333359229 loop=2047     P=   6.92 R=  -5.70 Y=  54.21 jitter=1953ns
TS=848.338359265 loop=2048     P=   6.99 R=  -5.28 Y=  54.26 jitter=1989ns
TS=848.343359820 loop=2049     P=   7.04 R=  -4.82 Y=  54.30 jitter=2544ns
TS=848.348360264 loop=2050     P=   7.07 R=  -4.35 Y=  54.34 jitter=2988ns
TS=848.353359226 loop=2051     P=   7.17 R=  -4.00 Y=  54.36 jitter=1950ns
TS=848.358359207 loop=2052     P=   7.31 R=  -3.66 Y=  54.40 jitter=1931ns
TS=848.363360373 loop=2053     P=   7.41 R=  -3.32 Y=  54.44 jitter=3097ns
TS=848.368359262 loop=2054     P=   7.47 R=  -2.95 Y=  54.49 jitter=1986ns
TS=848.373359224 loop=2055     P=   7.56 R=  -2.64 Y=  54.54 jitter=1948ns
TS=848.378359242 loop=2056     P=   7.63 R=  -2.35 Y=  54.60 jitter=1966ns
TS=848.383359260 loop=2057     P=   7.67 R=  -2.04 Y=  54.65 jitter=1984ns
TS=848.388359259 loop=2058     P=   7.80 R=  -1.83 Y=  54.71 jitter=1983ns
TS=848.393359796 loop=2059     P=   7.92 R=  -1.57 Y=  54.77 jitter=2520ns
TS=848.398359925 loop=2060     P=   8.00 R=  -1.24 Y=  54.83 jitter=2649ns
TS=848.403359850 loop=2061     P=   8.07 R=  -0.85 Y=  54.88 jitter=2574ns
TS=848.408359294 loop=2062     P=   8.10 R=  -0.40 Y=  54.92 jitter=2018ns
TS=848.413359256 loop=2063     P=   8.00 R=   0.23 Y=  54.95 jitter=1980ns
TS=848.418359256 loop=2064     P=   8.17 R=   0.59 Y=  54.96 jitter=1980ns
TS=848.423359273 loop=2065     P=   8.19 R=   1.12 Y=  54.97 jitter=1997ns
TS=848.428359162 loop=2066     P=   8.20 R=   1.65 Y=  54.99 jitter=1886ns
TS=848.433359143 loop=2067     P=   8.39 R=   1.94 Y=  55.01 jitter=1867ns
TS=848.438359142 loop=2068     P=   8.50 R=   2.48 Y=  55.07 jitter=1866ns
TS=848.443359623 loop=2069     P=   8.57 R=   3.07 Y=  55.13 jitter=2347ns
TS=848.448360085 loop=2070     P=   8.68 R=   3.61 Y=  55.21 jitter=2809ns
TS=848.453359807 loop=2071     P=   8.75 R=   4.14 Y=  55.28 jitter=2531ns
TS=848.458359140 loop=2072     P=   8.79 R=   4.67 Y=  55.34 jitter=1864ns
TS=848.463359324 loop=2073     P=   8.79 R=   5.21 Y=  55.39 jitter=2048ns
TS=848.468359583 loop=2074     P=   8.74 R=   5.76 Y=  55.42 jitter=2307ns
TS=848.473359249 loop=2075     P=   8.65 R=   6.30 Y=  55.42 jitter=1973ns
TS=848.478359322 loop=2076     P=   8.87 R=   6.47 Y=  55.40 jitter=2046ns
TS=848.483359155 loop=2077     P=   8.84 R=   7.09 Y=  55.40 jitter=1879ns
TS=848.488359210 loop=2078     P=   8.69 R=   7.83 Y=  55.40 jitter=1934ns
TS=848.493359154 loop=2079     P=   9.16 R=   8.00 Y=  55.38 jitter=1878ns
TS=848.498359783 loop=2080     P=   9.52 R=   8.34 Y=  55.41 jitter=2507ns
TS=848.503359708 loop=2081     P=   9.67 R=   9.02 Y=  55.46 jitter=2432ns
TS=848.508359152 loop=2082     P=   9.86 R=   9.71 Y=  55.51 jitter=1876ns
TS=848.513359411 loop=2083     P=  10.06 R=  10.37 Y=  55.55 jitter=2135ns
TS=848.518359114 loop=2084     P=  10.24 R=  11.05 Y=  55.60 jitter=1838ns
TS=848.523359243 loop=2085     P=  10.42 R=  11.71 Y=  55.64 jitter=1967ns
TS=848.528359150 loop=2086     P=  10.57 R=  12.36 Y=  55.67 jitter=1874ns
TS=848.533359094 loop=2087     P=  10.68 R=  13.00 Y=  55.70 jitter=1818ns
TS=848.538359149 loop=2088     P=  10.68 R=  13.68 Y=  55.70 jitter=1873ns
TS=848.543359648 loop=2089     P=  10.65 R=  14.47 Y=  55.68 jitter=2372ns
TS=848.548360110 loop=2090     P=  10.93 R=  14.85 Y=  55.66 jitter=2834ns
TS=848.553359684 loop=2091     P=  11.01 R=  15.40 Y=  55.67 jitter=2408ns
TS=848.558359091 loop=2092     P=  11.11 R=  15.96 Y=  55.67 jitter=1815ns
TS=848.563359109 loop=2093     P=  11.19 R=  16.52 Y=  55.67 jitter=1833ns
TS=848.568359182 loop=2094     P=  11.25 R=  17.05 Y=  55.68 jitter=1906ns
TS=848.573359126 loop=2095     P=  11.34 R=  17.50 Y=  55.69 jitter=1850ns
TS=848.578359144 loop=2096     P=  11.41 R=  17.96 Y=  55.72 jitter=1868ns
TS=848.583359125 loop=2097     P=  11.50 R=  18.53 Y=  55.77 jitter=1849ns
TS=848.588359624 loop=2098     P=  11.52 R=  19.24 Y=  55.84 jitter=2348ns
TS=848.593359642 loop=2099     P=  11.58 R=  19.92 Y=  55.89 jitter=2366ns
TS=848.598359753 loop=2100     P=  11.83 R=  20.34 Y=  55.94 jitter=2477ns
TS=848.603359956 loop=2101     P=  11.92 R=  20.99 Y=  56.02 jitter=2680ns
TS=848.608359344 loop=2102     P=  11.98 R=  21.67 Y=  56.10 jitter=2068ns
TS=848.613359343 loop=2103     P=  12.06 R=  22.37 Y=  56.17 jitter=2067ns
TS=848.618359769 loop=2104     P=  12.14 R=  23.09 Y=  56.24 jitter=2493ns
TS=848.623359361 loop=2105     P=  12.22 R=  23.83 Y=  56.32 jitter=2085ns
TS=848.628359230 loop=2106     P=  12.33 R=  24.56 Y=  56.39 jitter=1954ns
TS=848.633359211 loop=2107     P=  12.38 R=  25.30 Y=  56.48 jitter=1935ns
TS=848.638359951 loop=2108     P=  12.41 R=  26.06 Y=  56.57 jitter=2675ns
TS=848.643359303 loop=2109     P=  12.46 R=  26.78 Y=  56.66 jitter=2027ns
TS=848.648359024 loop=2110     P=  12.53 R=  27.45 Y=  56.76 jitter=1748ns
TS=848.653359098 loop=2111     P=  12.53 R=  28.13 Y=  56.86 jitter=1822ns
TS=848.658359171 loop=2112     P=  12.44 R=  28.82 Y=  56.94 jitter=1895ns
TS=848.663360097 loop=2113     P=  12.45 R=  29.37 Y=  57.01 jitter=2821ns
TS=848.668359392 loop=2114     P=  12.50 R=  29.73 Y=  57.09 jitter=2116ns
TS=848.673360466 loop=2115     P=  12.42 R=  30.15 Y=  57.17 jitter=3190ns
TS=848.678359224 loop=2116     P=  12.30 R=  30.52 Y=  57.23 jitter=1948ns
TS=848.683359372 loop=2117     P=  12.22 R=  30.93 Y=  57.28 jitter=2096ns
TS=848.688359427 loop=2118     P=  12.14 R=  31.37 Y=  57.31 jitter=2151ns
TS=848.693359408 loop=2119     P=  12.05 R=  31.87 Y=  57.34 jitter=2132ns
TS=848.698359333 loop=2120     P=  11.98 R=  32.42 Y=  57.36 jitter=2057ns
TS=848.703359240 loop=2121     P=  11.93 R=  33.06 Y=  57.37 jitter=1964ns
TS=848.708359147 loop=2122     P=  11.90 R=  33.76 Y=  57.38 jitter=1871ns
TS=848.713360368 loop=2123     P=  11.87 R=  34.51 Y=  57.39 jitter=3092ns
TS=848.718359386 loop=2124     P=  11.87 R=  35.25 Y=  57.41 jitter=2110ns
TS=848.723359126 loop=2125     P=  11.86 R=  36.01 Y=  57.43 jitter=1850ns
TS=848.728358700 loop=2126     P=  11.84 R=  36.76 Y=  57.47 jitter=1424ns
TS=848.733358866 loop=2127     P=  11.80 R=  37.48 Y=  57.50 jitter=1590ns
TS=848.738358847 loop=2128     P=  11.74 R=  38.18 Y=  57.52 jitter=1571ns
TS=848.743358605 loop=2129     P=  11.67 R=  38.85 Y=  57.54 jitter=1329ns
TS=848.748358827 loop=2130     P=  11.57 R=  39.50 Y=  57.56 jitter=1551ns
TS=848.753359067 loop=2131     P=  11.44 R=  40.10 Y=  57.57 jitter=1791ns
TS=848.758358604 loop=2132     P=  11.31 R=  40.68 Y=  57.58 jitter=1328ns
TS=848.763358603 loop=2133     P=  11.17 R=  41.25 Y=  57.58 jitter=1327ns
TS=848.768359065 loop=2134     P=  11.01 R=  41.82 Y=  57.58 jitter=1789ns
TS=848.773358694 loop=2135     P=  10.86 R=  42.37 Y=  57.59 jitter=1418ns
TS=848.778358638 loop=2136     P=  10.70 R=  42.92 Y=  57.60 jitter=1362ns
TS=848.783358619 loop=2137     P=  10.54 R=  43.47 Y=  57.62 jitter=1343ns
TS=848.788359100 loop=2138     P=  10.38 R=  44.03 Y=  57.64 jitter=1824ns
TS=848.793358618 loop=2139     P=  10.23 R=  44.60 Y=  57.66 jitter=1342ns
TS=848.798359414 loop=2140     P=  10.06 R=  45.15 Y=  57.69 jitter=2138ns
TS=848.803358987 loop=2141     P=   9.87 R=  45.65 Y=  57.72 jitter=1711ns
TS=848.808358635 loop=2142     P=   9.68 R=  46.12 Y=  57.74 jitter=1359ns
TS=848.813358597 loop=2143     P=   9.48 R=  46.61 Y=  57.76 jitter=1321ns
TS=848.818358615 loop=2144     P=   9.26 R=  47.12 Y=  57.78 jitter=1339ns
TS=848.823359096 loop=2145     P=   9.02 R=  47.62 Y=  57.79 jitter=1820ns
TS=848.828358595 loop=2146     P=   8.75 R=  48.12 Y=  57.80 jitter=1319ns
TS=848.833358743 loop=2147     P=   8.48 R=  48.66 Y=  57.80 jitter=1467ns
TS=848.838358594 loop=2148     P=   8.19 R=  49.18 Y=  57.80 jitter=1318ns
TS=848.843358612 loop=2149     P=   7.87 R=  49.71 Y=  57.79 jitter=1336ns
TS=848.848359241 loop=2150     P=   7.53 R=  50.21 Y=  57.78 jitter=1965ns
TS=848.853358592 loop=2151     P=   7.18 R=  50.67 Y=  57.75 jitter=1316ns
TS=848.858358629 loop=2152     P=   6.81 R=  51.08 Y=  57.73 jitter=1353ns
TS=848.863358739 loop=2153     P=   6.40 R=  51.44 Y=  57.70 jitter=1463ns
TS=848.868358794 loop=2154     P=   5.98 R=  51.77 Y=  57.67 jitter=1518ns
TS=848.873358627 loop=2155     P=   5.53 R=  52.08 Y=  57.65 jitter=1351ns
TS=848.878358626 loop=2156     P=   5.07 R=  52.34 Y=  57.63 jitter=1350ns
TS=848.883358589 loop=2157     P=   4.59 R=  52.58 Y=  57.63 jitter=1313ns
TS=848.888358681 loop=2158     P=   4.09 R=  52.79 Y=  57.62 jitter=1405ns
TS=848.893358643 loop=2159     P=   3.57 R=  52.99 Y=  57.63 jitter=1367ns
TS=848.898359365 loop=2160     P=   3.05 R=  53.19 Y=  57.63 jitter=2089ns
TS=848.903359049 loop=2161     P=   2.53 R=  53.40 Y=  57.63 jitter=1773ns
TS=848.908358641 loop=2162     P=   2.01 R=  53.63 Y=  57.63 jitter=1365ns
TS=848.913359030 loop=2163     P=   1.51 R=  53.86 Y=  57.64 jitter=1754ns
TS=848.918358603 loop=2164     P=   1.02 R=  54.11 Y=  57.64 jitter=1327ns
TS=848.923358621 loop=2165     P=   0.54 R=  54.35 Y=  57.64 jitter=1345ns
TS=848.928358620 loop=2166     P=   0.06 R=  54.59 Y=  57.63 jitter=1344ns
TS=848.933358601 loop=2167     P=  -0.40 R=  54.82 Y=  57.63 jitter=1325ns
TS=848.938358619 loop=2168     P=  -0.87 R=  55.03 Y=  57.62 jitter=1343ns
TS=848.943358989 loop=2169     P=  -1.35 R=  55.20 Y=  57.61 jitter=1713ns
TS=848.948359785 loop=2170     P=  -1.82 R=  55.34 Y=  57.60 jitter=2509ns
TS=848.953358636 loop=2171     P=  -2.31 R=  55.44 Y=  57.58 jitter=1360ns
TS=848.958358635 loop=2172     P=  -2.81 R=  55.51 Y=  57.57 jitter=1359ns
TS=848.963358598 loop=2173     P=  -3.32 R=  55.54 Y=  57.55 jitter=1322ns
TS=848.968358727 loop=2174     P=  -3.85 R=  55.55 Y=  57.54 jitter=1451ns
TS=848.973358596 loop=2175     P=  -4.40 R=  55.52 Y=  57.52 jitter=1320ns
TS=848.978358633 loop=2176     P=  -4.96 R=  55.46 Y=  57.50 jitter=1357ns
TS=848.983358614 loop=2177     P=  -5.53 R=  55.41 Y=  57.49 jitter=1338ns
TS=848.988358687 loop=2178     P=  -6.09 R=  55.35 Y=  57.47 jitter=1411ns
TS=848.993358613 loop=2179     P=  -6.64 R=  55.31 Y=  57.46 jitter=1337ns
TS=848.998359593 loop=2180     P=  -7.17 R=  55.30 Y=  57.45 jitter=2317ns
TS=849.003358982 loop=2181     P=  -7.68 R=  55.28 Y=  57.45 jitter=1706ns
TS=849.008358666 loop=2182     P=  -8.18 R=  55.27 Y=  57.45 jitter=1390ns
TS=849.013358629 loop=2183     P=  -8.65 R=  55.26 Y=  57.46 jitter=1353ns
TS=849.018358610 loop=2184     P=  -9.08 R=  55.23 Y=  57.47 jitter=1334ns
TS=849.023358609 loop=2185     P=  -9.52 R=  55.19 Y=  57.49 jitter=1333ns
TS=849.028358682 loop=2186     P=  -9.98 R=  55.13 Y=  57.51 jitter=1406ns
TS=849.033358608 loop=2187     P= -10.46 R=  55.09 Y=  57.55 jitter=1332ns
TS=849.038358644 loop=2188     P= -10.95 R=  55.02 Y=  57.58 jitter=1368ns
TS=849.043358995 loop=2189     P= -11.41 R=  54.95 Y=  57.60 jitter=1719ns
TS=849.048359254 loop=2190     P= -11.84 R=  54.92 Y=  57.63 jitter=1978ns
TS=849.053358605 loop=2191     P= -12.17 R=  54.86 Y=  57.66 jitter=1329ns
TS=849.058358568 loop=2192     P= -12.64 R=  54.99 Y=  57.72 jitter=1292ns
TS=849.063358604 loop=2193     P= -13.06 R=  55.08 Y=  57.76 jitter=1328ns
TS=849.068358659 loop=2194     P= -13.41 R=  55.18 Y=  57.80 jitter=1383ns
TS=849.073358640 loop=2195     P= -13.75 R=  55.30 Y=  57.83 jitter=1364ns
TS=849.078358621 loop=2196     P= -14.07 R=  55.41 Y=  57.86 jitter=1345ns
TS=849.083358620 loop=2197     P= -14.39 R=  55.50 Y=  57.88 jitter=1344ns
TS=849.088358971 loop=2198     P= -14.69 R=  55.55 Y=  57.89 jitter=1695ns
TS=849.093358971 loop=2199     P= -15.00 R=  55.61 Y=  57.91 jitter=1695ns
TS=849.098359563 loop=2200     P= -15.31 R=  55.64 Y=  57.93 jitter=2287ns
TS=849.103359006 loop=2201     P= -15.64 R=  55.59 Y=  57.94 jitter=1730ns
TS=849.108358784 loop=2202     P= -15.98 R=  55.47 Y=  57.96 jitter=1508ns
TS=849.113359394 loop=2203     P= -16.33 R=  55.31 Y=  57.97 jitter=2118ns
TS=849.118359005 loop=2204     P= -16.69 R=  55.08 Y=  57.99 jitter=1729ns
TS=849.123358985 loop=2205     P= -17.08 R=  54.81 Y=  58.01 jitter=1709ns
TS=849.128358688 loop=2206     P= -17.48 R=  54.51 Y=  58.03 jitter=1412ns
TS=849.133359354 loop=2207     P= -17.86 R=  54.17 Y=  58.05 jitter=2078ns
TS=849.138359095 loop=2208     P= -18.23 R=  53.80 Y=  58.06 jitter=1819ns
TS=849.143358798 loop=2209     P= -18.56 R=  53.39 Y=  58.07 jitter=1522ns
TS=849.148359075 loop=2210     P= -18.94 R=  53.07 Y=  58.09 jitter=1799ns
TS=849.153359056 loop=2211     P= -19.35 R=  52.75 Y=  58.10 jitter=1780ns
TS=849.158358888 loop=2212     P= -19.70 R=  52.37 Y=  58.09 jitter=1612ns
TS=849.163358999 loop=2213     P= -20.07 R=  52.03 Y=  58.09 jitter=1723ns
TS=849.168359702 loop=2214     P= -20.44 R=  51.73 Y=  58.09 jitter=2426ns
TS=849.173358942 loop=2215     P= -20.80 R=  51.45 Y=  58.09 jitter=1666ns
TS=849.178358793 loop=2216     P= -21.15 R=  51.17 Y=  58.10 jitter=1517ns
TS=849.183359274 loop=2217     P= -21.47 R=  50.95 Y=  58.11 jitter=1998ns
TS=849.188358736 loop=2218     P= -21.78 R=  50.71 Y=  58.13 jitter=1460ns
TS=849.193359662 loop=2219     P= -22.13 R=  50.52 Y=  58.16 jitter=2386ns
TS=849.198359624 loop=2220     P= -22.43 R=  50.30 Y=  58.19 jitter=2348ns
TS=849.203360272 loop=2221     P= -22.73 R=  50.11 Y=  58.22 jitter=2996ns
TS=849.208358715 loop=2222     P= -23.03 R=  49.91 Y=  58.24 jitter=1439ns
TS=849.213358992 loop=2223     P= -23.30 R=  49.68 Y=  58.25 jitter=1716ns
TS=849.218358992 loop=2224     P= -23.57 R=  49.44 Y=  58.23 jitter=1716ns
TS=849.223358899 loop=2225     P= -23.83 R=  49.18 Y=  58.20 jitter=1623ns
TS=849.228358917 loop=2226     P= -24.08 R=  48.88 Y=  58.15 jitter=1641ns
TS=849.233358768 loop=2227     P= -24.32 R=  48.56 Y=  58.09 jitter=1492ns
TS=849.238358730 loop=2228     P= -24.56 R=  48.25 Y=  58.03 jitter=1454ns
TS=849.243358822 loop=2229     P= -24.76 R=  47.89 Y=  57.96 jitter=1546ns
TS=849.248359081 loop=2230     P= -24.97 R=  47.53 Y=  57.89 jitter=1805ns
TS=849.253358673 loop=2231     P= -25.16 R=  47.20 Y=  57.82 jitter=1397ns
TS=849.258358635 loop=2232     P= -25.34 R=  46.87 Y=  57.75 jitter=1359ns
TS=849.263358597 loop=2233     P= -25.51 R=  46.55 Y=  57.67 jitter=1321ns
TS=849.268358708 loop=2234     P= -25.67 R=  46.23 Y=  57.60 jitter=1432ns
TS=849.273358633 loop=2235     P= -25.83 R=  45.93 Y=  57.53 jitter=1357ns
TS=849.278358595 loop=2236     P= -25.99 R=  45.62 Y=  57.46 jitter=1319ns
TS=849.283358613 loop=2237     P= -26.14 R=  45.31 Y=  57.40 jitter=1337ns
TS=849.288358631 loop=2238     P= -26.31 R=  44.98 Y=  57.34 jitter=1355ns
TS=849.293359038 loop=2239     P= -26.48 R=  44.65 Y=  57.27 jitter=1762ns
TS=849.298359260 loop=2240     P= -26.67 R=  44.32 Y=  57.22 jitter=1984ns
TS=849.303359037 loop=2241     P= -26.84 R=  43.99 Y=  57.16 jitter=1761ns
TS=849.308358629 loop=2242     P= -27.02 R=  43.65 Y=  57.11 jitter=1353ns
TS=849.313358609 loop=2243     P= -27.19 R=  43.33 Y=  57.06 jitter=1333ns
TS=849.318358572 loop=2244     P= -27.35 R=  43.02 Y=  57.01 jitter=1296ns
TS=849.323358849 loop=2245     P= -27.48 R=  42.74 Y=  56.96 jitter=1573ns
TS=849.328358645 loop=2246     P= -27.59 R=  42.48 Y=  56.91 jitter=1369ns
TS=849.333358607 loop=2247     P= -27.67 R=  42.23 Y=  56.86 jitter=1331ns
TS=849.338358643 loop=2248     P= -27.72 R=  41.98 Y=  56.81 jitter=1367ns
TS=849.343358902 loop=2249     P= -27.75 R=  41.73 Y=  56.75 jitter=1626ns
TS=849.348359309 loop=2250     P= -27.78 R=  41.48 Y=  56.69 jitter=2033ns
TS=849.353358660 loop=2251     P= -27.80 R=  41.20 Y=  56.62 jitter=1384ns
TS=849.358358659 loop=2252     P= -27.83 R=  40.91 Y=  56.55 jitter=1383ns
TS=849.363358603 loop=2253     P= -27.85 R=  40.58 Y=  56.48 jitter=1327ns
TS=849.368358584 loop=2254     P= -27.89 R=  40.24 Y=  56.41 jitter=1308ns
TS=849.373359102 loop=2255     P= -27.94 R=  39.90 Y=  56.33 jitter=1826ns
TS=849.378358749 loop=2256     P= -28.00 R=  39.56 Y=  56.24 jitter=1473ns
TS=849.383358619 loop=2257     P= -28.05 R=  39.23 Y=  56.16 jitter=1343ns
TS=849.388359026 loop=2258     P= -28.11 R=  38.94 Y=  56.06 jitter=1750ns
TS=849.393359007 loop=2259     P= -28.17 R=  38.67 Y=  55.97 jitter=1731ns
TS=849.398359099 loop=2260     P= -28.21 R=  38.41 Y=  55.87 jitter=1823ns
TS=849.403359006 loop=2261     P= -28.24 R=  38.16 Y=  55.77 jitter=1730ns
TS=849.408358616 loop=2262     P= -28.26 R=  37.91 Y=  55.67 jitter=1340ns
TS=849.413358634 loop=2263     P= -28.28 R=  37.64 Y=  55.57 jitter=1358ns
TS=849.418358596 loop=2264     P= -28.30 R=  37.35 Y=  55.47 jitter=1320ns
TS=849.423359059 loop=2265     P= -28.31 R=  37.05 Y=  55.38 jitter=1783ns
TS=849.428358650 loop=2266     P= -28.33 R=  36.74 Y=  55.29 jitter=1374ns
TS=849.433358613 loop=2267     P= -28.35 R=  36.41 Y=  55.20 jitter=1337ns
TS=849.438358612 loop=2268     P= -28.39 R=  36.10 Y=  55.12 jitter=1336ns
TS=849.443359000 loop=2269     P= -28.43 R=  35.77 Y=  55.03 jitter=1724ns
TS=849.448359648 loop=2270     P= -28.48 R=  35.42 Y=  54.94 jitter=2372ns
TS=849.453358610 loop=2271     P= -28.52 R=  35.05 Y=  54.85 jitter=1334ns
TS=849.458358610 loop=2272     P= -28.58 R=  34.70 Y=  54.75 jitter=1334ns
TS=849.463358609 loop=2273     P= -28.61 R=  34.33 Y=  54.66 jitter=1333ns
TS=849.468358979 loop=2274     P= -28.65 R=  33.99 Y=  54.56 jitter=1703ns
TS=849.473358626 loop=2275     P= -28.70 R=  33.63 Y=  54.45 jitter=1350ns
TS=849.478358607 loop=2276     P= -28.74 R=  33.28 Y=  54.35 jitter=1331ns
TS=849.483358644 loop=2277     P= -28.76 R=  32.92 Y=  54.25 jitter=1368ns
TS=849.488359050 loop=2278     P= -28.78 R=  32.57 Y=  54.15 jitter=1774ns
TS=849.493358846 loop=2279     P= -28.81 R=  32.22 Y=  54.05 jitter=1570ns
TS=849.498358975 loop=2280     P= -28.85 R=  31.86 Y=  53.96 jitter=1699ns
TS=849.503358623 loop=2281     P= -28.90 R=  31.47 Y=  53.86 jitter=1347ns
TS=849.508358659 loop=2282     P= -28.95 R=  31.05 Y=  53.77 jitter=1383ns
TS=849.513359029 loop=2283     P= -28.99 R=  30.61 Y=  53.68 jitter=1753ns
TS=849.518358621 loop=2284     P= -29.04 R=  30.17 Y=  53.59 jitter=1345ns
TS=849.523358638 loop=2285     P= -29.09 R=  29.72 Y=  53.51 jitter=1362ns
TS=849.528358638 loop=2286     P= -29.14 R=  29.26 Y=  53.43 jitter=1362ns
TS=849.533358989 loop=2287     P= -29.20 R=  28.80 Y=  53.36 jitter=1713ns
TS=849.538358618 loop=2288     P= -29.24 R=  28.34 Y=  53.30 jitter=1342ns
TS=849.543358617 loop=2289     P= -29.28 R=  27.84 Y=  53.24 jitter=1341ns
TS=849.548359358 loop=2290     P= -29.35 R=  27.38 Y=  53.18 jitter=2082ns
TS=849.553358635 loop=2291     P= -29.39 R=  26.87 Y=  53.13 jitter=1359ns
TS=849.558358634 loop=2292     P= -29.46 R=  26.43 Y=  53.09 jitter=1358ns
TS=849.563358596 loop=2293     P= -29.54 R=  25.94 Y=  53.04 jitter=1320ns
TS=849.568358633 loop=2294     P= -29.62 R=  25.43 Y=  53.00 jitter=1357ns
TS=849.573358614 loop=2295     P= -29.72 R=  24.93 Y=  52.95 jitter=1338ns
TS=849.578358595 loop=2296     P= -29.82 R=  24.42 Y=  52.90 jitter=1319ns
TS=849.583358612 loop=2297     P= -29.92 R=  23.88 Y=  52.86 jitter=1336ns
TS=849.588359001 loop=2298     P= -30.01 R=  23.34 Y=  52.81 jitter=1725ns
TS=849.593358963 loop=2299     P= -30.10 R=  22.79 Y=  52.77 jitter=1687ns
TS=849.598359611 loop=2300     P= -30.18 R=  22.25 Y=  52.75 jitter=2335ns
TS=849.603358980 loop=2301     P= -30.26 R=  21.74 Y=  52.73 jitter=1704ns
TS=849.608358665 loop=2302     P= -30.33 R=  21.24 Y=  52.72 jitter=1389ns
TS=849.613359701 loop=2303     P= -30.41 R=  20.75 Y=  52.73 jitter=2425ns
TS=849.618359275 loop=2304     P= -30.48 R=  20.27 Y=  52.75 jitter=1999ns
TS=849.623358644 loop=2305     P= -30.54 R=  19.80 Y=  52.78 jitter=1368ns
TS=849.628358773 loop=2306     P= -30.59 R=  19.36 Y=  52.82 jitter=1497ns
TS=849.633358773 loop=2307     P= -30.62 R=  18.92 Y=  52.86 jitter=1497ns
TS=849.638359142 loop=2308     P= -30.65 R=  18.47 Y=  52.90 jitter=1866ns
TS=849.643359327 loop=2309     P= -30.70 R=  17.97 Y=  52.94 jitter=2051ns
TS=849.648358752 loop=2310     P= -30.75 R=  17.43 Y=  52.99 jitter=1476ns
TS=849.653358789 loop=2311     P= -30.80 R=  16.88 Y=  53.04 jitter=1513ns
TS=849.658359529 loop=2312     P= -30.83 R=  16.31 Y=  53.10 jitter=2253ns
TS=849.663359306 loop=2313     P= -30.90 R=  15.73 Y=  53.18 jitter=2030ns
TS=849.668358935 loop=2314     P= -30.96 R=  15.13 Y=  53.26 jitter=1659ns
TS=849.673359342 loop=2315     P= -31.03 R=  14.51 Y=  53.34 jitter=2066ns
TS=849.678358897 loop=2316     P= -31.15 R=  13.81 Y=  53.43 jitter=1621ns
TS=849.683359044 loop=2317     P= -31.32 R=  13.06 Y=  53.51 jitter=1768ns
TS=849.688359544 loop=2318     P= -31.58 R=  12.32 Y=  53.60 jitter=2268ns
TS=849.693358784 loop=2319     P= -31.80 R=  11.54 Y=  53.69 jitter=1508ns
TS=849.698359042 loop=2320     P= -32.09 R=  10.84 Y=  53.79 jitter=1766ns
TS=849.703359431 loop=2321     P= -32.35 R=  10.20 Y=  53.90 jitter=2155ns
TS=849.708358726 loop=2322     P= -32.60 R=   9.53 Y=  54.01 jitter=1450ns
TS=849.713359003 loop=2323     P= -32.84 R=   8.95 Y=  54.14 jitter=1727ns
TS=849.718358929 loop=2324     P= -33.09 R=   8.45 Y=  54.26 jitter=1653ns
TS=849.723358817 loop=2325     P= -33.33 R=   7.98 Y=  54.37 jitter=1541ns
TS=849.728358631 loop=2326     P= -33.55 R=   7.54 Y=  54.47 jitter=1355ns
TS=849.733358742 loop=2327     P= -33.73 R=   7.12 Y=  54.56 jitter=1466ns
TS=849.738358611 loop=2328     P= -33.86 R=   6.70 Y=  54.65 jitter=1335ns
TS=849.743358574 loop=2329     P= -33.92 R=   6.27 Y=  54.73 jitter=1298ns
TS=849.748358721 loop=2330     P= -33.94 R=   5.82 Y=  54.80 jitter=1445ns
TS=849.753358646 loop=2331     P= -33.93 R=   5.36 Y=  54.87 jitter=1370ns
TS=849.758358646 loop=2332     P= -33.89 R=   4.90 Y=  54.93 jitter=1370ns
TS=849.763359349 loop=2333     P= -33.87 R=   4.43 Y=  54.99 jitter=2073ns
TS=849.768358645 loop=2334     P= -33.85 R=   3.98 Y=  55.04 jitter=1369ns
TS=849.773358996 loop=2335     P= -33.81 R=   3.55 Y=  55.08 jitter=1720ns
TS=849.778358625 loop=2336     P= -33.81 R=   3.13 Y=  55.09 jitter=1349ns
TS=849.783358643 loop=2337     P= -33.82 R=   2.72 Y=  55.08 jitter=1367ns
TS=849.788358975 loop=2338     P= -33.87 R=   2.33 Y=  55.05 jitter=1699ns
TS=849.793358975 loop=2339     P= -33.88 R=   1.90 Y=  54.98 jitter=1699ns
TS=849.798359807 loop=2340     P= -33.88 R=   1.43 Y=  54.89 jitter=2531ns
TS=849.803359048 loop=2341     P= -33.81 R=   0.94 Y=  54.78 jitter=1772ns
TS=849.808358677 loop=2342     P= -33.73 R=   0.39 Y=  54.66 jitter=1401ns
TS=849.813358602 loop=2343     P= -33.64 R=  -0.14 Y=  54.53 jitter=1326ns
TS=849.818359046 loop=2344     P= -33.50 R=  -0.70 Y=  54.40 jitter=1770ns
TS=849.823358619 loop=2345     P= -33.32 R=  -1.20 Y=  54.25 jitter=1343ns
TS=849.828358767 loop=2346     P= -33.16 R=  -1.63 Y=  54.11 jitter=1491ns
TS=849.833358636 loop=2347     P= -32.98 R=  -2.04 Y=  53.96 jitter=1360ns
TS=849.838358858 loop=2348     P= -32.78 R=  -2.42 Y=  53.82 jitter=1582ns
TS=849.843358617 loop=2349     P= -32.60 R=  -2.76 Y=  53.68 jitter=1341ns
TS=849.848359560 loop=2350     P= -32.43 R=  -3.07 Y=  53.54 jitter=2284ns
TS=849.853359004 loop=2351     P= -32.24 R=  -3.37 Y=  53.40 jitter=1728ns
TS=849.858358633 loop=2352     P= -32.08 R=  -3.64 Y=  53.27 jitter=1357ns
TS=849.863358596 loop=2353     P= -31.92 R=  -3.91 Y=  53.12 jitter=1320ns
TS=849.868358632 loop=2354     P= -31.76 R=  -4.17 Y=  52.97 jitter=1356ns
TS=849.873358613 loop=2355     P= -31.60 R=  -4.43 Y=  52.82 jitter=1337ns
TS=849.878358797 loop=2356     P= -31.44 R=  -4.71 Y=  52.65 jitter=1521ns
TS=849.883358760 loop=2357     P= -31.26 R=  -5.01 Y=  52.49 jitter=1484ns
TS=849.888359092 loop=2358     P= -31.08 R=  -5.30 Y=  52.33 jitter=1816ns
TS=849.893358684 loop=2359     P= -30.84 R=  -5.64 Y=  52.17 jitter=1408ns
TS=849.898358980 loop=2360     P= -30.61 R=  -5.96 Y=  52.02 jitter=1704ns
TS=849.903359035 loop=2361     P= -30.37 R=  -6.32 Y=  51.88 jitter=1759ns
TS=849.908358645 loop=2362     P= -30.13 R=  -6.66 Y=  51.75 jitter=1369ns
TS=849.913358626 loop=2363     P= -29.89 R=  -7.04 Y=  51.63 jitter=1350ns
TS=849.918358626 loop=2364     P= -29.65 R=  -7.42 Y=  51.51 jitter=1350ns
TS=849.923358625 loop=2365     P= -29.36 R=  -7.87 Y=  51.41 jitter=1349ns
TS=849.928358661 loop=2366     P= -29.20 R=  -8.27 Y=  51.32 jitter=1385ns
TS=849.933358605 loop=2367     P= -29.03 R=  -8.72 Y=  51.22 jitter=1329ns
TS=849.938358623 loop=2368     P= -28.86 R=  -9.16 Y=  51.12 jitter=1347ns
TS=849.943359048 loop=2369     P= -28.76 R=  -9.59 Y=  51.01 jitter=1772ns
TS=849.948359788 loop=2370     P= -28.67 R= -10.00 Y=  50.90 jitter=2512ns
TS=849.953358640 loop=2371     P= -28.52 R= -10.47 Y=  50.79 jitter=1364ns
TS=849.958358621 loop=2372     P= -28.38 R= -10.96 Y=  50.68 jitter=1345ns
TS=849.963358990 loop=2373     P= -28.23 R= -11.45 Y=  50.59 jitter=1714ns
TS=849.968358619 loop=2374     P= -28.11 R= -11.92 Y=  50.50 jitter=1343ns
TS=849.973358600 loop=2375     P= -27.94 R= -12.36 Y=  50.41 jitter=1324ns
TS=849.978358637 loop=2376     P= -27.75 R= -12.78 Y=  50.32 jitter=1361ns
TS=849.983358599 loop=2377     P= -27.56 R= -13.16 Y=  50.26 jitter=1323ns
TS=849.988358635 loop=2378     P= -27.39 R= -13.51 Y=  50.21 jitter=1359ns
TS=849.993359042 loop=2379     P= -27.21 R= -13.82 Y=  50.17 jitter=1766ns
TS=849.998359134 loop=2380     P= -27.05 R= -14.05 Y=  50.14 jitter=1858ns
TS=850.003359022 loop=2381     P= -26.96 R= -14.19 Y=  50.11 jitter=1746ns
TS=850.008358633 loop=2382     P= -26.81 R= -14.37 Y=  50.07 jitter=1357ns
TS=850.013358762 loop=2383     P= -26.72 R= -14.44 Y=  50.04 jitter=1486ns
TS=850.018358650 loop=2384     P= -26.63 R= -14.56 Y=  50.01 jitter=1374ns
TS=850.023358631 loop=2385     P= -26.48 R= -14.69 Y=  49.98 jitter=1355ns
TS=850.028358649 loop=2386     P= -26.28 R= -14.83 Y=  49.95 jitter=1373ns
TS=850.033358611 loop=2387     P= -26.01 R= -15.03 Y=  49.91 jitter=1335ns
TS=850.038358592 loop=2388     P= -25.68 R= -15.13 Y=  49.88 jitter=1316ns
TS=850.043358980 loop=2389     P= -25.35 R= -15.33 Y=  49.85 jitter=1704ns
TS=850.048359350 loop=2390     P= -25.01 R= -15.50 Y=  49.82 jitter=2074ns
TS=850.053358627 loop=2391     P= -24.65 R= -15.77 Y=  49.79 jitter=1351ns
TS=850.058358626 loop=2392     P= -24.28 R= -16.04 Y=  49.78 jitter=1350ns
TS=850.063358607 loop=2393     P= -23.94 R= -16.35 Y=  49.78 jitter=1331ns
TS=850.068358958 loop=2394     P= -23.64 R= -16.58 Y=  49.78 jitter=1682ns
TS=850.073358643 loop=2395     P= -23.33 R= -16.79 Y=  49.77 jitter=1367ns
TS=850.078358605 loop=2396     P= -23.03 R= -17.15 Y=  49.77 jitter=1329ns
TS=850.083358605 loop=2397     P= -22.77 R= -17.32 Y=  49.74 jitter=1329ns
TS=850.088358974 loop=2398     P= -22.52 R= -17.40 Y=  49.71 jitter=1698ns
TS=850.093358622 loop=2399     P= -22.23 R= -17.62 Y=  49.65 jitter=1346ns
TS=850.098359714 loop=2400     P= -21.91 R= -17.86 Y=  49.59 jitter=2438ns
TS=850.103359213 loop=2401     P= -21.57 R= -18.03 Y=  49.52 jitter=1937ns
TS=850.108358768 loop=2402     P= -21.22 R= -18.17 Y=  49.45 jitter=1492ns
TS=850.113358656 loop=2403     P= -20.86 R= -18.39 Y=  49.38 jitter=1380ns
TS=850.118359081 loop=2404     P= -20.55 R= -18.53 Y=  49.31 jitter=1805ns
TS=850.123358914 loop=2405     P= -20.19 R= -18.72 Y=  49.24 jitter=1638ns
TS=850.128358802 loop=2406     P= -19.87 R= -18.86 Y=  49.19 jitter=1526ns
TS=850.133358931 loop=2407     P= -19.51 R= -19.09 Y=  49.14 jitter=1655ns
TS=850.138358875 loop=2408     P= -19.24 R= -19.15 Y=  49.08 jitter=1599ns
TS=850.143359485 loop=2409     P= -18.95 R= -19.28 Y=  49.02 jitter=2209ns
TS=850.148359429 loop=2410     P= -18.74 R= -19.34 Y=  48.96 jitter=2153ns
TS=850.153359484 loop=2411     P= -18.42 R= -19.52 Y=  48.89 jitter=2208ns
TS=850.158358872 loop=2412     P= -18.24 R= -19.56 Y=  48.82 jitter=1596ns
TS=850.163358927 loop=2413     P= -17.99 R= -19.68 Y=  48.75 jitter=1651ns
TS=850.168359612 loop=2414     P= -17.80 R= -19.72 Y=  48.67 jitter=2336ns
TS=850.173358741 loop=2415     P= -17.58 R= -19.82 Y=  48.57 jitter=1465ns
TS=850.178359092 loop=2416     P= -17.37 R= -19.95 Y=  48.47 jitter=1816ns
TS=850.183358943 loop=2417     P= -17.13 R= -20.10 Y=  48.36 jitter=1667ns
TS=850.188358739 loop=2418     P= -16.95 R= -20.25 Y=  48.26 jitter=1463ns
TS=850.193358608 loop=2419     P= -16.76 R= -20.40 Y=  48.16 jitter=1332ns
TS=850.198359071 loop=2420     P= -16.64 R= -20.53 Y=  48.05 jitter=1795ns
TS=850.203359663 loop=2421     P= -16.46 R= -20.68 Y=  47.94 jitter=2387ns
TS=850.208359051 loop=2422     P= -16.30 R= -20.84 Y=  47.84 jitter=1775ns
TS=850.213358791 loop=2423     P= -16.19 R= -20.93 Y=  47.74 jitter=1515ns
TS=850.218359179 loop=2424     P= -16.07 R= -21.01 Y=  47.64 jitter=1903ns
TS=850.223359030 loop=2425     P= -15.95 R= -21.04 Y=  47.55 jitter=1754ns
TS=850.228358659 loop=2426     P= -15.85 R= -21.08 Y=  47.46 jitter=1383ns
TS=850.233358640 loop=2427     P= -15.76 R= -21.10 Y=  47.38 jitter=1364ns
TS=850.238358621 loop=2428     P= -15.66 R= -21.10 Y=  47.31 jitter=1345ns
TS=850.243358657 loop=2429     P= -15.53 R= -21.12 Y=  47.23 jitter=1381ns
TS=850.248358842 loop=2430     P= -15.43 R= -21.07 Y=  47.15 jitter=1566ns
TS=850.253358656 loop=2431     P= -15.30 R= -21.02 Y=  47.07 jitter=1380ns
TS=850.258358637 loop=2432     P= -15.09 R= -21.08 Y=  46.98 jitter=1361ns
TS=850.263358914 loop=2433     P= -14.89 R= -21.11 Y=  46.89 jitter=1638ns
TS=850.268358654 loop=2434     P= -14.70 R= -21.09 Y=  46.79 jitter=1378ns
TS=850.273358635 loop=2435     P= -14.45 R= -21.19 Y=  46.68 jitter=1359ns
TS=850.278358653 loop=2436     P= -14.23 R= -21.23 Y=  46.56 jitter=1377ns
TS=850.283358578 loop=2437     P= -13.97 R= -21.32 Y=  46.43 jitter=1302ns
TS=850.288359003 loop=2438     P= -13.74 R= -21.37 Y=  46.30 jitter=1727ns
TS=850.293358947 loop=2439     P= -13.51 R= -21.43 Y=  46.17 jitter=1671ns
TS=850.298359391 loop=2440     P= -13.31 R= -21.49 Y=  46.04 jitter=2115ns
TS=850.303359001 loop=2441     P= -13.10 R= -21.55 Y=  45.91 jitter=1725ns
TS=850.308358630 loop=2442     P= -12.91 R= -21.60 Y=  45.79 jitter=1354ns
TS=850.313359000 loop=2443     P= -12.73 R= -21.64 Y=  45.67 jitter=1724ns
TS=850.318358610 loop=2444     P= -12.52 R= -21.67 Y=  45.56 jitter=1334ns
TS=850.323358610 loop=2445     P= -12.37 R= -21.68 Y=  45.44 jitter=1334ns
TS=850.328358702 loop=2446     P= -12.22 R= -21.65 Y=  45.33 jitter=1426ns
TS=850.333358719 loop=2447     P= -12.04 R= -21.67 Y=  45.21 jitter=1443ns
TS=850.338358663 loop=2448     P= -11.90 R= -21.60 Y=  45.08 jitter=1387ns
TS=850.343358940 loop=2449     P= -11.72 R= -21.57 Y=  44.95 jitter=1664ns
TS=850.348359125 loop=2450     P= -11.55 R= -21.55 Y=  44.82 jitter=1849ns
TS=850.353359050 loop=2451     P= -11.41 R= -21.46 Y=  44.68 jitter=1774ns
TS=850.358358642 loop=2452     P= -11.22 R= -21.41 Y=  44.52 jitter=1366ns
TS=850.363358660 loop=2453     P= -10.99 R= -21.38 Y=  44.36 jitter=1384ns
TS=850.368358622 loop=2454     P= -10.78 R= -21.34 Y=  44.21 jitter=1346ns
TS=850.373358751 loop=2455     P= -10.60 R= -21.25 Y=  44.06 jitter=1475ns
TS=850.378358621 loop=2456     P= -10.44 R= -21.15 Y=  43.91 jitter=1345ns
TS=850.383358620 loop=2457     P= -10.23 R= -21.08 Y=  43.77 jitter=1344ns
TS=850.388358990 loop=2458     P= -10.01 R= -21.06 Y=  43.63 jitter=1714ns
TS=850.393358934 loop=2459     P=  -9.78 R= -20.98 Y=  43.50 jitter=1658ns
TS=850.398359100 loop=2460     P=  -9.54 R= -20.93 Y=  43.36 jitter=1824ns
TS=850.403359099 loop=2461     P=  -9.30 R= -20.90 Y=  43.23 jitter=1823ns
TS=850.408358654 loop=2462     P=  -9.10 R= -20.81 Y=  43.08 jitter=1378ns
TS=850.413358950 loop=2463     P=  -8.89 R= -20.73 Y=  42.92 jitter=1674ns
TS=850.418358597 loop=2464     P=  -8.69 R= -20.65 Y=  42.75 jitter=1321ns
TS=850.423358596 loop=2465     P=  -8.51 R= -20.57 Y=  42.57 jitter=1320ns
TS=850.428358633 loop=2466     P=  -8.34 R= -20.52 Y=  42.38 jitter=1357ns
TS=850.433358595 loop=2467     P=  -8.18 R= -20.41 Y=  42.19 jitter=1319ns
TS=850.438358909 loop=2468     P=  -8.05 R= -20.24 Y=  41.99 jitter=1633ns
TS=850.443358946 loop=2469     P=  -7.86 R= -20.17 Y=  41.77 jitter=1670ns
TS=850.448359334 loop=2470     P=  -7.69 R= -20.06 Y=  41.56 jitter=2058ns
TS=850.453359018 loop=2471     P=  -7.53 R= -19.93 Y=  41.35 jitter=1742ns
TS=850.458358629 loop=2472     P=  -7.35 R= -19.81 Y=  41.14 jitter=1353ns
TS=850.463358721 loop=2473     P=  -7.16 R= -19.68 Y=  40.93 jitter=1445ns
TS=850.468359053 loop=2474     P=  -6.90 R= -19.62 Y=  40.73 jitter=1777ns
TS=850.473358682 loop=2475     P=  -6.68 R= -19.48 Y=  40.55 jitter=1406ns
TS=850.478358867 loop=2476     P=  -6.46 R= -19.23 Y=  40.37 jitter=1591ns
TS=850.483358737 loop=2477     P=  -6.25 R= -19.01 Y=  40.20 jitter=1461ns
TS=850.488359069 loop=2478     P=  -6.12 R= -18.63 Y=  40.03 jitter=1793ns
TS=850.493358587 loop=2479     P=  -6.01 R= -18.18 Y=  39.86 jitter=1311ns
TS=850.498359383 loop=2480     P=  -5.83 R= -17.80 Y=  39.68 jitter=2107ns
TS=850.503359030 loop=2481     P=  -5.63 R= -17.36 Y=  39.51 jitter=1754ns
TS=850.508358641 loop=2482     P=  -5.43 R= -16.91 Y=  39.34 jitter=1365ns
TS=850.513358621 loop=2483     P=  -5.18 R= -16.54 Y=  39.18 jitter=1345ns
TS=850.518358639 loop=2484     P=  -4.92 R= -16.08 Y=  39.03 jitter=1363ns
TS=850.523358602 loop=2485     P=  -4.67 R= -15.62 Y=  38.89 jitter=1326ns
TS=850.528358638 loop=2486     P=  -4.39 R= -15.22 Y=  38.75 jitter=1362ns
TS=850.533358600 loop=2487     P=  -4.12 R= -14.81 Y=  38.63 jitter=1324ns
TS=850.538358970 loop=2488     P=  -3.85 R= -14.45 Y=  38.50 jitter=1694ns
TS=850.543358617 loop=2489     P=  -3.57 R= -14.15 Y=  38.38 jitter=1341ns
TS=850.548359098 loop=2490     P=  -3.31 R= -13.80 Y=  38.25 jitter=1822ns
TS=850.553358635 loop=2491     P=  -3.04 R= -13.49 Y=  38.12 jitter=1359ns
TS=850.558358634 loop=2492     P=  -2.75 R= -13.22 Y=  37.99 jitter=1358ns
TS=850.563358596 loop=2493     P=  -2.50 R= -12.97 Y=  37.87 jitter=1320ns
TS=850.568358633 loop=2494     P=  -2.33 R= -12.61 Y=  37.76 jitter=1357ns
TS=850.573358669 loop=2495     P=  -2.15 R= -12.25 Y=  37.64 jitter=1393ns
TS=850.578358594 loop=2496     P=  -1.96 R= -11.94 Y=  37.52 jitter=1318ns
TS=850.583358723 loop=2497     P=  -1.78 R= -11.65 Y=  37.40 jitter=1447ns
TS=850.588358963 loop=2498     P=  -1.59 R= -11.20 Y=  37.29 jitter=1687ns
TS=850.593358815 loop=2499     P=  -1.39 R= -10.82 Y=  37.17 jitter=1539ns
TS=850.598359777 loop=2500     P=  -1.18 R= -10.49 Y=  37.07 jitter=2501ns
TS=850.603359147 loop=2501     P=  -0.98 R= -10.09 Y=  36.98 jitter=1871ns
TS=850.608358757 loop=2502     P=  -0.78 R=  -9.70 Y=  36.89 jitter=1481ns
TS=850.613358997 loop=2503     P=  -0.59 R=  -9.27 Y=  36.82 jitter=1721ns
TS=850.618358626 loop=2504     P=  -0.43 R=  -8.85 Y=  36.76 jitter=1350ns
TS=850.623360607 loop=2505     P=  -0.27 R=  -8.39 Y=  36.71 jitter=3331ns
TS=850.628358625 loop=2506     P=  -0.13 R=  -7.96 Y=  36.66 jitter=1349ns
TS=850.633358717 loop=2507     P=   0.02 R=  -7.54 Y=  36.63 jitter=1441ns
TS=850.638358883 loop=2508     P=   0.14 R=  -7.13 Y=  36.59 jitter=1607ns
TS=850.643358808 loop=2509     P=   0.24 R=  -6.73 Y=  36.57 jitter=1532ns
TS=850.648359215 loop=2510     P=   0.34 R=  -6.33 Y=  36.53 jitter=1939ns
TS=850.653359547 loop=2511     P=   0.43 R=  -5.95 Y=  36.50 jitter=2271ns
TS=850.658359417 loop=2512     P=   0.53 R=  -5.59 Y=  36.47 jitter=2141ns
TS=850.663358750 loop=2513     P=   0.62 R=  -5.21 Y=  36.43 jitter=1474ns
TS=850.668359342 loop=2514     P=   0.71 R=  -4.85 Y=  36.40 jitter=2066ns
TS=850.673358841 loop=2515     P=   0.80 R=  -4.49 Y=  36.37 jitter=1565ns
TS=850.678358785 loop=2516     P=   0.88 R=  -4.12 Y=  36.34 jitter=1509ns
TS=850.683358895 loop=2517     P=   0.97 R=  -3.76 Y=  36.31 jitter=1619ns
TS=850.688358783 loop=2518     P=   1.08 R=  -3.38 Y=  36.29 jitter=1507ns
TS=850.693358801 loop=2519     P=   1.20 R=  -2.98 Y=  36.26 jitter=1525ns
TS=850.698359393 loop=2520     P=   1.32 R=  -2.56 Y=  36.24 jitter=2117ns
TS=850.703358633 loop=2521     P=   1.45 R=  -2.12 Y=  36.21 jitter=1357ns
TS=850.708358744 loop=2522     P=   1.58 R=  -1.67 Y=  36.19 jitter=1468ns
TS=850.713358984 loop=2523     P=   1.71 R=  -1.21 Y=  36.16 jitter=1708ns
TS=850.718359131 loop=2524     P=   1.85 R=  -0.76 Y=  36.13 jitter=1855ns
TS=850.723358779 loop=2525     P=   1.96 R=  -0.30 Y=  36.10 jitter=1503ns
TS=850.728358667 loop=2526     P=   2.07 R=   0.15 Y=  36.06 jitter=1391ns
TS=850.733359000 loop=2527     P=   2.17 R=   0.59 Y=  36.02 jitter=1724ns
TS=850.738358592 loop=2528     P=   2.27 R=   1.01 Y=  35.98 jitter=1316ns
TS=850.743358646 loop=2529     P=   2.36 R=   1.41 Y=  35.92 jitter=1370ns
TS=850.748359461 loop=2530     P=   2.47 R=   1.77 Y=  35.87 jitter=2185ns
TS=850.753359034 loop=2531     P=   2.58 R=   2.11 Y=  35.82 jitter=1758ns
TS=850.758358644 loop=2532     P=   2.69 R=   2.43 Y=  35.77 jitter=1368ns
TS=850.763358588 loop=2533     P=   2.80 R=   2.74 Y=  35.73 jitter=1312ns
TS=850.768358643 loop=2534     P=   2.92 R=   3.06 Y=  35.69 jitter=1367ns
TS=850.773358624 loop=2535     P=   3.02 R=   3.37 Y=  35.66 jitter=1348ns
TS=850.778358605 loop=2536     P=   3.13 R=   3.68 Y=  35.64 jitter=1329ns
TS=850.783358641 loop=2537     P=   3.24 R=   3.99 Y=  35.62 jitter=1365ns
TS=850.788358992 loop=2538     P=   3.33 R=   4.32 Y=  35.60 jitter=1716ns
TS=850.793358973 loop=2539     P=   3.43 R=   4.66 Y=  35.58 jitter=1697ns
TS=850.798359343 loop=2540     P=   3.54 R=   5.00 Y=  35.56 jitter=2067ns
TS=850.803358972 loop=2541     P=   3.63 R=   5.34 Y=  35.54 jitter=1696ns
TS=850.808358730 loop=2542     P=   3.74 R=   5.70 Y=  35.52 jitter=1454ns
TS=850.813358656 loop=2543     P=   3.87 R=   6.06 Y=  35.51 jitter=1380ns
TS=850.818358618 loop=2544     P=   3.96 R=   6.42 Y=  35.50 jitter=1342ns
TS=850.823358617 loop=2545     P=   4.04 R=   6.78 Y=  35.49 jitter=1341ns
TS=850.828358987 loop=2546     P=   4.10 R=   7.15 Y=  35.49 jitter=1711ns
TS=850.833358931 loop=2547     P=   4.15 R=   7.51 Y=  35.48 jitter=1655ns
TS=850.838358856 loop=2548     P=   4.19 R=   7.85 Y=  35.48 jitter=1580ns
TS=850.843359170 loop=2549     P=   4.23 R=   8.21 Y=  35.48 jitter=1894ns
TS=850.848359151 loop=2550     P=   4.27 R=   8.56 Y=  35.47 jitter=1875ns
TS=850.853358613 loop=2551     P=   4.32 R=   8.91 Y=  35.47 jitter=1337ns
TS=850.858358631 loop=2552     P=   4.38 R=   9.31 Y=  35.46 jitter=1355ns
TS=850.863358631 loop=2553     P=   4.45 R=   9.71 Y=  35.46 jitter=1355ns
TS=850.868358667 loop=2554     P=   4.52 R=  10.08 Y=  35.45 jitter=1391ns
TS=850.873358648 loop=2555     P=   4.61 R=  10.45 Y=  35.43 jitter=1372ns
TS=850.878358610 loop=2556     P=   4.71 R=  10.80 Y=  35.41 jitter=1334ns
TS=850.883358887 loop=2557     P=   4.83 R=  11.13 Y=  35.39 jitter=1611ns
TS=850.888358794 loop=2558     P=   4.95 R=  11.48 Y=  35.38 jitter=1518ns
TS=850.893358627 loop=2559     P=   5.11 R=  11.82 Y=  35.36 jitter=1351ns
TS=850.898359607 loop=2560     P=   5.27 R=  12.16 Y=  35.35 jitter=2331ns
TS=850.903359014 loop=2561     P=   5.44 R=  12.49 Y=  35.34 jitter=1738ns
TS=850.908358680 loop=2562     P=   5.62 R=  12.83 Y=  35.33 jitter=1404ns
TS=850.913358642 loop=2563     P=   5.77 R=  13.19 Y=  35.32 jitter=1366ns
TS=850.918358623 loop=2564     P=   5.95 R=  13.53 Y=  35.32 jitter=1347ns
TS=850.923358641 loop=2565     P=   6.11 R=  13.85 Y=  35.31 jitter=1365ns
TS=850.928358659 loop=2566     P=   6.25 R=  14.18 Y=  35.31 jitter=1383ns
TS=850.933358621 loop=2567     P=   6.35 R=  14.49 Y=  35.31 jitter=1345ns
TS=850.938359046 loop=2568     P=   6.44 R=  14.79 Y=  35.32 jitter=1770ns
TS=850.943358638 loop=2569     P=   6.49 R=  15.09 Y=  35.32 jitter=1362ns
TS=850.948359212 loop=2570     P=   6.54 R=  15.38 Y=  35.32 jitter=1936ns
TS=850.953358619 loop=2571     P=   6.55 R=  15.67 Y=  35.33 jitter=1343ns
TS=850.958358636 loop=2572     P=   6.56 R=  15.96 Y=  35.33 jitter=1360ns
TS=850.963358580 loop=2573     P=   6.58 R=  16.26 Y=  35.33 jitter=1304ns
TS=850.968358968 loop=2574     P=   6.61 R=  16.55 Y=  35.32 jitter=1692ns
TS=850.973358634 loop=2575     P=   6.66 R=  16.86 Y=  35.32 jitter=1358ns
TS=850.978358634 loop=2576     P=   6.71 R=  17.18 Y=  35.31 jitter=1358ns
TS=850.983358596 loop=2577     P=   6.78 R=  17.50 Y=  35.31 jitter=1320ns
TS=850.988358632 loop=2578     P=   6.86 R=  17.84 Y=  35.31 jitter=1356ns
TS=850.993358965 loop=2579     P=   6.92 R=  18.19 Y=  35.31 jitter=1689ns
TS=850.998359131 loop=2580     P=   6.99 R=  18.53 Y=  35.31 jitter=1855ns
TS=851.003359019 loop=2581     P=   7.04 R=  18.92 Y=  35.32 jitter=1743ns
TS=851.008358630 loop=2582     P=   7.11 R=  19.35 Y=  35.33 jitter=1354ns
TS=851.013358611 loop=2583     P=   7.18 R=  19.83 Y=  35.35 jitter=1335ns
TS=851.018358610 loop=2584     P=   7.25 R=  20.31 Y=  35.37 jitter=1334ns
TS=851.023358980 loop=2585     P=   7.31 R=  20.80 Y=  35.39 jitter=1704ns
TS=851.028358664 loop=2586     P=   7.34 R=  21.28 Y=  35.41 jitter=1388ns
TS=851.033359052 loop=2587     P=   7.35 R=  21.73 Y=  35.43 jitter=1776ns
TS=851.038358644 loop=2588     P=   7.35 R=  22.14 Y=  35.44 jitter=1368ns
TS=851.043358607 loop=2589     P=   7.31 R=  22.52 Y=  35.43 jitter=1331ns
TS=851.048359310 loop=2590     P=   7.25 R=  22.89 Y=  35.41 jitter=2034ns
TS=851.053359031 loop=2591     P=   7.18 R=  23.23 Y=  35.37 jitter=1755ns
TS=851.058358642 loop=2592     P=   7.10 R=  23.56 Y=  35.32 jitter=1366ns
TS=851.063358585 loop=2593     P=   7.02 R=  23.88 Y=  35.26 jitter=1309ns
TS=851.068358640 loop=2594     P=   6.96 R=  24.21 Y=  35.20 jitter=1364ns
TS=851.078358657 loop=2595     P=   6.91 R=  24.58 Y=  35.13 jitter=1381ns
TS=851.083358638 loop=2596     P=   6.86 R=  24.96 Y=  35.06 jitter=1362ns
TS=851.088358582 loop=2597     P=   6.82 R=  25.35 Y=  34.99 jitter=1306ns
TS=851.093358952 loop=2598     P=   6.79 R=  25.76 Y=  34.92 jitter=1676ns
TS=851.098359895 loop=2599     P=   6.76 R=  26.16 Y=  34.85 jitter=2619ns
TS=851.103359024 loop=2600     P=   6.74 R=  26.59 Y=  34.79 jitter=1748ns
TS=851.113359004 loop=2601     P=   6.72 R=  27.01 Y=  34.73 jitter=1728ns
TS=851.118358633 loop=2602     P=   6.70 R=  27.44 Y=  34.66 jitter=1357ns
TS=851.123359225 loop=2603     P=   6.68 R=  27.87 Y=  34.59 jitter=1949ns
TS=851.128358817 loop=2604     P=   6.65 R=  28.28 Y=  34.53 jitter=1541ns
TS=851.133358983 loop=2605     P=   6.63 R=  28.68 Y=  34.46 jitter=1707ns
TS=851.138358593 loop=2606     P=   6.59 R=  29.05 Y=  34.40 jitter=1317ns
TS=851.143359611 loop=2607     P=   6.51 R=  29.34 Y=  34.33 jitter=2335ns
TS=851.148358851 loop=2608     P=   6.42 R=  29.63 Y=  34.27 jitter=1575ns
TS=851.153358888 loop=2609     P=   6.34 R=  29.92 Y=  34.21 jitter=1612ns
TS=851.158358720 loop=2610     P=   6.26 R=  30.19 Y=  34.15 jitter=1444ns
TS=851.163358794 loop=2611     P=   6.17 R=  30.47 Y=  34.09 jitter=1518ns
TS=851.168358756 loop=2612     P=   6.09 R=  30.78 Y=  34.03 jitter=1480ns
TS=851.173358737 loop=2613     P=   6.03 R=  31.13 Y=  33.97 jitter=1461ns
TS=851.178358995 loop=2614     P=   5.97 R=  31.50 Y=  33.92 jitter=1719ns
TS=851.183359050 loop=2615     P=   5.94 R=  31.82 Y=  33.87 jitter=1774ns
TS=851.188359105 loop=2616     P=   5.90 R=  32.15 Y=  33.83 jitter=1829ns
TS=851.193358678 loop=2617     P=   5.84 R=  32.48 Y=  33.80 jitter=1402ns
TS=851.198359159 loop=2618     P=   5.78 R=  32.78 Y=  33.76 jitter=1883ns
TS=851.203359066 loop=2619     P=   5.73 R=  33.08 Y=  33.74 jitter=1790ns
TS=851.208358732 loop=2620     P=   5.67 R=  33.36 Y=  33.72 jitter=1456ns
TS=851.213358805 loop=2621     P=   5.62 R=  33.62 Y=  33.70 jitter=1529ns
TS=851.218359064 loop=2622     P=   5.57 R=  33.87 Y=  33.69 jitter=1788ns
TS=851.223358767 loop=2623     P=   5.53 R=  34.12 Y=  33.69 jitter=1491ns
TS=851.228358729 loop=2624     P=   5.48 R=  34.37 Y=  33.69 jitter=1453ns
TS=851.233358988 loop=2625     P=   5.43 R=  34.67 Y=  33.69 jitter=1712ns
TS=851.238360154 loop=2626     P=   5.39 R=  34.94 Y=  33.70 jitter=2878ns
TS=851.243358894 loop=2627     P=   5.36 R=  35.21 Y=  33.71 jitter=1618ns
TS=851.248359134 loop=2628     P=   5.34 R=  35.46 Y=  33.72 jitter=1858ns
TS=851.253358837 loop=2629     P=   5.32 R=  35.71 Y=  33.72 jitter=1561ns
TS=851.258359503 loop=2630     P=   5.32 R=  35.80 Y=  33.71 jitter=2227ns
TS=851.263359298 loop=2631     P=   5.34 R=  36.02 Y=  33.70 jitter=2022ns
TS=851.268358909 loop=2632     P=   5.24 R=  36.38 Y=  33.69 jitter=1633ns
TS=851.273358612 loop=2633     P=   5.18 R=  36.73 Y=  33.67 jitter=1336ns
TS=851.278358685 loop=2634     P=   5.12 R=  36.98 Y=  33.64 jitter=1409ns
TS=851.283358869 loop=2635     P=   5.09 R=  37.29 Y=  33.63 jitter=1593ns
TS=851.288359591 loop=2636     P=   5.07 R=  37.65 Y=  33.62 jitter=2315ns
TS=851.293358609 loop=2637     P=   5.15 R=  38.11 Y=  33.61 jitter=1333ns
TS=851.298359256 loop=2638     P=   5.17 R=  38.48 Y=  33.59 jitter=1980ns
TS=851.303358644 loop=2639     P=   5.13 R=  38.74 Y=  33.55 jitter=1368ns
TS=851.308358662 loop=2640     P=   5.15 R=  39.05 Y=  33.54 jitter=1386ns
TS=851.313358662 loop=2641     P=   5.17 R=  39.43 Y=  33.53 jitter=1386ns
TS=851.318358624 loop=2642     P=   5.22 R=  39.82 Y=  33.51 jitter=1348ns
TS=851.323358623 loop=2643     P=   5.25 R=  40.18 Y=  33.49 jitter=1347ns
TS=851.328358660 loop=2644     P=   5.25 R=  40.58 Y=  33.49 jitter=1384ns
TS=851.333358622 loop=2645     P=   5.30 R=  40.96 Y=  33.48 jitter=1346ns
TS=851.338359047 loop=2646     P=   5.31 R=  41.29 Y=  33.47 jitter=1771ns
TS=851.343359009 loop=2647     P=   5.34 R=  41.63 Y=  33.47 jitter=1733ns
TS=851.348359286 loop=2648     P=   5.34 R=  41.93 Y=  33.45 jitter=2010ns
TS=851.353359045 loop=2649     P=   5.36 R=  42.21 Y=  33.43 jitter=1769ns
TS=851.358358563 loop=2650     P=   5.41 R=  42.54 Y=  33.38 jitter=1287ns
TS=851.363359062 loop=2651     P=   5.45 R=  42.82 Y=  33.32 jitter=1786ns
TS=851.368358654 loop=2652     P=   5.49 R=  43.06 Y=  33.25 jitter=1378ns
TS=851.373358635 loop=2653     P=   5.47 R=  43.50 Y=  33.20 jitter=1359ns
TS=851.378358597 loop=2654     P=   5.48 R=  43.96 Y=  33.17 jitter=1321ns
TS=851.383358596 loop=2655     P=   5.54 R=  44.41 Y=  33.15 jitter=1320ns
TS=851.388358966 loop=2656     P=   5.57 R=  44.91 Y=  33.13 jitter=1690ns
TS=851.393358910 loop=2657     P=   5.50 R=  45.51 Y=  33.11 jitter=1634ns
TS=851.398359391 loop=2658     P=   5.55 R=  45.86 Y=  33.09 jitter=2115ns
TS=851.403359001 loop=2659     P=   5.53 R=  46.22 Y=  33.08 jitter=1725ns
TS=851.408358778 loop=2660     P=   5.58 R=  46.64 Y=  33.09 jitter=1502ns
TS=851.413359055 loop=2661     P=   5.67 R=  47.10 Y=  33.12 jitter=1779ns
TS=851.418358832 loop=2662     P=   5.77 R=  47.57 Y=  33.14 jitter=1556ns
TS=851.423359072 loop=2663     P=   5.86 R=  48.01 Y=  33.17 jitter=1796ns
TS=851.428358664 loop=2664     P=   5.91 R=  48.41 Y=  33.20 jitter=1388ns
TS=851.433358626 loop=2665     P=   5.96 R=  48.77 Y=  33.22 jitter=1350ns
TS=851.438358607 loop=2666     P=   5.99 R=  49.09 Y=  33.24 jitter=1331ns
TS=851.443359032 loop=2667     P=   5.99 R=  49.40 Y=  33.25 jitter=1756ns
TS=851.448359198 loop=2668     P=   6.03 R=  49.69 Y=  33.25 jitter=1922ns
TS=851.453358624 loop=2669     P=   6.07 R=  50.07 Y=  33.21 jitter=1348ns
TS=851.458358586 loop=2670     P=   6.04 R=  50.36 Y=  33.13 jitter=1310ns
TS=851.463358974 loop=2671     P=   5.92 R=  50.58 Y=  33.07 jitter=1698ns
TS=851.468358640 loop=2672     P=   5.87 R=  50.93 Y=  33.05 jitter=1364ns
TS=851.473359028 loop=2673     P=   5.86 R=  51.37 Y=  33.03 jitter=1752ns
TS=851.478358620 loop=2674     P=   5.84 R=  51.78 Y=  33.02 jitter=1344ns
TS=851.483358619 loop=2675     P=   5.85 R=  52.19 Y=  33.02 jitter=1343ns
TS=851.488358989 loop=2676     P=   5.87 R=  52.57 Y=  33.03 jitter=1713ns
TS=851.493358914 loop=2677     P=   5.89 R=  52.88 Y=  33.03 jitter=1638ns
TS=851.498359543 loop=2678     P=   5.84 R=  53.18 Y=  33.03 jitter=2267ns
TS=851.503359043 loop=2679     P=   5.76 R=  53.40 Y=  33.03 jitter=1767ns
TS=851.508358634 loop=2680     P=   5.66 R=  53.57 Y=  33.02 jitter=1358ns
TS=851.513358634 loop=2681     P=   5.56 R=  53.71 Y=  33.01 jitter=1358ns
TS=851.518358763 loop=2682     P=   5.42 R=  53.90 Y=  33.00 jitter=1487ns
TS=851.523359243 loop=2683     P=   5.30 R=  54.10 Y=  32.98 jitter=1967ns
TS=851.528359021 loop=2684     P=   5.20 R=  54.30 Y=  32.96 jitter=1745ns
TS=851.533358705 loop=2685     P=   5.10 R=  54.54 Y=  32.93 jitter=1429ns
TS=851.538358649 loop=2686     P=   5.00 R=  54.77 Y=  32.90 jitter=1373ns
TS=851.543359056 loop=2687     P=   4.89 R=  54.99 Y=  32.87 jitter=1780ns
TS=851.548358962 loop=2688     P=   4.80 R=  55.18 Y=  32.84 jitter=1686ns
TS=851.553358610 loop=2689     P=   4.69 R=  55.39 Y=  32.81 jitter=1334ns
TS=851.558358627 loop=2690     P=   4.59 R=  55.58 Y=  32.79 jitter=1351ns
TS=851.563358942 loop=2691     P=   4.51 R=  55.78 Y=  32.76 jitter=1666ns
TS=851.568358645 loop=2692     P=   4.42 R=  55.98 Y=  32.74 jitter=1369ns
TS=851.573358644 loop=2693     P=   4.32 R=  56.15 Y=  32.72 jitter=1368ns
TS=851.578358643 loop=2694     P=   4.21 R=  56.31 Y=  32.70 jitter=1367ns
TS=851.583359031 loop=2695     P=   4.08 R=  56.46 Y=  32.69 jitter=1755ns
TS=851.588358623 loop=2696     P=   3.94 R=  56.61 Y=  32.67 jitter=1347ns
TS=851.593358641 loop=2697     P=   3.81 R=  56.75 Y=  32.66 jitter=1365ns
TS=851.598359974 loop=2698     P=   3.68 R=  56.89 Y=  32.64 jitter=2698ns
TS=851.603359029 loop=2699     P=   3.55 R=  57.03 Y=  32.62 jitter=1753ns
TS=851.608358639 loop=2700     P=   3.40 R=  57.15 Y=  32.60 jitter=1363ns
TS=851.613358990 loop=2701     P=   3.25 R=  57.27 Y=  32.58 jitter=1714ns
TS=851.618358601 loop=2702     P=   3.10 R=  57.39 Y=  32.55 jitter=1325ns
TS=851.623358618 loop=2703     P=   2.97 R=  57.51 Y=  32.52 jitter=1342ns
TS=851.628358729 loop=2704     P=   2.83 R=  57.62 Y=  32.49 jitter=1453ns
TS=851.633359265 loop=2705     P=   2.67 R=  57.73 Y=  32.46 jitter=1989ns
TS=851.638358709 loop=2706     P=   2.53 R=  57.84 Y=  32.43 jitter=1433ns
TS=851.643358708 loop=2707     P=   2.41 R=  57.99 Y=  32.40 jitter=1432ns
TS=851.648359356 loop=2708     P=   2.33 R=  58.21 Y=  32.38 jitter=2080ns
TS=851.653359207 loop=2709     P=   2.34 R=  58.42 Y=  32.36 jitter=1931ns
TS=851.658359151 loop=2710     P=   2.27 R=  58.76 Y=  32.36 jitter=1875ns
TS=851.663359409 loop=2711     P=   2.22 R=  59.05 Y=  32.35 jitter=2133ns
TS=851.668359908 loop=2712     P=   2.16 R=  59.22 Y=  32.35 jitter=2632ns
TS=851.673358723 loop=2713     P=   2.06 R=  59.28 Y=  32.34 jitter=1447ns
TS=851.678359166 loop=2714     P=   1.91 R=  59.31 Y=  32.33 jitter=1890ns
TS=851.683359147 loop=2715     P=   1.77 R=  59.37 Y=  32.32 jitter=1871ns
TS=851.688359109 loop=2716     P=   1.66 R=  59.47 Y=  32.31 jitter=1833ns
TS=851.693359257 loop=2717     P=   1.58 R=  59.65 Y=  32.28 jitter=1981ns
TS=851.698359015 loop=2718     P=   1.53 R=  59.82 Y=  32.26 jitter=1739ns
TS=851.703358848 loop=2719     P=   1.44 R=  59.98 Y=  32.24 jitter=1572ns
TS=851.708358736 loop=2720     P=   1.36 R=  60.11 Y=  32.22 jitter=1460ns
TS=851.713358680 loop=2721     P=   1.28 R=  60.21 Y=  32.21 jitter=1404ns
TS=851.718359309 loop=2722     P=   1.19 R=  60.28 Y=  32.19 jitter=2033ns
TS=851.723359012 loop=2723     P=   1.08 R=  60.33 Y=  32.17 jitter=1736ns
TS=851.728358733 loop=2724     P=   0.98 R=  60.38 Y=  32.16 jitter=1457ns
TS=851.733358807 loop=2725     P=   0.89 R=  60.47 Y=  32.14 jitter=1531ns
TS=851.738359121 loop=2726     P=   0.80 R=  60.57 Y=  32.13 jitter=1845ns
TS=851.743358676 loop=2727     P=   0.71 R=  60.67 Y=  32.12 jitter=1400ns
TS=851.748360157 loop=2728     P=   0.62 R=  60.76 Y=  32.11 jitter=2881ns
TS=851.753358619 loop=2729     P=   0.53 R=  60.81 Y=  32.10 jitter=1343ns
TS=851.758358618 loop=2730     P=   0.42 R=  60.86 Y=  32.09 jitter=1342ns
TS=851.763359192 loop=2731     P=   0.30 R=  60.89 Y=  32.08 jitter=1916ns
TS=851.768358765 loop=2732     P=   0.17 R=  60.94 Y=  32.06 jitter=1489ns
TS=851.773358635 loop=2733     P=   0.06 R=  61.00 Y=  32.04 jitter=1359ns
TS=851.778358634 loop=2734     P=  -0.04 R=  61.08 Y=  32.02 jitter=1358ns
TS=851.783358578 loop=2735     P=  -0.14 R=  61.15 Y=  32.00 jitter=1302ns
TS=851.788358670 loop=2736     P=  -0.26 R=  61.23 Y=  31.98 jitter=1394ns
TS=851.793358632 loop=2737     P=  -0.38 R=  61.33 Y=  31.96 jitter=1356ns
TS=851.798359427 loop=2738     P=  -0.49 R=  61.41 Y=  31.95 jitter=2151ns
TS=851.803359019 loop=2739     P=  -0.61 R=  61.48 Y=  31.93 jitter=1743ns
TS=851.808358648 loop=2740     P=  -0.72 R=  61.51 Y=  31.91 jitter=1372ns
TS=851.813358592 loop=2741     P=  -0.84 R=  61.52 Y=  31.89 jitter=1316ns
TS=851.818358591 loop=2742     P=  -0.96 R=  61.53 Y=  31.87 jitter=1315ns
TS=851.823358609 loop=2743     P=  -1.07 R=  61.56 Y=  31.85 jitter=1333ns
TS=851.828358627 loop=2744     P=  -1.18 R=  61.60 Y=  31.82 jitter=1351ns
TS=851.833358608 loop=2745     P=  -1.29 R=  61.65 Y=  31.80 jitter=1332ns
TS=851.838358922 loop=2746     P=  -1.40 R=  61.69 Y=  31.77 jitter=1646ns
TS=851.843358884 loop=2747     P=  -1.50 R=  61.71 Y=  31.75 jitter=1608ns
TS=851.848359476 loop=2748     P=  -1.61 R=  61.69 Y=  31.72 jitter=2200ns
TS=851.853359031 loop=2749     P=  -1.74 R=  61.65 Y=  31.70 jitter=1755ns
TS=851.858358623 loop=2750     P=  -1.86 R=  61.60 Y=  31.69 jitter=1347ns
TS=851.863359067 loop=2751     P=  -2.00 R=  61.55 Y=  31.67 jitter=1791ns
TS=851.868358732 loop=2752     P=  -2.13 R=  61.51 Y=  31.65 jitter=1456ns
TS=851.873358621 loop=2753     P=  -2.25 R=  61.48 Y=  31.63 jitter=1345ns
TS=851.878358601 loop=2754     P=  -2.39 R=  61.48 Y=  31.61 jitter=1325ns
TS=851.883358601 loop=2755     P=  -2.50 R=  61.45 Y=  31.58 jitter=1325ns
TS=851.888358748 loop=2756     P=  -2.64 R=  61.44 Y=  31.56 jitter=1472ns
TS=851.893359044 loop=2757     P=  -2.78 R=  61.43 Y=  31.53 jitter=1768ns
TS=851.898358765 loop=2758     P=  -2.93 R=  61.42 Y=  31.51 jitter=1489ns
TS=851.903358987 loop=2759     P=  -3.09 R=  61.41 Y=  31.47 jitter=1711ns
TS=851.908358653 loop=2760     P=  -3.24 R=  61.40 Y=  31.43 jitter=1377ns
TS=851.913358634 loop=2761     P=  -3.41 R=  61.39 Y=  31.39 jitter=1358ns
TS=851.918358596 loop=2762     P=  -3.57 R=  61.37 Y=  31.34 jitter=1320ns
TS=851.923358595 loop=2763     P=  -3.74 R=  61.36 Y=  31.29 jitter=1319ns
TS=851.928358632 loop=2764     P=  -3.90 R=  61.32 Y=  31.23 jitter=1356ns
TS=851.933358723 loop=2765     P=  -4.03 R=  61.28 Y=  31.17 jitter=1447ns
TS=851.938358630 loop=2766     P=  -4.14 R=  61.26 Y=  31.12 jitter=1354ns
TS=851.943358944 loop=2767     P=  -4.24 R=  61.21 Y=  31.06 jitter=1668ns
TS=851.948359962 loop=2768     P=  -4.34 R=  61.15 Y=  31.02 jitter=2686ns
TS=851.953358591 loop=2769     P=  -4.45 R=  61.08 Y=  30.98 jitter=1315ns
TS=851.958358590 loop=2770     P=  -4.56 R=  61.01 Y=  30.95 jitter=1314ns
TS=851.963358608 loop=2771     P=  -4.67 R=  60.94 Y=  30.93 jitter=1332ns
TS=851.968358626 loop=2772     P=  -4.78 R=  60.86 Y=  30.92 jitter=1350ns
TS=851.973358625 loop=2773     P=  -4.91 R=  60.81 Y=  30.91 jitter=1349ns
TS=851.978358606 loop=2774     P=  -5.02 R=  60.74 Y=  30.91 jitter=1330ns
TS=851.983358661 loop=2775     P=  -5.15 R=  60.67 Y=  30.92 jitter=1385ns
TS=851.988358975 loop=2776     P=  -5.28 R=  60.62 Y=  30.93 jitter=1699ns
TS=851.993359048 loop=2777     P=  -5.39 R=  60.52 Y=  30.94 jitter=1772ns
TS=851.998359511 loop=2778     P=  -5.50 R=  60.47 Y=  30.96 jitter=2235ns
TS=852.003359028 loop=2779     P=  -5.64 R=  60.39 Y=  30.98 jitter=1752ns
TS=852.008358639 loop=2780     P=  -5.78 R=  60.31 Y=  30.99 jitter=1363ns
TS=852.013358620 loop=2781     P=  -5.93 R=  60.23 Y=  31.01 jitter=1344ns
TS=852.018358638 loop=2782     P=  -6.08 R=  60.16 Y=  31.01 jitter=1362ns
TS=852.023358581 loop=2783     P=  -6.20 R=  60.08 Y=  31.02 jitter=1305ns
TS=852.028358599 loop=2784     P=  -6.32 R=  60.00 Y=  31.03 jitter=1323ns
TS=852.033358598 loop=2785     P=  -6.46 R=  59.91 Y=  31.04 jitter=1322ns
TS=852.038358616 loop=2786     P=  -6.62 R=  59.85 Y=  31.04 jitter=1340ns
TS=852.043358967 loop=2787     P=  -6.74 R=  59.76 Y=  31.04 jitter=1691ns
TS=852.048359633 loop=2788     P=  -6.87 R=  59.66 Y=  31.04 jitter=2357ns
TS=852.053358596 loop=2789     P=  -6.99 R=  59.54 Y=  31.05 jitter=1320ns
TS=852.058358650 loop=2790     P=  -7.15 R=  59.55 Y=  31.04 jitter=1374ns
TS=852.063358576 loop=2791     P=  -7.28 R=  59.45 Y=  31.04 jitter=1300ns
TS=852.068358630 loop=2792     P=  -7.44 R=  59.37 Y=  31.03 jitter=1354ns
TS=852.073358630 loop=2793     P=  -7.58 R=  59.29 Y=  31.01 jitter=1354ns
TS=852.078358629 loop=2794     P=  -7.73 R=  59.17 Y=  30.99 jitter=1353ns
TS=852.083358795 loop=2795     P=  -7.89 R=  59.04 Y=  30.97 jitter=1519ns
TS=852.088358979 loop=2796     P=  -8.05 R=  58.91 Y=  30.95 jitter=1703ns
TS=852.093358756 loop=2797     P=  -8.21 R=  58.76 Y=  30.93 jitter=1480ns
TS=852.098358959 loop=2798     P=  -8.36 R=  58.61 Y=  30.90 jitter=1683ns
TS=852.103358662 loop=2799     P=  -8.50 R=  58.47 Y=  30.87 jitter=1386ns
TS=852.108358976 loop=2800     P=  -8.61 R=  58.30 Y=  30.84 jitter=1700ns
TS=852.113358624 loop=2801     P=  -8.72 R=  58.14 Y=  30.82 jitter=1348ns
TS=852.118358623 loop=2802     P=  -8.87 R=  58.11 Y=  30.79 jitter=1347ns
TS=852.123358622 loop=2803     P=  -9.00 R=  58.05 Y=  30.75 jitter=1346ns
TS=852.128358936 loop=2804     P=  -9.11 R=  57.96 Y=  30.72 jitter=1660ns
TS=852.133359065 loop=2805     P=  -9.22 R=  57.86 Y=  30.69 jitter=1789ns
TS=852.138358898 loop=2806     P=  -9.34 R=  57.76 Y=  30.66 jitter=1622ns
TS=852.143358879 loop=2807     P=  -9.46 R=  57.63 Y=  30.63 jitter=1603ns
TS=852.148358971 loop=2808     P=  -9.59 R=  57.47 Y=  30.61 jitter=1695ns
TS=852.153359451 loop=2809     P=  -9.72 R=  57.30 Y=  30.58 jitter=2175ns
TS=852.158359358 loop=2810     P=  -9.85 R=  57.12 Y=  30.55 jitter=2082ns
TS=852.163359487 loop=2811     P=  -9.98 R=  56.94 Y=  30.53 jitter=2211ns
TS=852.168359338 loop=2812     P= -10.11 R=  56.76 Y=  30.50 jitter=2062ns
TS=852.173358856 loop=2813     P= -10.24 R=  56.60 Y=  30.47 jitter=1580ns
TS=852.178359040 loop=2814     P= -10.37 R=  56.45 Y=  30.45 jitter=1764ns
TS=852.183358928 loop=2815     P= -10.47 R=  56.30 Y=  30.44 jitter=1652ns
TS=852.188358983 loop=2816     P= -10.61 R=  56.12 Y=  30.41 jitter=1707ns
TS=852.193359964 loop=2817     P= -10.76 R=  55.92 Y=  30.39 jitter=2688ns
TS=852.198359223 loop=2818     P= -10.88 R=  55.73 Y=  30.37 jitter=1947ns
TS=852.203358722 loop=2819     P= -11.02 R=  55.53 Y=  30.35 jitter=1446ns
TS=852.208358610 loop=2820     P= -11.16 R=  55.32 Y=  30.32 jitter=1334ns
TS=852.213358924 loop=2821     P= -11.29 R=  55.10 Y=  30.31 jitter=1648ns
TS=852.218358849 loop=2822     P= -11.42 R=  54.87 Y=  30.29 jitter=1573ns
TS=852.223358978 loop=2823     P= -11.55 R=  54.64 Y=  30.28 jitter=1702ns
TS=852.228358718 loop=2824     P= -11.70 R=  54.41 Y=  30.27 jitter=1442ns
TS=852.233359680 loop=2825     P= -11.83 R=  54.21 Y=  30.26 jitter=2404ns
TS=852.238359254 loop=2826     P= -11.95 R=  54.02 Y=  30.26 jitter=1978ns
TS=852.243359438 loop=2827     P= -12.06 R=  53.86 Y=  30.25 jitter=2162ns
TS=852.248359808 loop=2828     P= -12.16 R=  53.70 Y=  30.25 jitter=2532ns
TS=852.253358678 loop=2829     P= -12.24 R=  53.56 Y=  30.24 jitter=1402ns
TS=852.258358825 loop=2830     P= -12.31 R=  53.42 Y=  30.24 jitter=1549ns
TS=852.263358583 loop=2831     P= -12.41 R=  53.27 Y=  30.24 jitter=1307ns
TS=852.268358657 loop=2832     P= -12.50 R=  53.10 Y=  30.24 jitter=1381ns
TS=852.273358601 loop=2833     P= -12.60 R=  52.94 Y=  30.24 jitter=1325ns
TS=852.278358637 loop=2834     P= -12.69 R=  52.79 Y=  30.24 jitter=1361ns
TS=852.283359099 loop=2835     P= -12.80 R=  52.64 Y=  30.24 jitter=1823ns
TS=852.288358654 loop=2836     P= -12.90 R=  52.46 Y=  30.24 jitter=1378ns
TS=852.293358598 loop=2837     P= -13.01 R=  52.30 Y=  30.23 jitter=1322ns
TS=852.298359782 loop=2838     P= -13.12 R=  52.10 Y=  30.22 jitter=2506ns
TS=852.303358633 loop=2839     P= -13.25 R=  51.89 Y=  30.21 jitter=1357ns
TS=852.308358651 loop=2840     P= -13.38 R=  51.67 Y=  30.20 jitter=1375ns
TS=852.313358724 loop=2841     P= -13.51 R=  51.44 Y=  30.18 jitter=1448ns
TS=852.318358631 loop=2842     P= -13.64 R=  51.20 Y=  30.17 jitter=1355ns
TS=852.323358649 loop=2843     P= -13.78 R=  50.96 Y=  30.15 jitter=1373ns
TS=852.328358648 loop=2844     P= -13.91 R=  50.73 Y=  30.12 jitter=1372ns
TS=852.333358610 loop=2845     P= -14.02 R=  50.48 Y=  30.10 jitter=1334ns
TS=852.338358610 loop=2846     P= -14.14 R=  50.23 Y=  30.08 jitter=1334ns
TS=852.343359294 loop=2847     P= -14.25 R=  49.99 Y=  30.06 jitter=2018ns
TS=852.348359201 loop=2848     P= -14.37 R=  49.76 Y=  30.04 jitter=1925ns
TS=852.353359033 loop=2849     P= -14.49 R=  49.53 Y=  30.02 jitter=1757ns
TS=852.358358625 loop=2850     P= -14.62 R=  49.30 Y=  30.00 jitter=1349ns
TS=852.363358606 loop=2851     P= -14.75 R=  49.09 Y=  29.98 jitter=1330ns
TS=852.368358661 loop=2852     P= -14.86 R=  48.87 Y=  29.96 jitter=1385ns
TS=852.373358605 loop=2853     P= -14.99 R=  48.64 Y=  29.94 jitter=1329ns
TS=852.378358641 loop=2854     P= -15.12 R=  48.41 Y=  29.92 jitter=1365ns
TS=852.383358881 loop=2855     P= -15.26 R=  48.16 Y=  29.90 jitter=1605ns
TS=852.388358639 loop=2856     P= -15.40 R=  47.90 Y=  29.87 jitter=1363ns
TS=852.393358750 loop=2857     P= -15.57 R=  47.60 Y=  29.84 jitter=1474ns
TS=852.398359156 loop=2858     P= -15.76 R=  47.16 Y=  29.81 jitter=1880ns
TS=852.403359008 loop=2859     P= -16.02 R=  46.84 Y=  29.77 jitter=1732ns
TS=852.408358636 loop=2860     P= -16.26 R=  46.44 Y=  29.73 jitter=1360ns
TS=852.413358599 loop=2861     P= -16.50 R=  46.06 Y=  29.68 jitter=1323ns
TS=852.418358616 loop=2862     P= -16.78 R=  45.68 Y=  29.63 jitter=1340ns
TS=852.423358597 loop=2863     P= -17.11 R=  45.27 Y=  29.59 jitter=1321ns
TS=852.428358967 loop=2864     P= -17.46 R=  44.84 Y=  29.54 jitter=1691ns
TS=852.433358633 loop=2865     P= -17.88 R=  44.40 Y=  29.51 jitter=1357ns
TS=852.438358595 loop=2866     P= -18.27 R=  44.00 Y=  29.48 jitter=1319ns
TS=852.443358613 loop=2867     P= -18.69 R=  43.53 Y=  29.45 jitter=1337ns
TS=852.448359390 loop=2868     P= -19.19 R=  42.96 Y=  29.43 jitter=2114ns
TS=852.453358630 loop=2869     P= -19.59 R=  42.52 Y=  29.44 jitter=1354ns
TS=852.458358629 loop=2870     P= -19.94 R=  42.06 Y=  29.45 jitter=1353ns
TS=852.463358591 loop=2871     P= -20.29 R=  41.57 Y=  29.44 jitter=1315ns
TS=852.468358683 loop=2872     P= -20.66 R=  41.08 Y=  29.42 jitter=1407ns
TS=852.473358627 loop=2873     P= -21.05 R=  40.56 Y=  29.40 jitter=1351ns
TS=852.478358626 loop=2874     P= -21.50 R=  39.98 Y=  29.36 jitter=1350ns
TS=852.483358589 loop=2875     P= -21.97 R=  39.38 Y=  29.33 jitter=1313ns
TS=852.488358958 loop=2876     P= -22.43 R=  38.82 Y=  29.31 jitter=1682ns
TS=852.493358939 loop=2877     P= -22.87 R=  38.29 Y=  29.29 jitter=1663ns
TS=852.498359234 loop=2878     P= -23.30 R=  37.79 Y=  29.29 jitter=1958ns
TS=852.503358956 loop=2879     P= -23.70 R=  37.33 Y=  29.28 jitter=1680ns
TS=852.508358677 loop=2880     P= -24.09 R=  36.85 Y=  29.28 jitter=1401ns
TS=852.513358640 loop=2881     P= -24.49 R=  36.38 Y=  29.29 jitter=1364ns
TS=852.518358620 loop=2882     P= -24.88 R=  35.93 Y=  29.29 jitter=1344ns
TS=852.523358638 loop=2883     P= -25.27 R=  35.49 Y=  29.30 jitter=1362ns
TS=852.528358600 loop=2884     P= -25.64 R=  35.04 Y=  29.31 jitter=1324ns
TS=852.533358803 loop=2885     P= -26.02 R=  34.52 Y=  29.32 jitter=1527ns
TS=852.538358618 loop=2886     P= -26.41 R=  33.97 Y=  29.33 jitter=1342ns
TS=852.543358635 loop=2887     P= -26.79 R=  33.41 Y=  29.35 jitter=1359ns
TS=852.548358857 loop=2888     P= -27.18 R=  32.78 Y=  29.37 jitter=1581ns
TS=852.553358652 loop=2889     P= -27.57 R=  32.17 Y=  29.40 jitter=1376ns
TS=852.558358633 loop=2890     P= -27.96 R=  31.56 Y=  29.43 jitter=1357ns
TS=852.563358595 loop=2891     P= -28.37 R=  30.89 Y=  29.46 jitter=1319ns
TS=852.568358687 loop=2892     P= -28.86 R=  30.15 Y=  29.49 jitter=1411ns
TS=852.573358612 loop=2893     P= -29.32 R=  29.42 Y=  29.54 jitter=1336ns
TS=852.578358612 loop=2894     P= -29.76 R=  28.69 Y=  29.59 jitter=1336ns
TS=852.583358592 loop=2895     P= -30.18 R=  27.94 Y=  29.64 jitter=1316ns
TS=852.588359055 loop=2896     P= -30.61 R=  27.23 Y=  29.71 jitter=1779ns
TS=852.593358610 loop=2897     P= -30.99 R=  26.52 Y=  29.77 jitter=1334ns
TS=852.598360090 loop=2898     P= -31.32 R=  25.84 Y=  29.84 jitter=2814ns
TS=852.603358997 loop=2899     P= -31.63 R=  25.16 Y=  29.91 jitter=1721ns
TS=852.608358644 loop=2900     P= -31.92 R=  24.50 Y=  29.98 jitter=1368ns
TS=852.613358718 loop=2901     P= -32.18 R=  23.85 Y=  30.05 jitter=1442ns
TS=852.618358643 loop=2902     P= -32.43 R=  23.23 Y=  30.12 jitter=1367ns
TS=852.623358642 loop=2903     P= -32.66 R=  22.65 Y=  30.20 jitter=1366ns
TS=852.628358679 loop=2904     P= -32.87 R=  22.08 Y=  30.27 jitter=1403ns
TS=852.633358567 loop=2905     P= -33.05 R=  21.54 Y=  30.35 jitter=1291ns
TS=852.638359473 loop=2906     P= -33.21 R=  21.06 Y=  30.43 jitter=2197ns
TS=852.643359436 loop=2907     P= -33.37 R=  20.60 Y=  30.51 jitter=2160ns
TS=852.648359009 loop=2908     P= -33.51 R=  20.16 Y=  30.59 jitter=1733ns
TS=852.653358730 loop=2909     P= -33.64 R=  19.75 Y=  30.68 jitter=1454ns
TS=852.658359322 loop=2910     P= -33.76 R=  19.36 Y=  30.76 jitter=2046ns
TS=852.663359359 loop=2911     P= -33.86 R=  18.94 Y=  30.84 jitter=2083ns
TS=852.668359154 loop=2912     P= -33.94 R=  18.50 Y=  30.92 jitter=1878ns
TS=852.673359024 loop=2913     P= -34.01 R=  18.05 Y=  31.00 jitter=1748ns
TS=852.678358801 loop=2914     P= -34.07 R=  17.57 Y=  31.08 jitter=1525ns
TS=852.683358819 loop=2915     P= -34.16 R=  17.11 Y=  31.16 jitter=1543ns
TS=852.688359411 loop=2916     P= -34.23 R=  16.60 Y=  31.24 jitter=2135ns
TS=852.693359299 loop=2917     P= -34.31 R=  16.09 Y=  31.31 jitter=2023ns
TS=852.698359131 loop=2918     P= -34.37 R=  15.55 Y=  31.38 jitter=1855ns
TS=852.703359390 loop=2919     P= -34.41 R=  15.01 Y=  31.44 jitter=2114ns
TS=852.708358704 loop=2920     P= -34.46 R=  14.47 Y=  31.50 jitter=1428ns
TS=852.713358777 loop=2921     P= -34.49 R=  13.93 Y=  31.55 jitter=1501ns
TS=852.718359165 loop=2922     P= -34.51 R=  13.40 Y=  31.61 jitter=1889ns
TS=852.723358739 loop=2923     P= -34.52 R=  12.91 Y=  31.67 jitter=1463ns
TS=852.728358831 loop=2924     P= -34.52 R=  12.45 Y=  31.72 jitter=1555ns
TS=852.733358811 loop=2925     P= -34.49 R=  12.00 Y=  31.78 jitter=1535ns
TS=852.738359181 loop=2926     P= -34.45 R=  11.56 Y=  31.84 jitter=1905ns
TS=852.743358643 loop=2927     P= -34.40 R=  11.14 Y=  31.89 jitter=1367ns
TS=852.748359105 loop=2928     P= -34.34 R=  10.75 Y=  31.94 jitter=1829ns
TS=852.753358642 loop=2929     P= -34.28 R=  10.37 Y=  31.98 jitter=1366ns
TS=852.758359067 loop=2930     P= -34.20 R=  10.00 Y=  32.01 jitter=1791ns
TS=852.763358585 loop=2931     P= -34.10 R=   9.57 Y=  32.03 jitter=1309ns
TS=852.768358621 loop=2932     P= -34.01 R=   9.13 Y=  32.04 jitter=1345ns
TS=852.773358620 loop=2933     P= -33.89 R=   8.67 Y=  32.04 jitter=1344ns
TS=852.778358953 loop=2934     P= -33.77 R=   8.19 Y=  32.03 jitter=1677ns
TS=852.783358989 loop=2935     P= -33.65 R=   7.70 Y=  32.02 jitter=1713ns
TS=852.788358748 loop=2936     P= -33.51 R=   7.19 Y=  32.00 jitter=1472ns
TS=852.793358617 loop=2937     P= -33.38 R=   6.67 Y=  31.98 jitter=1341ns
TS=852.798359654 loop=2938     P= -33.23 R=   6.18 Y=  31.96 jitter=2378ns
TS=852.803358616 loop=2939     P= -33.12 R=   5.70 Y=  31.94 jitter=1340ns
TS=852.808358671 loop=2940     P= -33.01 R=   5.25 Y=  31.92 jitter=1395ns
TS=852.813358652 loop=2941     P= -32.91 R=   4.82 Y=  31.91 jitter=1376ns
TS=852.818358651 loop=2942     P= -32.79 R=   4.41 Y=  31.89 jitter=1375ns
TS=852.823358632 loop=2943     P= -32.67 R=   4.00 Y=  31.87 jitter=1356ns
TS=852.828358649 loop=2944     P= -32.52 R=   3.58 Y=  31.86 jitter=1373ns
TS=852.833358612 loop=2945     P= -32.39 R=   3.12 Y=  31.84 jitter=1336ns
TS=852.838358926 loop=2946     P= -32.23 R=   2.73 Y=  31.84 jitter=1650ns
TS=852.843359018 loop=2947     P= -31.97 R=   2.21 Y=  31.84 jitter=1742ns
TS=852.848359313 loop=2948     P= -31.76 R=   1.64 Y=  31.86 jitter=2037ns
TS=852.853359238 loop=2949     P= -31.56 R=   1.07 Y=  31.89 jitter=1962ns
TS=852.858358645 loop=2950     P= -31.37 R=   0.51 Y=  31.92 jitter=1369ns
TS=852.863358589 loop=2951     P= -31.22 R=  -0.03 Y=  31.97 jitter=1313ns
TS=852.868358625 loop=2952     P= -31.11 R=  -0.54 Y=  32.02 jitter=1349ns
TS=852.873358643 loop=2953     P= -31.06 R=  -0.98 Y=  32.07 jitter=1367ns
TS=852.878358642 loop=2954     P= -31.01 R=  -1.37 Y=  32.11 jitter=1366ns
TS=852.883359067 loop=2955     P= -30.96 R=  -1.73 Y=  32.13 jitter=1791ns
TS=852.888358622 loop=2956     P= -30.89 R=  -2.09 Y=  32.13 jitter=1346ns
TS=852.893358640 loop=2957     P= -30.79 R=  -2.50 Y=  32.12 jitter=1364ns
TS=852.898359713 loop=2958     P= -30.66 R=  -2.97 Y=  32.08 jitter=2437ns
TS=852.903359342 loop=2959     P= -30.49 R=  -3.46 Y=  32.03 jitter=2066ns
TS=852.908358656 loop=2960     P= -30.35 R=  -3.99 Y=  31.99 jitter=1380ns
TS=852.913358637 loop=2961     P= -30.22 R=  -4.57 Y=  31.94 jitter=1361ns
TS=852.918358618 loop=2962     P= -30.08 R=  -5.06 Y=  31.90 jitter=1342ns
TS=852.923358987 loop=2963     P= -30.00 R=  -5.73 Y=  31.89 jitter=1711ns
TS=852.928358616 loop=2964     P= -29.88 R=  -6.43 Y=  31.88 jitter=1340ns
TS=852.933358616 loop=2965     P= -29.74 R=  -7.04 Y=  31.90 jitter=1340ns
TS=852.938358615 loop=2966     P= -29.59 R=  -7.53 Y=  31.92 jitter=1339ns
TS=852.943358614 loop=2967     P= -29.44 R=  -8.01 Y=  31.95 jitter=1338ns
TS=852.948359465 loop=2968     P= -29.30 R=  -8.45 Y=  31.98 jitter=2189ns
TS=852.953358613 loop=2969     P= -29.12 R=  -8.88 Y=  32.02 jitter=1337ns
TS=852.958358593 loop=2970     P= -28.93 R=  -9.29 Y=  32.06 jitter=1317ns
TS=852.963358574 loop=2971     P= -28.74 R=  -9.70 Y=  32.11 jitter=1298ns
TS=852.968358944 loop=2972     P= -28.50 R= -10.11 Y=  32.16 jitter=1668ns
TS=852.973358591 loop=2973     P= -28.22 R= -10.52 Y=  32.22 jitter=1315ns
TS=852.978358609 loop=2974     P= -27.96 R= -10.93 Y=  32.28 jitter=1333ns
TS=852.983358627 loop=2975     P= -27.69 R= -11.32 Y=  32.35 jitter=1351ns
TS=852.988359033 loop=2976     P= -27.40 R= -11.72 Y=  32.42 jitter=1757ns
TS=852.993358607 loop=2977     P= -27.08 R= -12.12 Y=  32.49 jitter=1331ns
TS=852.998359476 loop=2978     P= -26.75 R= -12.51 Y=  32.56 jitter=2200ns
TS=853.003359105 loop=2979     P= -26.42 R= -12.88 Y=  32.63 jitter=1829ns
TS=853.008358623 loop=2980     P= -26.06 R= -13.27 Y=  32.68 jitter=1347ns
TS=853.013358604 loop=2981     P= -25.67 R= -13.67 Y=  32.73 jitter=1328ns
TS=853.018358622 loop=2982     P= -25.25 R= -14.07 Y=  32.77 jitter=1346ns
TS=853.023358602 loop=2983     P= -24.82 R= -14.48 Y=  32.80 jitter=1326ns
TS=853.028358676 loop=2984     P= -24.35 R= -14.92 Y=  32.83 jitter=1400ns
TS=853.033358620 loop=2985     P= -23.87 R= -15.35 Y=  32.85 jitter=1344ns
TS=853.038358582 loop=2986     P= -23.36 R= -15.79 Y=  32.88 jitter=1306ns
TS=853.043358988 loop=2987     P= -22.85 R= -16.22 Y=  32.90 jitter=1712ns
TS=853.048359358 loop=2988     P= -22.35 R= -16.65 Y=  32.91 jitter=2082ns
TS=853.053359043 loop=2989     P= -21.85 R= -17.06 Y=  32.92 jitter=1767ns
TS=853.058358634 loop=2990     P= -21.35 R= -17.47 Y=  32.92 jitter=1358ns
TS=853.063358615 loop=2991     P= -20.83 R= -17.85 Y=  32.91 jitter=1339ns
TS=853.068358670 loop=2992     P= -20.32 R= -18.21 Y=  32.90 jitter=1394ns
TS=853.073358632 loop=2993     P= -19.81 R= -18.56 Y=  32.88 jitter=1356ns
TS=853.078358650 loop=2994     P= -19.30 R= -18.89 Y=  32.86 jitter=1374ns
TS=853.083358686 loop=2995     P= -18.79 R= -19.19 Y=  32.84 jitter=1410ns
TS=853.088358889 loop=2996     P= -18.29 R= -19.49 Y=  32.81 jitter=1613ns
TS=853.093358962 loop=2997     P= -17.79 R= -19.78 Y=  32.78 jitter=1686ns
TS=853.098359480 loop=2998     P= -17.27 R= -20.06 Y=  32.74 jitter=2204ns
TS=853.103359739 loop=2999     P= -16.75 R= -20.35 Y=  32.71 jitter=2463ns
TS=853.108358664 loop=3000     P= -16.23 R= -20.65 Y=  32.67 jitter=1388ns
TS=853.113358996 loop=3001     P= -15.71 R= -20.96 Y=  32.64 jitter=1720ns
TS=853.118358607 loop=3002     P= -15.20 R= -21.27 Y=  32.61 jitter=1331ns
TS=853.123358624 loop=3003     P= -14.69 R= -21.58 Y=  32.58 jitter=1348ns
TS=853.128359068 loop=3004     P= -14.21 R= -21.88 Y=  32.56 jitter=1792ns
TS=853.133358641 loop=3005     P= -13.73 R= -22.18 Y=  32.54 jitter=1365ns
TS=853.138359418 loop=3006     P= -13.26 R= -22.45 Y=  32.53 jitter=2142ns
TS=853.143359214 loop=3007     P= -12.81 R= -22.72 Y=  32.52 jitter=1938ns
TS=853.148358917 loop=3008     P= -12.37 R= -22.98 Y=  32.51 jitter=1641ns
TS=853.153358953 loop=3009     P= -11.94 R= -23.24 Y=  32.49 jitter=1677ns
TS=853.158359823 loop=3010     P= -11.53 R= -23.48 Y=  32.48 jitter=2547ns
TS=853.163359285 loop=3011     P= -11.11 R= -23.71 Y=  32.47 jitter=2009ns
TS=853.168359507 loop=3012     P= -10.71 R= -23.93 Y=  32.45 jitter=2231ns
TS=853.173358876 loop=3013     P= -10.30 R= -24.16 Y=  32.43 jitter=1600ns
TS=853.178358931 loop=3014     P=  -9.90 R= -24.35 Y=  32.41 jitter=1655ns
TS=853.183359134 loop=3015     P=  -9.50 R= -24.54 Y=  32.40 jitter=1858ns
TS=853.188359744 loop=3016     P=  -9.11 R= -24.72 Y=  32.39 jitter=2468ns
TS=853.193358743 loop=3017     P=  -8.70 R= -24.89 Y=  32.38 jitter=1467ns
TS=853.198359465 loop=3018     P=  -8.31 R= -25.03 Y=  32.38 jitter=2189ns
TS=853.203359464 loop=3019     P=  -7.96 R= -25.14 Y=  32.38 jitter=2188ns
TS=853.208358871 loop=3020     P=  -7.60 R= -25.24 Y=  32.37 jitter=1595ns
TS=853.213360592 loop=3021     P=  -7.24 R= -25.32 Y=  32.36 jitter=3316ns
TS=853.218358925 loop=3022     P=  -6.87 R= -25.39 Y=  32.35 jitter=1649ns
TS=853.223358850 loop=3023     P=  -6.49 R= -25.46 Y=  32.35 jitter=1574ns
TS=853.228358720 loop=3024     P=  -6.11 R= -25.51 Y=  32.35 jitter=1444ns
TS=853.233358848 loop=3025     P=  -5.74 R= -25.55 Y=  32.35 jitter=1572ns
TS=853.238358663 loop=3026     P=  -5.38 R= -25.59 Y=  32.36 jitter=1387ns
TS=853.243359014 loop=3027     P=  -5.02 R= -25.63 Y=  32.37 jitter=1738ns
TS=853.248359328 loop=3028     P=  -4.66 R= -25.65 Y=  32.38 jitter=2052ns
TS=853.253358660 loop=3029     P=  -4.32 R= -25.67 Y=  32.40 jitter=1384ns
TS=853.258358641 loop=3030     P=  -3.99 R= -25.68 Y=  32.42 jitter=1365ns
TS=853.263359418 loop=3031     P=  -3.67 R= -25.70 Y=  32.44 jitter=2142ns
TS=853.268359121 loop=3032     P=  -3.34 R= -25.72 Y=  32.47 jitter=1845ns
TS=853.273359046 loop=3033     P=  -2.99 R= -25.73 Y=  32.50 jitter=1770ns
TS=853.278358638 loop=3034     P=  -2.64 R= -25.74 Y=  32.54 jitter=1362ns
TS=853.283358600 loop=3035     P=  -2.30 R= -25.76 Y=  32.57 jitter=1324ns
TS=853.288358988 loop=3036     P=  -1.94 R= -25.77 Y=  32.61 jitter=1712ns
TS=853.293358950 loop=3037     P=  -1.58 R= -25.78 Y=  32.64 jitter=1674ns
TS=853.298359635 loop=3038     P=  -1.23 R= -25.78 Y=  32.67 jitter=2359ns
TS=853.303358967 loop=3039     P=  -0.89 R= -25.79 Y=  32.70 jitter=1691ns
TS=853.308358652 loop=3040     P=  -0.54 R= -25.79 Y=  32.72 jitter=1376ns
TS=853.313358614 loop=3041     P=  -0.21 R= -25.78 Y=  32.74 jitter=1338ns
TS=853.318358613 loop=3042     P=   0.12 R= -25.75 Y=  32.76 jitter=1337ns
TS=853.323358594 loop=3043     P=   0.44 R= -25.71 Y=  32.77 jitter=1318ns
TS=853.328358630 loop=3044     P=   0.76 R= -25.66 Y=  32.77 jitter=1354ns
TS=853.333358611 loop=3045     P=   1.08 R= -25.60 Y=  32.77 jitter=1335ns
TS=853.338358610 loop=3046     P=   1.41 R= -25.54 Y=  32.77 jitter=1334ns
TS=853.343358961 loop=3047     P=   1.76 R= -25.47 Y=  32.76 jitter=1685ns
TS=853.348359201 loop=3048     P=   2.10 R= -25.37 Y=  32.75 jitter=1925ns
TS=853.353359127 loop=3049     P=   2.45 R= -25.26 Y=  32.73 jitter=1851ns
TS=853.358358589 loop=3050     P=   2.79 R= -25.14 Y=  32.71 jitter=1313ns
TS=853.363358644 loop=3051     P=   3.14 R= -25.01 Y=  32.69 jitter=1368ns
TS=853.368358643 loop=3052     P=   3.50 R= -24.88 Y=  32.67 jitter=1367ns
TS=853.373359031 loop=3053     P=   3.84 R= -24.75 Y=  32.64 jitter=1755ns
TS=853.378358604 loop=3054     P=   4.18 R= -24.60 Y=  32.62 jitter=1328ns
TS=853.383358844 loop=3055     P=   4.50 R= -24.45 Y=  32.59 jitter=1568ns
TS=853.388359029 loop=3056     P=   4.81 R= -24.30 Y=  32.56 jitter=1753ns
TS=853.393359046 loop=3057     P=   5.09 R= -24.14 Y=  32.54 jitter=1770ns
TS=853.398360286 loop=3058     P=   5.36 R= -23.97 Y=  32.51 jitter=3010ns
TS=853.403359193 loop=3059     P=   5.62 R= -23.78 Y=  32.48 jitter=1917ns
TS=853.408358655 loop=3060     P=   5.88 R= -23.58 Y=  32.45 jitter=1379ns
TS=853.413358636 loop=3061     P=   6.13 R= -23.37 Y=  32.41 jitter=1360ns
TS=853.418358635 loop=3062     P=   6.39 R= -23.14 Y=  32.37 jitter=1359ns
TS=853.423358597 loop=3063     P=   6.66 R= -22.92 Y=  32.31 jitter=1321ns
TS=853.428358615 loop=3064     P=   6.93 R= -22.68 Y=  32.25 jitter=1339ns
TS=853.433358614 loop=3065     P=   7.20 R= -22.44 Y=  32.19 jitter=1338ns
TS=853.438358614 loop=3066     P=   7.47 R= -22.19 Y=  32.12 jitter=1338ns
TS=853.443358965 loop=3067     P=   7.74 R= -21.90 Y=  32.05 jitter=1689ns
TS=853.448359445 loop=3068     P=   8.01 R= -21.63 Y=  31.97 jitter=2169ns
TS=853.453359019 loop=3069     P=   8.27 R= -21.36 Y=  31.89 jitter=1743ns
TS=853.458358629 loop=3070     P=   8.53 R= -21.07 Y=  31.81 jitter=1353ns
TS=853.463358591 loop=3071     P=   8.78 R= -20.79 Y=  31.74 jitter=1315ns
TS=853.468358628 loop=3072     P=   9.01 R= -20.50 Y=  31.68 jitter=1352ns
TS=853.473358645 loop=3073     P=   9.24 R= -20.18 Y=  31.62 jitter=1369ns
TS=853.478358626 loop=3074     P=   9.47 R= -19.85 Y=  31.57 jitter=1350ns
TS=853.483358625 loop=3075     P=   9.67 R= -19.51 Y=  31.54 jitter=1349ns
TS=853.488358643 loop=3076     P=   9.86 R= -19.15 Y=  31.51 jitter=1367ns
TS=853.493358642 loop=3077     P=  10.04 R= -18.78 Y=  31.49 jitter=1366ns
TS=853.498359105 loop=3078     P=  10.18 R= -18.39 Y=  31.47 jitter=1829ns
TS=853.503359030 loop=3079     P=  10.29 R= -18.00 Y=  31.46 jitter=1754ns
TS=853.508358640 loop=3080     P=  10.39 R= -17.61 Y=  31.45 jitter=1364ns
TS=853.513359232 loop=3081     P=  10.48 R= -17.22 Y=  31.43 jitter=1956ns
TS=853.518358639 loop=3082     P=  10.56 R= -16.83 Y=  31.42 jitter=1363ns
TS=853.523358619 loop=3083     P=  10.64 R= -16.46 Y=  31.41 jitter=1343ns
TS=853.528358637 loop=3084     P=  10.71 R= -16.10 Y=  31.40 jitter=1361ns
TS=853.533359044 loop=3085     P=  10.79 R= -15.73 Y=  31.38 jitter=1768ns
TS=853.538358598 loop=3086     P=  10.89 R= -15.35 Y=  31.37 jitter=1322ns
TS=853.543359005 loop=3087     P=  11.01 R= -14.95 Y=  31.37 jitter=1729ns
TS=853.548359319 loop=3088     P=  11.12 R= -14.56 Y=  31.36 jitter=2043ns
TS=853.553358781 loop=3089     P=  11.22 R= -14.14 Y=  31.36 jitter=1505ns
TS=853.558358632 loop=3090     P=  11.32 R= -13.70 Y=  31.36 jitter=1356ns
TS=853.563358947 loop=3091     P=  11.43 R= -13.26 Y=  31.36 jitter=1671ns
TS=853.568358612 loop=3092     P=  11.55 R= -12.83 Y=  31.36 jitter=1336ns
TS=853.573358649 loop=3093     P=  11.65 R= -12.35 Y=  31.37 jitter=1373ns
TS=853.578358778 loop=3094     P=  11.75 R= -11.90 Y=  31.38 jitter=1502ns
TS=853.583358610 loop=3095     P=  11.84 R= -11.47 Y=  31.39 jitter=1334ns
TS=853.588359072 loop=3096     P=  11.93 R= -11.02 Y=  31.40 jitter=1796ns
TS=853.593358701 loop=3097     P=  12.03 R= -10.58 Y=  31.41 jitter=1425ns
TS=853.598359330 loop=3098     P=  12.12 R= -10.16 Y=  31.42 jitter=2054ns
TS=853.603359052 loop=3099     P=  12.20 R=  -9.75 Y=  31.44 jitter=1776ns
TS=853.608358643 loop=3100     P=  12.27 R=  -9.30 Y=  31.46 jitter=1367ns
TS=853.613358624 loop=3101     P=  12.33 R=  -8.87 Y=  31.47 jitter=1348ns
TS=853.618358642 loop=3102     P=  12.37 R=  -8.42 Y=  31.49 jitter=1366ns
TS=853.623358641 loop=3103     P=  12.42 R=  -7.95 Y=  31.51 jitter=1365ns
TS=853.628358659 loop=3104     P=  12.46 R=  -7.50 Y=  31.53 jitter=1383ns
TS=853.633358621 loop=3105     P=  12.50 R=  -7.04 Y=  31.55 jitter=1345ns
TS=853.638358935 loop=3106     P=  12.52 R=  -6.61 Y=  31.56 jitter=1659ns
TS=853.643359471 loop=3107     P=  12.55 R=  -6.15 Y=  31.58 jitter=2195ns
TS=853.648358785 loop=3108     P=  12.58 R=  -5.72 Y=  31.59 jitter=1509ns
TS=853.653358674 loop=3109     P=  12.60 R=  -5.29 Y=  31.60 jitter=1398ns
TS=853.658359636 loop=3110     P=  12.62 R=  -4.89 Y=  31.61 jitter=2360ns
TS=853.663359746 loop=3111     P=  12.64 R=  -4.50 Y=  31.62 jitter=2470ns
TS=853.668359171 loop=3112     P=  12.68 R=  -4.13 Y=  31.63 jitter=1895ns
TS=853.673358893 loop=3113     P=  12.71 R=  -3.71 Y=  31.64 jitter=1617ns
TS=853.678359318 loop=3114     P=  12.76 R=  -3.29 Y=  31.65 jitter=2042ns
TS=853.683358965 loop=3115     P=  12.81 R=  -2.87 Y=  31.65 jitter=1689ns
TS=853.688358761 loop=3116     P=  12.87 R=  -2.44 Y=  31.66 jitter=1485ns
TS=853.693359056 loop=3117     P=  12.93 R=  -1.97 Y=  31.66 jitter=1780ns
TS=853.698358870 loop=3118     P=  13.01 R=  -1.52 Y=  31.66 jitter=1594ns
TS=853.703358814 loop=3119     P=  13.09 R=  -1.03 Y=  31.65 jitter=1538ns
TS=853.708358869 loop=3120     P=  13.20 R=  -0.54 Y=  31.64 jitter=1593ns
TS=853.713359627 loop=3121     P=  13.30 R=  -0.02 Y=  31.63 jitter=2351ns
TS=853.718359145 loop=3122     P=  13.41 R=   0.53 Y=  31.61 jitter=1869ns
TS=853.723359404 loop=3123     P=  13.53 R=   1.11 Y=  31.59 jitter=2128ns
TS=853.728359033 loop=3124     P=  13.65 R=   1.69 Y=  31.56 jitter=1757ns
TS=853.733359236 loop=3125     P=  13.74 R=   2.23 Y=  31.52 jitter=1960ns
TS=853.738359550 loop=3126     P=  13.82 R=   2.77 Y=  31.48 jitter=2274ns
TS=853.743360493 loop=3127     P=  13.87 R=   3.29 Y=  31.43 jitter=3217ns
TS=853.748359344 loop=3128     P=  13.89 R=   3.82 Y=  31.38 jitter=2068ns
TS=853.753359214 loop=3129     P=  13.92 R=   4.35 Y=  31.33 jitter=1938ns
TS=853.758359009 loop=3130     P=  13.93 R=   4.88 Y=  31.28 jitter=1733ns
TS=853.763358990 loop=3131     P=  13.92 R=   5.37 Y=  31.23 jitter=1714ns
TS=853.768359082 loop=3132     P=  13.91 R=   5.89 Y=  31.18 jitter=1806ns
TS=853.773359044 loop=3133     P=  13.90 R=   6.41 Y=  31.13 jitter=1768ns
TS=853.778359006 loop=3134     P=  13.88 R=   6.92 Y=  31.08 jitter=1730ns
TS=853.783359487 loop=3135     P=  13.84 R=   7.44 Y=  31.03 jitter=2211ns
TS=853.788359042 loop=3136     P=  13.81 R=   7.98 Y=  30.96 jitter=1766ns
TS=853.793359004 loop=3137     P=  13.79 R=   8.55 Y=  30.89 jitter=1728ns
TS=853.798360207 loop=3138     P=  13.76 R=   9.11 Y=  30.82 jitter=2931ns
TS=853.803359021 loop=3139     P=  13.74 R=   9.66 Y=  30.74 jitter=1745ns
TS=853.808359169 loop=3140     P=  13.72 R=  10.28 Y=  30.67 jitter=1893ns
TS=853.813360909 loop=3141     P=  13.74 R=  10.88 Y=  30.58 jitter=3633ns
TS=853.818359074 loop=3142     P=  13.78 R=  11.47 Y=  30.50 jitter=1798ns
TS=853.823359000 loop=3143     P=  13.83 R=  12.06 Y=  30.42 jitter=1724ns
TS=853.828359406 loop=3144     P=  13.90 R=  12.60 Y=  30.33 jitter=2130ns
TS=853.833358887 loop=3145     P=  13.94 R=  13.13 Y=  30.25 jitter=1611ns
TS=853.838358960 loop=3146     P=  13.99 R=  13.61 Y=  30.16 jitter=1684ns
TS=853.843358960 loop=3147     P=  14.03 R=  14.06 Y=  30.08 jitter=1684ns
TS=853.848359774 loop=3148     P=  14.06 R=  14.49 Y=  29.99 jitter=2498ns
TS=853.853359680 loop=3149     P=  14.09 R=  14.89 Y=  29.91 jitter=2404ns
TS=853.858359068 loop=3150     P=  14.13 R=  15.30 Y=  29.82 jitter=1792ns
TS=853.863358901 loop=3151     P=  14.19 R=  15.71 Y=  29.74 jitter=1625ns
TS=853.868358974 loop=3152     P=  14.26 R=  16.15 Y=  29.66 jitter=1698ns
TS=853.873358918 loop=3153     P=  14.35 R=  16.56 Y=  29.58 jitter=1642ns
TS=853.878358936 loop=3154     P=  14.44 R=  16.97 Y=  29.51 jitter=1660ns
TS=853.883358916 loop=3155     P=  14.53 R=  17.37 Y=  29.44 jitter=1640ns
TS=853.888359416 loop=3156     P=  14.63 R=  17.78 Y=  29.38 jitter=2140ns
TS=853.893358970 loop=3157     P=  14.73 R=  18.18 Y=  29.33 jitter=1694ns
TS=853.898359803 loop=3158     P=  14.83 R=  18.57 Y=  29.29 jitter=2527ns
TS=853.903359932 loop=3159     P=  14.92 R=  18.95 Y=  29.25 jitter=2656ns
TS=853.908359524 loop=3160     P=  15.00 R=  19.28 Y=  29.22 jitter=2248ns
TS=853.913359004 loop=3161     P=  15.05 R=  19.64 Y=  29.18 jitter=1728ns
TS=853.918358948 loop=3162     P=  15.09 R=  19.99 Y=  29.15 jitter=1672ns
TS=853.923359244 loop=3163     P=  15.14 R=  20.34 Y=  29.13 jitter=1968ns
TS=853.928359132 loop=3164     P=  15.21 R=  20.69 Y=  29.11 jitter=1856ns
TS=853.933359687 loop=3165     P=  15.29 R=  21.06 Y=  29.10 jitter=2411ns
TS=853.938359112 loop=3166     P=  15.39 R=  21.43 Y=  29.10 jitter=1836ns
TS=853.943359555 loop=3167     P=  15.47 R=  21.82 Y=  29.10 jitter=2279ns
TS=853.948360092 loop=3168     P=  15.57 R=  22.23 Y=  29.10 jitter=2816ns
TS=853.953359091 loop=3169     P=  15.67 R=  22.66 Y=  29.11 jitter=1815ns
TS=853.958359201 loop=3170     P=  15.77 R=  23.10 Y=  29.13 jitter=1925ns
TS=853.963359089 loop=3171     P=  15.87 R=  23.54 Y=  29.15 jitter=1813ns
TS=853.968359181 loop=3172     P=  15.96 R=  23.99 Y=  29.17 jitter=1905ns
TS=853.973359125 loop=3173     P=  16.08 R=  24.50 Y=  29.19 jitter=1849ns
TS=853.978359106 loop=3174     P=  16.21 R=  25.04 Y=  29.21 jitter=1830ns
TS=853.983359142 loop=3175     P=  16.31 R=  25.58 Y=  29.23 jitter=1866ns
TS=853.988359660 loop=3176     P=  16.40 R=  26.09 Y=  29.25 jitter=2384ns
TS=853.993359622 loop=3177     P=  16.47 R=  26.56 Y=  29.28 jitter=2346ns
TS=853.998359714 loop=3178     P=  16.53 R=  27.02 Y=  29.30 jitter=2438ns
TS=854.003359639 loop=3179     P=  16.55 R=  27.45 Y=  29.32 jitter=2363ns
TS=854.008359194 loop=3180     P=  16.54 R=  27.85 Y=  29.34 jitter=1918ns
TS=854.013359823 loop=3181     P=  16.53 R=  28.22 Y=  29.35 jitter=2547ns
TS=854.018359137 loop=3182     P=  16.49 R=  28.59 Y=  29.35 jitter=1861ns
TS=854.023359321 loop=3183     P=  16.45 R=  28.94 Y=  29.36 jitter=2045ns
TS=854.028359265 loop=3184     P=  16.38 R=  29.29 Y=  29.35 jitter=1989ns
TS=854.033359245 loop=3185     P=  16.31 R=  29.65 Y=  29.34 jitter=1969ns
TS=854.038359819 loop=3186     P=  16.23 R=  30.04 Y=  29.32 jitter=2543ns
TS=854.043359837 loop=3187     P=  16.16 R=  30.47 Y=  29.29 jitter=2561ns
TS=854.048360058 loop=3188     P=  16.12 R=  30.92 Y=  29.26 jitter=2782ns
TS=854.053359835 loop=3189     P=  16.11 R=  31.43 Y=  29.22 jitter=2559ns
TS=854.058359260 loop=3190     P=  16.01 R=  32.04 Y=  29.19 jitter=1984ns
TS=854.063359167 loop=3191     P=  16.00 R=  32.65 Y=  29.13 jitter=1891ns
TS=854.068359925 loop=3192     P=  15.98 R=  33.25 Y=  29.07 jitter=2649ns
TS=854.073359332 loop=3193     P=  15.93 R=  33.83 Y=  29.01 jitter=2056ns
TS=854.078359590 loop=3194     P=  15.87 R=  34.32 Y=  28.95 jitter=2314ns
TS=854.083359293 loop=3195     P=  15.76 R=  34.73 Y=  28.89 jitter=2017ns
TS=854.088359829 loop=3196     P=  15.62 R=  35.09 Y=  28.83 jitter=2553ns
TS=854.093359792 loop=3197     P=  15.44 R=  35.43 Y=  28.77 jitter=2516ns
TS=854.098360069 loop=3198     P=  15.26 R=  35.78 Y=  28.72 jitter=2793ns
TS=854.103359901 loop=3199     P=  15.07 R=  36.16 Y=  28.68 jitter=2625ns
TS=854.108359363 loop=3200     P=  14.87 R=  36.57 Y=  28.63 jitter=2087ns
TS=854.113359270 loop=3201     P=  14.66 R=  37.00 Y=  28.59 jitter=1994ns
TS=854.118359232 loop=3202     P=  14.45 R=  37.44 Y=  28.55 jitter=1956ns
TS=854.123359176 loop=3203     P=  14.23 R=  37.88 Y=  28.52 jitter=1900ns
TS=854.128359694 loop=3204     P=  14.00 R=  38.30 Y=  28.49 jitter=2418ns
TS=854.133359100 loop=3205     P=  13.76 R=  38.69 Y=  28.46 jitter=1824ns
TS=854.138358951 loop=3206     P=  13.52 R=  39.06 Y=  28.43 jitter=1675ns
TS=854.143359376 loop=3207     P=  13.25 R=  39.39 Y=  28.41 jitter=2100ns
TS=854.148360376 loop=3208     P=  12.99 R=  39.71 Y=  28.39 jitter=3100ns
TS=854.153359023 loop=3209     P=  12.70 R=  40.03 Y=  28.36 jitter=1747ns
TS=854.158358948 loop=3210     P=  12.42 R=  40.34 Y=  28.34 jitter=1672ns
TS=854.163359707 loop=3211     P=  12.12 R=  40.65 Y=  28.32 jitter=2431ns
TS=854.168359835 loop=3212     P=  11.82 R=  40.96 Y=  28.30 jitter=2559ns
TS=854.173359279 loop=3213     P=  11.50 R=  41.28 Y=  28.28 jitter=2003ns
TS=854.178359130 loop=3214     P=  11.17 R=  41.60 Y=  28.25 jitter=1854ns
TS=854.183359963 loop=3215     P=  10.84 R=  41.90 Y=  28.23 jitter=2687ns
TS=854.188359499 loop=3216     P=  10.47 R=  42.19 Y=  28.20 jitter=2223ns
TS=854.193359183 loop=3217     P=  10.09 R=  42.48 Y=  28.17 jitter=1907ns
TS=854.198360016 loop=3218     P=   9.71 R=  42.77 Y=  28.14 jitter=2740ns
TS=854.203359774 loop=3219     P=   9.32 R=  43.08 Y=  28.12 jitter=2498ns
TS=854.208359070 loop=3220     P=   8.94 R=  43.40 Y=  28.09 jitter=1794ns
TS=854.213359088 loop=3221     P=   8.55 R=  43.71 Y=  28.07 jitter=1812ns
TS=854.218359513 loop=3222     P=   8.15 R=  44.01 Y=  28.05 jitter=2237ns
TS=854.223359216 loop=3223     P=   7.75 R=  44.29 Y=  28.03 jitter=1940ns
TS=854.228358844 loop=3224     P=   7.34 R=  44.55 Y=  28.01 jitter=1568ns
TS=854.233359121 loop=3225     P=   6.92 R=  44.79 Y=  28.00 jitter=1845ns
TS=854.238358769 loop=3226     P=   6.49 R=  45.01 Y=  27.99 jitter=1493ns
TS=854.243359249 loop=3227     P=   6.05 R=  45.23 Y=  27.98 jitter=1973ns
TS=854.248359045 loop=3228     P=   5.65 R=  45.44 Y=  27.98 jitter=1769ns
TS=854.253359822 loop=3229     P=   5.21 R=  45.67 Y=  27.98 jitter=2546ns
TS=854.258358599 loop=3230     P=   4.78 R=  45.87 Y=  27.97 jitter=1323ns
TS=854.263359024 loop=3231     P=   4.34 R=  46.07 Y=  27.97 jitter=1748ns
TS=854.268360449 loop=3232     P=   3.90 R=  46.25 Y=  27.97 jitter=3173ns
TS=854.273359930 loop=3233     P=   3.44 R=  46.40 Y=  27.97 jitter=2654ns
TS=854.278358892 loop=3234     P=   2.97 R=  46.54 Y=  27.97 jitter=1616ns
TS=854.283358743 loop=3235     P=   2.50 R=  46.68 Y=  27.96 jitter=1467ns
TS=854.288358687 loop=3236     P=   2.01 R=  46.79 Y=  27.95 jitter=1411ns
TS=854.293358723 loop=3237     P=   1.53 R=  46.91 Y=  27.94 jitter=1447ns
TS=854.298359185 loop=3238     P=   1.04 R=  47.03 Y=  27.93 jitter=1909ns
TS=854.303358610 loop=3239     P=   0.54 R=  47.06 Y=  27.91 jitter=1334ns
TS=854.308358665 loop=3240     P=   0.02 R=  47.07 Y=  27.90 jitter=1389ns
TS=854.313358646 loop=3241     P=  -0.50 R=  47.00 Y=  27.88 jitter=1370ns
TS=854.318358608 loop=3242     P=  -1.04 R=  46.86 Y=  27.87 jitter=1332ns
TS=854.323358626 loop=3243     P=  -1.59 R=  46.71 Y=  27.85 jitter=1350ns
TS=854.328358606 loop=3244     P=  -2.15 R=  46.57 Y=  27.84 jitter=1330ns
TS=854.333358809 loop=3245     P=  -2.69 R=  46.42 Y=  27.83 jitter=1533ns
TS=854.338358623 loop=3246     P=  -3.25 R=  46.30 Y=  27.82 jitter=1347ns
TS=854.343358660 loop=3247     P=  -3.84 R=  46.11 Y=  27.81 jitter=1384ns
TS=854.348358751 loop=3248     P=  -4.41 R=  45.96 Y=  27.80 jitter=1475ns
TS=854.353358602 loop=3249     P=  -4.93 R=  45.83 Y=  27.79 jitter=1326ns
TS=854.358358602 loop=3250     P=  -5.45 R=  45.74 Y=  27.77 jitter=1326ns
TS=854.363358619 loop=3251     P=  -5.93 R=  45.69 Y=  27.76 jitter=1343ns
TS=854.368359378 loop=3252     P=  -6.40 R=  45.66 Y=  27.73 jitter=2102ns
TS=854.373358729 loop=3253     P=  -6.81 R=  45.64 Y=  27.71 jitter=1453ns
TS=854.378358839 loop=3254     P=  -7.17 R=  45.64 Y=  27.68 jitter=1563ns
TS=854.383358598 loop=3255     P=  -7.56 R=  45.60 Y=  27.64 jitter=1322ns
TS=854.388358615 loop=3256     P=  -7.97 R=  45.50 Y=  27.60 jitter=1339ns
TS=854.393358948 loop=3257     P=  -8.41 R=  45.35 Y=  27.56 jitter=1672ns
TS=854.398359688 loop=3258     P=  -8.78 R=  45.31 Y=  27.52 jitter=2412ns
TS=854.403359002 loop=3259     P=  -9.20 R=  45.14 Y=  27.45 jitter=1726ns
TS=854.408358612 loop=3260     P=  -9.59 R=  44.88 Y=  27.39 jitter=1336ns
TS=854.413358611 loop=3261     P= -10.01 R=  44.54 Y=  27.33 jitter=1335ns
TS=854.418358592 loop=3262     P= -10.38 R=  44.23 Y=  27.26 jitter=1316ns
TS=854.423358628 loop=3263     P= -10.74 R=  43.90 Y=  27.20 jitter=1352ns
TS=854.428358979 loop=3264     P= -11.08 R=  43.58 Y=  27.14 jitter=1703ns
TS=854.433358775 loop=3265     P= -11.41 R=  43.24 Y=  27.08 jitter=1499ns
TS=854.438358626 loop=3266     P= -11.73 R=  42.91 Y=  27.02 jitter=1350ns
TS=854.443358625 loop=3267     P= -12.04 R=  42.60 Y=  26.97 jitter=1349ns
TS=854.448359143 loop=3268     P= -12.33 R=  42.32 Y=  26.92 jitter=1867ns
TS=854.453358624 loop=3269     P= -12.63 R=  42.05 Y=  26.87 jitter=1348ns
TS=854.458358623 loop=3270     P= -12.91 R=  41.82 Y=  26.83 jitter=1347ns
TS=854.463358585 loop=3271     P= -13.16 R=  41.62 Y=  26.78 jitter=1309ns
TS=854.468358621 loop=3272     P= -13.39 R=  41.44 Y=  26.74 jitter=1345ns
TS=854.473358620 loop=3273     P= -13.59 R=  41.25 Y=  26.70 jitter=1344ns
TS=854.478358620 loop=3274     P= -13.78 R=  41.05 Y=  26.65 jitter=1344ns
TS=854.483358619 loop=3275     P= -13.94 R=  40.83 Y=  26.61 jitter=1343ns
TS=854.488358970 loop=3276     P= -14.10 R=  40.59 Y=  26.56 jitter=1694ns
TS=854.493358988 loop=3277     P= -14.27 R=  40.34 Y=  26.52 jitter=1712ns
TS=854.498359320 loop=3278     P= -14.45 R=  40.09 Y=  26.48 jitter=2044ns
TS=854.503358949 loop=3279     P= -14.61 R=  39.83 Y=  26.44 jitter=1673ns
TS=854.508358652 loop=3280     P= -14.75 R=  39.59 Y=  26.40 jitter=1376ns
TS=854.513358633 loop=3281     P= -14.88 R=  39.34 Y=  26.36 jitter=1357ns
TS=854.518358595 loop=3282     P= -15.00 R=  39.07 Y=  26.32 jitter=1319ns
TS=854.523358631 loop=3283     P= -15.12 R=  38.77 Y=  26.28 jitter=1355ns
TS=854.528358630 loop=3284     P= -15.25 R=  38.45 Y=  26.23 jitter=1354ns
TS=854.533358611 loop=3285     P= -15.38 R=  38.13 Y=  26.19 jitter=1335ns
TS=854.538358925 loop=3286     P= -15.54 R=  37.76 Y=  26.16 jitter=1649ns
TS=854.543358628 loop=3287     P= -15.69 R=  37.45 Y=  26.12 jitter=1352ns
TS=854.548359460 loop=3288     P= -15.82 R=  37.14 Y=  26.08 jitter=2184ns
TS=854.553358663 loop=3289     P= -15.95 R=  36.84 Y=  26.04 jitter=1387ns
TS=854.558358644 loop=3290     P= -16.07 R=  36.56 Y=  26.00 jitter=1368ns
TS=854.563358588 loop=3291     P= -16.17 R=  36.27 Y=  25.95 jitter=1312ns
TS=854.568358642 loop=3292     P= -16.27 R=  36.00 Y=  25.90 jitter=1366ns
TS=854.573358623 loop=3293     P= -16.35 R=  35.73 Y=  25.85 jitter=1347ns
TS=854.578358974 loop=3294     P= -16.43 R=  35.42 Y=  25.80 jitter=1698ns
TS=854.583358622 loop=3295     P= -16.50 R=  35.11 Y=  25.76 jitter=1346ns
TS=854.588358991 loop=3296     P= -16.57 R=  34.79 Y=  25.71 jitter=1715ns
TS=854.593358620 loop=3297     P= -16.62 R=  34.48 Y=  25.66 jitter=1344ns
TS=854.598359601 loop=3298     P= -16.67 R=  34.17 Y=  25.61 jitter=2325ns
TS=854.603359026 loop=3299     P= -16.71 R=  33.86 Y=  25.57 jitter=1750ns
TS=854.608358636 loop=3300     P= -16.74 R=  33.54 Y=  25.52 jitter=1360ns
TS=854.613358635 loop=3301     P= -16.79 R=  33.22 Y=  25.47 jitter=1359ns
TS=854.618358635 loop=3302     P= -16.84 R=  32.89 Y=  25.43 jitter=1359ns
TS=854.623358615 loop=3303     P= -16.87 R=  32.61 Y=  25.38 jitter=1339ns
TS=854.628358670 loop=3304     P= -16.90 R=  32.33 Y=  25.33 jitter=1394ns
TS=854.633358632 loop=3305     P= -16.93 R=  32.07 Y=  25.28 jitter=1356ns
TS=854.638358631 loop=3306     P= -16.98 R=  31.76 Y=  25.23 jitter=1355ns
TS=854.643359816 loop=3307     P= -17.05 R=  31.58 Y=  25.17 jitter=2540ns
TS=854.648359778 loop=3308     P= -17.07 R=  31.23 Y=  25.12 jitter=2502ns
TS=854.653359166 loop=3309     P= -17.10 R=  30.92 Y=  25.06 jitter=1890ns
TS=854.658358925 loop=3310     P= -17.14 R=  30.65 Y=  25.00 jitter=1649ns
TS=854.663358887 loop=3311     P= -17.17 R=  30.34 Y=  24.94 jitter=1611ns
TS=854.668359386 loop=3312     P= -17.22 R=  30.03 Y=  24.88 jitter=2110ns
TS=854.673358718 loop=3313     P= -17.25 R=  29.70 Y=  24.82 jitter=1442ns
TS=854.678358736 loop=3314     P= -17.27 R=  29.37 Y=  24.76 jitter=1460ns
TS=854.683358717 loop=3315     P= -17.29 R=  29.04 Y=  24.70 jitter=1441ns
TS=854.688358642 loop=3316     P= -17.29 R=  28.69 Y=  24.65 jitter=1366ns
TS=854.693359382 loop=3317     P= -17.32 R=  28.34 Y=  24.59 jitter=2106ns
TS=854.698359196 loop=3318     P= -17.31 R=  27.96 Y=  24.53 jitter=1920ns
TS=854.703359029 loop=3319     P= -17.30 R=  27.56 Y=  24.48 jitter=1753ns
TS=854.708359472 loop=3320     P= -17.29 R=  27.16 Y=  24.42 jitter=2196ns
TS=854.713359582 loop=3321     P= -17.30 R=  26.79 Y=  24.37 jitter=2306ns
TS=854.718360063 loop=3322     P= -17.29 R=  26.40 Y=  24.32 jitter=2787ns
TS=854.723359266 loop=3323     P= -17.27 R=  26.00 Y=  24.27 jitter=1990ns
TS=854.728359376 loop=3324     P= -17.26 R=  25.59 Y=  24.22 jitter=2100ns
TS=854.733359209 loop=3325     P= -17.25 R=  25.15 Y=  24.18 jitter=1933ns
TS=854.738358616 loop=3326     P= -17.27 R=  24.67 Y=  24.14 jitter=1340ns
TS=854.743358615 loop=3327     P= -17.33 R=  24.19 Y=  24.10 jitter=1339ns
TS=854.748359577 loop=3328     P= -17.43 R=  23.69 Y=  24.06 jitter=2301ns
TS=854.753358650 loop=3329     P= -17.52 R=  23.23 Y=  24.03 jitter=1374ns
TS=854.758358594 loop=3330     P= -17.61 R=  22.80 Y=  24.01 jitter=1318ns
TS=854.763358612 loop=3331     P= -17.69 R=  22.42 Y=  23.99 jitter=1336ns
TS=854.768358629 loop=3332     P= -17.75 R=  22.08 Y=  23.97 jitter=1353ns
TS=854.773358795 loop=3333     P= -17.80 R=  21.77 Y=  23.96 jitter=1519ns
TS=854.778358628 loop=3334     P= -17.83 R=  21.46 Y=  23.94 jitter=1352ns
TS=854.783358627 loop=3335     P= -17.86 R=  21.16 Y=  23.93 jitter=1351ns
TS=854.788358682 loop=3336     P= -17.89 R=  20.84 Y=  23.92 jitter=1406ns
TS=854.793358644 loop=3337     P= -17.91 R=  20.49 Y=  23.92 jitter=1368ns
TS=854.798359588 loop=3338     P= -17.93 R=  20.14 Y=  23.92 jitter=2312ns
TS=854.803358994 loop=3339     P= -17.95 R=  19.79 Y=  23.93 jitter=1718ns
TS=854.808358642 loop=3340     P= -17.95 R=  19.42 Y=  23.95 jitter=1366ns
TS=854.813358956 loop=3341     P= -17.93 R=  19.05 Y=  23.97 jitter=1680ns
TS=854.818358640 loop=3342     P= -17.90 R=  18.66 Y=  24.00 jitter=1364ns
TS=854.823358621 loop=3343     P= -17.83 R=  18.27 Y=  24.03 jitter=1345ns
TS=854.828358675 loop=3344     P= -17.74 R=  17.89 Y=  24.07 jitter=1399ns
TS=854.833358638 loop=3345     P= -17.62 R=  17.53 Y=  24.12 jitter=1362ns
TS=854.838358637 loop=3346     P= -17.49 R=  17.18 Y=  24.17 jitter=1361ns
TS=854.843358636 loop=3347     P= -17.37 R=  16.82 Y=  24.23 jitter=1360ns
TS=854.848359913 loop=3348     P= -17.24 R=  16.47 Y=  24.29 jitter=2637ns
TS=854.853358597 loop=3349     P= -17.12 R=  16.12 Y=  24.36 jitter=1321ns
TS=854.858358782 loop=3350     P= -16.99 R=  15.78 Y=  24.44 jitter=1506ns
TS=854.863359133 loop=3351     P= -16.86 R=  15.44 Y=  24.51 jitter=1857ns
TS=854.868358632 loop=3352     P= -16.68 R=  15.11 Y=  24.59 jitter=1356ns
TS=854.873358613 loop=3353     P= -16.33 R=  14.97 Y=  24.65 jitter=1337ns
TS=854.878358982 loop=3354     P= -15.99 R=  14.76 Y=  24.65 jitter=1706ns
TS=854.883358630 loop=3355     P= -15.71 R=  14.40 Y=  24.61 jitter=1354ns
TS=854.888358647 loop=3356     P= -15.49 R=  13.94 Y=  24.56 jitter=1371ns
TS=854.893359202 loop=3357     P= -15.33 R=  13.39 Y=  24.50 jitter=1926ns
TS=854.898359442 loop=3358     P= -15.21 R=  12.79 Y=  24.47 jitter=2166ns
TS=854.903359034 loop=3359     P= -15.12 R=  12.16 Y=  24.47 jitter=1758ns
TS=854.908358755 loop=3360     P= -15.01 R=  11.55 Y=  24.51 jitter=1479ns
TS=854.913358625 loop=3361     P= -14.88 R=  11.00 Y=  24.58 jitter=1349ns
TS=854.918358643 loop=3362     P= -14.76 R=  10.51 Y=  24.66 jitter=1367ns
TS=854.923358605 loop=3363     P= -14.65 R=  10.05 Y=  24.76 jitter=1329ns
TS=854.928358623 loop=3364     P= -14.55 R=   9.62 Y=  24.87 jitter=1347ns
TS=854.933358622 loop=3365     P= -14.45 R=   9.23 Y=  24.99 jitter=1346ns
TS=854.938358621 loop=3366     P= -14.36 R=   8.88 Y=  25.13 jitter=1345ns
TS=854.943358991 loop=3367     P= -14.23 R=   8.59 Y=  25.27 jitter=1715ns
TS=854.948359508 loop=3368     P= -14.10 R=   8.35 Y=  25.41 jitter=2232ns
TS=854.953358619 loop=3369     P= -13.93 R=   8.17 Y=  25.54 jitter=1343ns
TS=854.958358618 loop=3370     P= -13.79 R=   8.00 Y=  25.67 jitter=1342ns
TS=854.963358580 loop=3371     P= -13.66 R=   7.82 Y=  25.79 jitter=1304ns
TS=854.968358672 loop=3372     P= -13.53 R=   7.65 Y=  25.90 jitter=1396ns
TS=854.973358597 loop=3373     P= -13.39 R=   7.48 Y=  26.02 jitter=1321ns
TS=854.978358596 loop=3374     P= -13.24 R=   7.31 Y=  26.13 jitter=1320ns
TS=854.983358614 loop=3375     P= -13.08 R=   7.12 Y=  26.25 jitter=1338ns
TS=854.988358983 loop=3376     P= -12.92 R=   6.93 Y=  26.37 jitter=1707ns
TS=854.993359020 loop=3377     P= -12.71 R=   6.78 Y=  26.50 jitter=1744ns
TS=854.998359074 loop=3378     P= -12.49 R=   6.65 Y=  26.63 jitter=1798ns
TS=855.003358981 loop=3379     P= -12.28 R=   6.53 Y=  26.75 jitter=1705ns
TS=855.008358628 loop=3380     P= -12.04 R=   6.39 Y=  26.88 jitter=1352ns
TS=855.013358609 loop=3381     P= -11.80 R=   6.28 Y=  27.02 jitter=1333ns
TS=855.018358719 loop=3382     P= -11.58 R=   6.18 Y=  27.15 jitter=1443ns
TS=855.023358645 loop=3383     P= -11.37 R=   6.08 Y=  27.28 jitter=1369ns
TS=855.028358681 loop=3384     P= -11.19 R=   5.95 Y=  27.41 jitter=1405ns
TS=855.033358606 loop=3385     P= -11.05 R=   5.75 Y=  27.53 jitter=1330ns
TS=855.038358624 loop=3386     P= -10.91 R=   5.57 Y=  27.65 jitter=1348ns
TS=855.043358993 loop=3387     P= -10.73 R=   5.43 Y=  27.78 jitter=1717ns
TS=855.048359900 loop=3388     P= -10.50 R=   5.33 Y=  27.89 jitter=2624ns
TS=855.053358621 loop=3389     P= -10.29 R=   5.24 Y=  27.99 jitter=1345ns
TS=855.058358639 loop=3390     P= -10.09 R=   5.16 Y=  28.08 jitter=1363ns
TS=855.063358583 loop=3391     P=  -9.89 R=   5.08 Y=  28.17 jitter=1307ns
TS=855.068358637 loop=3392     P=  -9.69 R=   5.02 Y=  28.25 jitter=1361ns
TS=855.073358599 loop=3393     P=  -9.49 R=   4.98 Y=  28.33 jitter=1323ns
TS=855.078358617 loop=3394     P=  -9.26 R=   4.97 Y=  28.41 jitter=1341ns
TS=855.083358635 loop=3395     P=  -9.01 R=   4.99 Y=  28.48 jitter=1359ns
TS=855.088358967 loop=3396     P=  -8.78 R=   4.97 Y=  28.55 jitter=1691ns
TS=855.093358948 loop=3397     P=  -8.58 R=   4.97 Y=  28.61 jitter=1672ns
TS=855.098359244 loop=3398     P=  -8.38 R=   4.99 Y=  28.67 jitter=1968ns
TS=855.103358965 loop=3399     P=  -8.22 R=   5.02 Y=  28.71 jitter=1689ns
TS=855.108358649 loop=3400     P=  -8.06 R=   5.04 Y=  28.74 jitter=1373ns
TS=855.113358593 loop=3401     P=  -7.91 R=   5.06 Y=  28.76 jitter=1317ns
TS=855.118358907 loop=3402     P=  -7.77 R=   5.06 Y=  28.77 jitter=1631ns
TS=855.123358813 loop=3403     P=  -7.61 R=   5.06 Y=  28.76 jitter=1537ns
TS=855.128359405 loop=3404     P=  -7.46 R=   5.03 Y=  28.75 jitter=2129ns
TS=855.133358627 loop=3405     P=  -7.31 R=   5.00 Y=  28.73 jitter=1351ns
TS=855.138358644 loop=3406     P=  -7.16 R=   4.95 Y=  28.71 jitter=1368ns
TS=855.143358625 loop=3407     P=  -7.03 R=   4.84 Y=  28.68 jitter=1349ns
TS=855.148361180 loop=3408     P=  -6.89 R=   4.74 Y=  28.64 jitter=3904ns
TS=855.153359753 loop=3409     P=  -6.72 R=   4.61 Y=  28.60 jitter=2477ns
TS=855.158358826 loop=3410     P=  -6.54 R=   4.48 Y=  28.56 jitter=1550ns
TS=855.163359103 loop=3411     P=  -6.38 R=   4.39 Y=  28.53 jitter=1827ns
TS=855.168358991 loop=3412     P=  -6.22 R=   4.36 Y=  28.49 jitter=1715ns
TS=855.173359324 loop=3413     P=  -6.07 R=   4.37 Y=  28.44 jitter=2048ns
TS=855.178359119 loop=3414     P=  -5.93 R=   4.41 Y=  28.39 jitter=1843ns
TS=855.183358859 loop=3415     P=  -5.80 R=   4.45 Y=  28.32 jitter=1583ns
TS=855.188359210 loop=3416     P=  -5.66 R=   4.47 Y=  28.23 jitter=1934ns
TS=855.193359098 loop=3417     P=  -5.49 R=   4.50 Y=  28.14 jitter=1822ns
TS=855.198359449 loop=3418     P=  -5.34 R=   4.47 Y=  28.04 jitter=2173ns
TS=855.203359874 loop=3419     P=  -5.17 R=   4.46 Y=  27.93 jitter=2598ns
TS=855.208359577 loop=3420     P=  -5.00 R=   4.44 Y=  27.81 jitter=2301ns
TS=855.213359502 loop=3421     P=  -4.83 R=   4.39 Y=  27.69 jitter=2226ns
TS=855.218359613 loop=3422     P=  -4.70 R=   4.32 Y=  27.58 jitter=2337ns
TS=855.223359038 loop=3423     P=  -4.59 R=   4.27 Y=  27.48 jitter=1762ns
TS=855.228358685 loop=3424     P=  -4.48 R=   4.21 Y=  27.38 jitter=1409ns
TS=855.233358629 loop=3425     P=  -4.39 R=   4.15 Y=  27.29 jitter=1353ns
TS=855.238358906 loop=3426     P=  -4.31 R=   4.08 Y=  27.21 jitter=1630ns
TS=855.243358794 loop=3427     P=  -4.26 R=   4.00 Y=  27.13 jitter=1518ns
TS=855.248358811 loop=3428     P=  -4.21 R=   3.91 Y=  27.06 jitter=1535ns
TS=855.253358625 loop=3429     P=  -4.18 R=   3.81 Y=  26.98 jitter=1349ns
TS=855.258358643 loop=3430     P=  -4.14 R=   3.69 Y=  26.90 jitter=1367ns
TS=855.263358828 loop=3431     P=  -4.10 R=   3.55 Y=  26.81 jitter=1552ns
TS=855.268358734 loop=3432     P=  -4.06 R=   3.39 Y=  26.71 jitter=1458ns
TS=855.273358844 loop=3433     P=  -4.03 R=   3.24 Y=  26.61 jitter=1568ns
TS=855.278359399 loop=3434     P=  -4.01 R=   3.09 Y=  26.49 jitter=2123ns
TS=855.283358898 loop=3435     P=  -3.98 R=   2.94 Y=  26.37 jitter=1622ns
TS=855.288358935 loop=3436     P=  -3.95 R=   2.78 Y=  26.23 jitter=1659ns
TS=855.293358804 loop=3437     P=  -3.91 R=   2.63 Y=  26.10 jitter=1528ns
TS=855.298358674 loop=3438     P=  -3.87 R=   2.47 Y=  25.96 jitter=1398ns
TS=855.303359488 loop=3439     P=  -3.88 R=   2.30 Y=  25.84 jitter=2212ns
TS=855.308358746 loop=3440     P=  -3.90 R=   2.08 Y=  25.74 jitter=1470ns
TS=855.313359486 loop=3441     P=  -3.87 R=   1.90 Y=  25.66 jitter=2210ns
TS=855.318359281 loop=3442     P=  -3.80 R=   1.81 Y=  25.59 jitter=2005ns
TS=855.323359299 loop=3443     P=  -3.74 R=   1.75 Y=  25.51 jitter=2023ns
TS=855.328358613 loop=3444     P=  -3.68 R=   1.68 Y=  25.44 jitter=1337ns
TS=855.333359427 loop=3445     P=  -3.63 R=   1.61 Y=  25.37 jitter=2151ns
TS=855.338358778 loop=3446     P=  -3.58 R=   1.56 Y=  25.31 jitter=1502ns
TS=855.343358685 loop=3447     P=  -3.53 R=   1.48 Y=  25.24 jitter=1409ns
TS=855.348358647 loop=3448     P=  -3.48 R=   1.41 Y=  25.19 jitter=1371ns
TS=855.353358609 loop=3449     P=  -3.41 R=   1.38 Y=  25.13 jitter=1333ns
TS=855.358358627 loop=3450     P=  -3.35 R=   1.32 Y=  25.08 jitter=1351ns
TS=855.363358737 loop=3451     P=  -3.30 R=   1.27 Y=  25.03 jitter=1461ns
TS=855.368358662 loop=3452     P=  -3.28 R=   1.24 Y=  24.98 jitter=1386ns
TS=855.373358624 loop=3453     P=  -3.19 R=   1.27 Y=  24.94 jitter=1348ns
TS=855.378358586 loop=3454     P=  -3.11 R=   1.28 Y=  24.90 jitter=1310ns
TS=855.383358882 loop=3455     P=  -3.02 R=   1.29 Y=  24.86 jitter=1606ns
TS=855.388358677 loop=3456     P=  -2.92 R=   1.28 Y=  24.82 jitter=1401ns
TS=855.393358991 loop=3457     P=  -2.84 R=   1.21 Y=  24.77 jitter=1715ns
TS=855.398359416 loop=3458     P=  -2.79 R=   1.12 Y=  24.72 jitter=2140ns
TS=855.403358990 loop=3459     P=  -2.79 R=   1.00 Y=  24.68 jitter=1714ns
TS=855.408358656 loop=3460     P=  -2.82 R=   0.86 Y=  24.63 jitter=1380ns
TS=855.413358618 loop=3461     P=  -2.88 R=   0.77 Y=  24.57 jitter=1342ns
TS=855.418358617 loop=3462     P=  -2.93 R=   0.66 Y=  24.52 jitter=1341ns
TS=855.423358598 loop=3463     P=  -2.99 R=   0.56 Y=  24.46 jitter=1322ns
TS=855.428358745 loop=3464     P=  -3.05 R=   0.54 Y=  24.42 jitter=1469ns
TS=855.433358633 loop=3465     P=  -3.15 R=   0.55 Y=  24.37 jitter=1357ns
TS=855.438358614 loop=3466     P=  -3.31 R=   0.51 Y=  24.32 jitter=1338ns
TS=855.443359076 loop=3467     P=  -3.43 R=   0.54 Y=  24.27 jitter=1800ns
TS=855.448359630 loop=3468     P=  -3.51 R=   0.58 Y=  24.22 jitter=2354ns
TS=855.453358593 loop=3469     P=  -3.57 R=   0.68 Y=  24.18 jitter=1317ns
TS=855.458358610 loop=3470     P=  -3.64 R=   0.82 Y=  24.13 jitter=1334ns
TS=855.463358591 loop=3471     P=  -3.74 R=   0.93 Y=  24.08 jitter=1315ns
TS=855.468358683 loop=3472     P=  -3.87 R=   0.95 Y=  24.02 jitter=1407ns
TS=855.473358774 loop=3473     P=  -4.00 R=   0.97 Y=  23.97 jitter=1498ns
TS=855.478358663 loop=3474     P=  -4.11 R=   1.01 Y=  23.92 jitter=1387ns
TS=855.483358588 loop=3475     P=  -4.23 R=   1.00 Y=  23.87 jitter=1312ns
TS=855.488358624 loop=3476     P=  -4.33 R=   1.00 Y=  23.83 jitter=1348ns
TS=855.493358586 loop=3477     P=  -4.43 R=   0.99 Y=  23.79 jitter=1310ns
TS=855.498359011 loop=3478     P=  -4.48 R=   0.88 Y=  23.77 jitter=1735ns
TS=855.503358640 loop=3479     P=  -4.46 R=   0.72 Y=  23.76 jitter=1364ns
TS=855.508358658 loop=3480     P=  -4.38 R=   0.50 Y=  23.77 jitter=1382ns
TS=855.513358620 loop=3481     P=  -4.31 R=   0.24 Y=  23.79 jitter=1344ns
TS=855.518358619 loop=3482     P=  -4.31 R=  -0.08 Y=  23.82 jitter=1343ns
TS=855.523358563 loop=3483     P=  -4.38 R=  -0.44 Y=  23.85 jitter=1287ns
TS=855.528358617 loop=3484     P=  -4.49 R=  -0.89 Y=  23.89 jitter=1341ns
TS=855.533358598 loop=3485     P=  -4.63 R=  -1.36 Y=  23.93 jitter=1322ns
TS=855.538358727 loop=3486     P=  -4.78 R=  -1.78 Y=  23.98 jitter=1451ns
TS=855.543359096 loop=3487     P=  -4.93 R=  -2.11 Y=  24.05 jitter=1820ns
TS=855.548359558 loop=3488     P=  -5.07 R=  -2.38 Y=  24.12 jitter=2282ns
TS=855.553358613 loop=3489     P=  -5.22 R=  -2.57 Y=  24.19 jitter=1337ns
TS=855.558358631 loop=3490     P=  -5.34 R=  -2.68 Y=  24.27 jitter=1355ns
TS=855.563358778 loop=3491     P=  -5.45 R=  -2.73 Y=  24.36 jitter=1502ns
TS=855.568359037 loop=3492     P=  -5.53 R=  -2.77 Y=  24.44 jitter=1761ns
TS=855.573358684 loop=3493     P=  -5.65 R=  -2.80 Y=  24.53 jitter=1408ns
TS=855.578358739 loop=3494     P=  -5.74 R=  -2.75 Y=  24.62 jitter=1463ns
TS=855.583358627 loop=3495     P=  -5.84 R=  -2.68 Y=  24.72 jitter=1351ns
TS=855.588358644 loop=3496     P=  -5.94 R=  -2.64 Y=  24.81 jitter=1368ns
TS=855.593358884 loop=3497     P=  -6.05 R=  -2.57 Y=  24.92 jitter=1608ns
TS=855.598359347 loop=3498     P=  -6.13 R=  -2.42 Y=  25.03 jitter=2071ns
TS=855.603359031 loop=3499     P=  -6.17 R=  -2.26 Y=  25.14 jitter=1755ns
TS=855.608358641 loop=3500     P=  -6.24 R=  -2.11 Y=  25.26 jitter=1365ns
TS=855.613358770 loop=3501     P=  -6.31 R=  -1.98 Y=  25.39 jitter=1494ns
TS=855.618358584 loop=3502     P=  -6.38 R=  -1.83 Y=  25.53 jitter=1308ns
TS=855.623358620 loop=3503     P=  -6.43 R=  -1.66 Y=  25.68 jitter=1344ns
TS=855.628358638 loop=3504     P=  -6.52 R=  -1.50 Y=  25.85 jitter=1362ns
TS=855.633358619 loop=3505     P=  -6.64 R=  -1.39 Y=  26.05 jitter=1343ns
TS=855.638358599 loop=3506     P=  -6.68 R=  -1.21 Y=  26.27 jitter=1323ns
TS=855.643358950 loop=3507     P=  -6.70 R=  -1.06 Y=  26.49 jitter=1674ns
TS=855.648360783 loop=3508     P=  -6.76 R=  -0.94 Y=  26.72 jitter=3507ns
TS=855.653360097 loop=3509     P=  -6.91 R=  -0.88 Y=  26.97 jitter=2821ns
TS=855.658359263 loop=3510     P=  -7.12 R=  -0.83 Y=  27.25 jitter=1987ns
TS=855.663358854 loop=3511     P=  -7.22 R=  -0.72 Y=  27.56 jitter=1578ns
TS=855.668359039 loop=3512     P=  -7.34 R=  -0.65 Y=  27.87 jitter=1763ns
TS=855.673358742 loop=3513     P=  -7.49 R=  -0.55 Y=  28.18 jitter=1466ns
TS=855.678358889 loop=3514     P=  -7.61 R=  -0.36 Y=  28.50 jitter=1613ns
TS=855.683358907 loop=3515     P=  -7.68 R=  -0.09 Y=  28.82 jitter=1631ns
TS=855.688358906 loop=3516     P=  -7.72 R=   0.19 Y=  29.15 jitter=1630ns
TS=855.693358609 loop=3517     P=  -7.75 R=   0.45 Y=  29.48 jitter=1333ns
TS=855.698359941 loop=3518     P=  -7.77 R=   0.65 Y=  29.82 jitter=2665ns
TS=855.703359644 loop=3519     P=  -7.80 R=   0.86 Y=  30.17 jitter=2368ns
TS=855.708358791 loop=3520     P=  -7.83 R=   1.01 Y=  30.54 jitter=1515ns
TS=855.713358791 loop=3521     P=  -7.87 R=   1.18 Y=  30.92 jitter=1515ns
TS=855.718359456 loop=3522     P=  -7.90 R=   1.33 Y=  31.32 jitter=2180ns
TS=855.723358770 loop=3523     P=  -7.92 R=   1.52 Y=  31.74 jitter=1494ns
TS=855.728358862 loop=3524     P=  -8.00 R=   1.78 Y=  32.19 jitter=1586ns
TS=855.733359121 loop=3525     P=  -8.12 R=   1.89 Y=  32.67 jitter=1845ns
TS=855.738358601 loop=3526     P=  -8.26 R=   2.10 Y=  33.18 jitter=1325ns
TS=855.743358619 loop=3527     P=  -8.39 R=   2.33 Y=  33.71 jitter=1343ns
TS=855.748359155 loop=3528     P=  -8.51 R=   2.60 Y=  34.27 jitter=1879ns
TS=855.753358599 loop=3529     P=  -8.63 R=   2.88 Y=  34.84 jitter=1323ns
TS=855.758358820 loop=3530     P=  -8.76 R=   3.18 Y=  35.41 jitter=1544ns
TS=855.763358764 loop=3531     P=  -8.93 R=   3.42 Y=  36.01 jitter=1488ns
TS=855.768358726 loop=3532     P=  -8.99 R=   3.71 Y=  36.63 jitter=1450ns
TS=855.773358614 loop=3533     P=  -9.10 R=   3.91 Y=  37.26 jitter=1338ns
TS=855.778358613 loop=3534     P=  -9.23 R=   4.08 Y=  37.89 jitter=1337ns
TS=855.783358612 loop=3535     P=  -9.34 R=   4.20 Y=  38.54 jitter=1336ns
TS=855.788359223 loop=3536     P=  -9.49 R=   4.25 Y=  39.17 jitter=1947ns
TS=855.793358685 loop=3537     P=  -9.67 R=   4.21 Y=  39.82 jitter=1409ns
TS=855.798358999 loop=3538     P=  -9.86 R=   4.24 Y=  40.49 jitter=1723ns
TS=855.803359035 loop=3539     P= -10.07 R=   4.17 Y=  41.16 jitter=1759ns
TS=855.808358664 loop=3540     P= -10.21 R=   4.18 Y=  41.82 jitter=1388ns
TS=855.813358663 loop=3541     P= -10.39 R=   4.19 Y=  42.48 jitter=1387ns
TS=855.818358625 loop=3542     P= -10.61 R=   4.11 Y=  43.14 jitter=1349ns
TS=855.823358643 loop=3543     P= -10.81 R=   4.02 Y=  43.82 jitter=1367ns
TS=855.828358661 loop=3544     P= -11.07 R=   3.90 Y=  44.50 jitter=1385ns
TS=855.833358623 loop=3545     P= -11.28 R=   3.77 Y=  45.19 jitter=1347ns
TS=855.838358622 loop=3546     P= -11.49 R=   3.65 Y=  45.86 jitter=1346ns
TS=855.843358973 loop=3547     P= -11.64 R=   3.55 Y=  46.56 jitter=1697ns
TS=855.848359120 loop=3548     P= -11.77 R=   3.46 Y=  47.28 jitter=1844ns
TS=855.853359027 loop=3549     P= -11.79 R=   3.46 Y=  47.99 jitter=1751ns
TS=855.858358637 loop=3550     P= -11.74 R=   3.50 Y=  48.68 jitter=1361ns
TS=855.863358710 loop=3551     P= -11.63 R=   3.56 Y=  49.34 jitter=1434ns
TS=855.868358858 loop=3552     P= -11.43 R=   3.58 Y=  49.98 jitter=1582ns
TS=855.873359024 loop=3553     P= -11.21 R=   3.55 Y=  50.62 jitter=1748ns
TS=855.878358597 loop=3554     P= -10.93 R=   3.48 Y=  51.24 jitter=1321ns
TS=855.883358615 loop=3555     P= -10.66 R=   3.39 Y=  51.85 jitter=1339ns
TS=855.888358947 loop=3556     P= -10.42 R=   3.27 Y=  52.44 jitter=1671ns
TS=855.893359039 loop=3557     P= -10.22 R=   3.12 Y=  53.01 jitter=1763ns
TS=855.898359427 loop=3558     P= -10.09 R=   2.93 Y=  53.57 jitter=2151ns
TS=855.903359019 loop=3559     P= -10.02 R=   2.69 Y=  54.10 jitter=1743ns
TS=855.908358610 loop=3560     P=  -9.99 R=   2.46 Y=  54.62 jitter=1334ns
TS=855.913358628 loop=3561     P=  -9.97 R=   2.21 Y=  55.14 jitter=1352ns
TS=855.918358868 loop=3562     P=  -9.96 R=   1.95 Y=  55.65 jitter=1592ns
TS=855.923358626 loop=3563     P=  -9.98 R=   1.68 Y=  56.17 jitter=1350ns
TS=855.928358755 loop=3564     P= -10.04 R=   1.37 Y=  56.69 jitter=1479ns
TS=855.933358754 loop=3565     P= -10.09 R=   1.06 Y=  57.23 jitter=1478ns
TS=855.938359013 loop=3566     P= -10.16 R=   0.74 Y=  57.80 jitter=1737ns
TS=855.943358623 loop=3567     P= -10.24 R=   0.44 Y=  58.39 jitter=1347ns
TS=855.948359715 loop=3568     P= -10.30 R=   0.15 Y=  59.01 jitter=2439ns
TS=855.953358640 loop=3569     P= -10.34 R=  -0.09 Y=  59.66 jitter=1364ns
TS=855.958358621 loop=3570     P= -10.32 R=  -0.28 Y=  60.32 jitter=1345ns
TS=855.963358620 loop=3571     P= -10.25 R=  -0.46 Y=  60.98 jitter=1344ns
TS=855.968358619 loop=3572     P= -10.15 R=  -0.60 Y=  61.66 jitter=1343ns
TS=855.973358581 loop=3573     P= -10.00 R=  -0.71 Y=  62.33 jitter=1305ns
TS=855.978358636 loop=3574     P=  -9.85 R=  -0.80 Y=  62.99 jitter=1360ns
TS=855.983358580 loop=3575     P=  -9.71 R=  -0.94 Y=  63.65 jitter=1304ns
TS=855.988359227 loop=3576     P=  -9.59 R=  -1.06 Y=  64.30 jitter=1951ns
TS=855.993358689 loop=3577     P=  -9.46 R=  -1.11 Y=  64.95 jitter=1413ns
TS=855.998358947 loop=3578     P=  -9.34 R=  -1.15 Y=  65.59 jitter=1671ns
TS=856.003359002 loop=3579     P=  -9.23 R=  -1.25 Y=  66.22 jitter=1726ns
TS=856.008358612 loop=3580     P=  -9.18 R=  -1.37 Y=  66.85 jitter=1336ns
TS=856.013358630 loop=3581     P=  -9.15 R=  -1.48 Y=  67.48 jitter=1354ns
TS=856.018358611 loop=3582     P=  -9.13 R=  -1.54 Y=  68.11 jitter=1335ns
TS=856.023358629 loop=3583     P=  -9.08 R=  -1.74 Y=  68.74 jitter=1353ns
TS=856.028358980 loop=3584     P=  -9.03 R=  -2.02 Y=  69.38 jitter=1704ns
TS=856.033358627 loop=3585     P=  -9.03 R=  -2.31 Y=  70.02 jitter=1351ns
TS=856.038358645 loop=3586     P=  -9.00 R=  -2.63 Y=  70.67 jitter=1369ns
TS=856.043358625 loop=3587     P=  -9.02 R=  -2.98 Y=  71.35 jitter=1349ns
TS=856.048359458 loop=3588     P=  -9.12 R=  -3.22 Y=  72.07 jitter=2182ns
TS=856.053358624 loop=3589     P=  -9.07 R=  -3.51 Y=  72.83 jitter=1348ns
TS=856.058358604 loop=3590     P=  -9.05 R=  -3.61 Y=  73.60 jitter=1328ns
TS=856.063358603 loop=3591     P=  -8.90 R=  -3.75 Y=  74.39 jitter=1327ns
TS=856.068358621 loop=3592     P=  -8.53 R=  -3.92 Y=  75.18 jitter=1345ns
TS=856.073358602 loop=3593     P=  -8.30 R=  -3.97 Y=  75.99 jitter=1326ns
TS=856.078358656 loop=3594     P=  -7.96 R=  -4.05 Y=  76.80 jitter=1380ns
TS=856.083358618 loop=3595     P=  -7.84 R=  -4.11 Y=  77.60 jitter=1342ns
TS=856.088358655 loop=3596     P=  -7.51 R=  -4.40 Y=  78.40 jitter=1379ns
TS=856.093358598 loop=3597     P=  -7.14 R=  -4.50 Y=  79.19 jitter=1322ns
TS=856.098359505 loop=3598     P=  -6.95 R=  -4.62 Y=  79.96 jitter=2229ns
TS=856.103359022 loop=3599     P=  -6.74 R=  -4.73 Y=  80.71 jitter=1746ns
TS=856.108358670 loop=3600     P=  -6.48 R=  -4.78 Y=  81.45 jitter=1394ns
TS=856.113359021 loop=3601     P=  -6.19 R=  -4.72 Y=  82.16 jitter=1745ns
TS=856.118358631 loop=3602     P=  -5.87 R=  -4.70 Y=  82.84 jitter=1355ns
TS=856.123358612 loop=3603     P=  -5.57 R=  -4.73 Y=  83.51 jitter=1336ns
TS=856.128358629 loop=3604     P=  -5.30 R=  -4.83 Y=  84.16 jitter=1353ns
TS=856.133358628 loop=3605     P=  -5.04 R=  -4.93 Y=  84.80 jitter=1352ns
TS=856.138358942 loop=3606     P=  -4.81 R=  -4.96 Y=  85.43 jitter=1666ns
TS=856.143358942 loop=3607     P=  -4.59 R=  -4.94 Y=  86.04 jitter=1666ns
TS=856.148359385 loop=3608     P=  -4.34 R=  -4.88 Y=  86.63 jitter=2109ns
TS=856.153358773 loop=3609     P=  -4.11 R=  -4.82 Y=  87.19 jitter=1497ns
TS=856.158358735 loop=3610     P=  -3.91 R=  -4.77 Y=  87.73 jitter=1459ns
TS=856.163359346 loop=3611     P=  -3.70 R=  -4.71 Y=  88.26 jitter=2070ns
TS=856.168359104 loop=3612     P=  -3.51 R=  -4.64 Y=  88.77 jitter=1828ns
TS=856.173358881 loop=3613     P=  -3.38 R=  -4.60 Y=  89.28 jitter=1605ns
TS=856.178358732 loop=3614     P=  -3.26 R=  -4.59 Y=  89.78 jitter=1456ns
TS=856.183359175 loop=3615     P=  -3.20 R=  -4.56 Y=  90.29 jitter=1899ns
TS=856.188358712 loop=3616     P=  -3.15 R=  -4.57 Y=  90.80 jitter=1436ns
TS=856.193359785 loop=3617     P=  -3.14 R=  -4.63 Y=  91.32 jitter=2509ns
TS=856.198359080 loop=3618     P=  -3.15 R=  -4.69 Y=  91.86 jitter=1804ns
TS=856.203359635 loop=3619     P=  -3.12 R=  -4.69 Y=  92.41 jitter=2359ns
TS=856.208358782 loop=3620     P=  -3.09 R=  -4.61 Y=  92.95 jitter=1506ns
TS=856.213359411 loop=3621     P=  -3.06 R=  -4.49 Y=  93.49 jitter=2135ns
TS=856.218359447 loop=3622     P=  -2.96 R=  -4.36 Y=  94.01 jitter=2171ns
TS=856.223359150 loop=3623     P=  -2.85 R=  -4.20 Y=  94.52 jitter=1874ns
TS=856.228358723 loop=3624     P=  -2.74 R=  -4.02 Y=  95.01 jitter=1447ns
TS=856.233359574 loop=3625     P=  -2.64 R=  -3.85 Y=  95.49 jitter=2298ns
TS=856.238358611 loop=3626     P=  -2.56 R=  -3.69 Y=  95.94 jitter=1335ns
TS=856.243358684 loop=3627     P=  -2.52 R=  -3.56 Y=  96.38 jitter=1408ns
TS=856.248359275 loop=3628     P=  -2.47 R=  -3.48 Y=  96.79 jitter=1999ns
TS=856.253358701 loop=3629     P=  -2.44 R=  -3.56 Y=  97.19 jitter=1425ns
TS=856.258360496 loop=3630     P=  -1.72 R=  -3.98 Y=  97.61 jitter=3220ns
TS=856.263358773 loop=3631     P=  -0.80 R=  -4.00 Y=  98.03 jitter=1497ns
TS=856.268358679 loop=3632     P=  -0.27 R=  -4.76 Y=  98.42 jitter=1403ns
TS=856.273358623 loop=3633     P=   1.15 R=  -1.73 Y=  98.81 jitter=1347ns
TS=856.278358604 loop=3634     P=   0.82 R=  -4.62 Y=  99.15 jitter=1328ns
TS=856.283358621 loop=3635     P=   1.76 R=  -4.75 Y=  99.52 jitter=1345ns
TS=856.288359083 loop=3636     P=   1.58 R=  -5.72 Y=  99.88 jitter=1807ns
TS=856.293358657 loop=3637     P=   0.96 R=  -6.88 Y= 100.23 jitter=1381ns
TS=856.298359693 loop=3638     P=   0.54 R=  -8.03 Y= 100.56 jitter=2417ns
TS=856.303358988 loop=3639     P=   0.26 R=  -8.82 Y= 100.83 jitter=1712ns
TS=856.308358636 loop=3640     P=   0.06 R=  -9.20 Y= 101.07 jitter=1360ns
TS=856.313358616 loop=3641     P=  -0.27 R= -10.00 Y= 101.30 jitter=1340ns
TS=856.318358634 loop=3642     P=  -0.66 R= -10.60 Y= 101.52 jitter=1358ns
TS=856.323358985 loop=3643     P=  -1.21 R= -11.36 Y= 101.73 jitter=1709ns
TS=856.328358651 loop=3644     P=  -1.77 R= -11.84 Y= 101.98 jitter=1375ns
TS=856.333358613 loop=3645     P=  -2.16 R= -11.91 Y= 102.24 jitter=1337ns
TS=856.338358612 loop=3646     P=  -2.40 R= -11.62 Y= 102.47 jitter=1336ns
TS=856.343358630 loop=3647     P=  -2.53 R= -11.09 Y= 102.65 jitter=1354ns
TS=856.348359814 loop=3648     P=  -2.50 R= -10.46 Y= 102.79 jitter=2538ns
TS=856.353358628 loop=3649     P=  -2.26 R=  -9.93 Y= 102.90 jitter=1352ns
TS=856.358358646 loop=3650     P=  -2.05 R=  -9.53 Y= 102.98 jitter=1370ns
TS=856.363358923 loop=3651     P=  -2.05 R=  -9.28 Y= 103.02 jitter=1647ns
TS=856.368358718 loop=3652     P=  -2.15 R=  -9.24 Y= 103.02 jitter=1442ns
TS=856.373358606 loop=3653     P=  -2.37 R=  -9.03 Y= 103.00 jitter=1330ns
TS=856.378358642 loop=3654     P=  -2.55 R=  -8.87 Y= 102.93 jitter=1366ns
TS=856.383358641 loop=3655     P=  -2.72 R=  -8.59 Y= 102.83 jitter=1365ns
TS=856.388358696 loop=3656     P=  -2.83 R=  -8.23 Y= 102.70 jitter=1420ns
TS=856.393358992 loop=3657     P=  -2.91 R=  -7.83 Y= 102.53 jitter=1716ns
TS=856.398359546 loop=3658     P=  -2.94 R=  -7.55 Y= 102.32 jitter=2270ns
TS=856.403359027 loop=3659     P=  -3.01 R=  -7.20 Y= 102.08 jitter=1751ns
TS=856.408358637 loop=3660     P=  -3.09 R=  -7.02 Y= 101.82 jitter=1361ns
TS=856.413358636 loop=3661     P=  -3.19 R=  -6.86 Y= 101.53 jitter=1360ns
TS=856.418358950 loop=3662     P=  -3.27 R=  -6.58 Y= 101.22 jitter=1674ns
TS=856.423358783 loop=3663     P=  -3.37 R=  -6.43 Y= 100.89 jitter=1507ns
TS=856.428358652 loop=3664     P=  -3.47 R=  -6.30 Y= 100.55 jitter=1376ns
TS=856.433358633 loop=3665     P=  -3.58 R=  -6.11 Y= 100.20 jitter=1357ns
TS=856.438358595 loop=3666     P=  -3.71 R=  -5.96 Y=  99.84 jitter=1319ns
TS=856.443358983 loop=3667     P=  -3.82 R=  -5.84 Y=  99.46 jitter=1707ns
TS=856.448359371 loop=3668     P=  -3.94 R=  -5.76 Y=  99.06 jitter=2095ns
TS=856.453359000 loop=3669     P=  -4.09 R=  -5.68 Y=  98.65 jitter=1724ns
TS=856.458358629 loop=3670     P=  -4.25 R=  -5.55 Y=  98.22 jitter=1353ns
TS=856.463358609 loop=3671     P=  -4.40 R=  -5.33 Y=  97.78 jitter=1333ns
TS=856.468358645 loop=3672     P=  -4.50 R=  -5.13 Y=  97.31 jitter=1369ns
TS=856.473358608 loop=3673     P=  -4.65 R=  -4.94 Y=  96.82 jitter=1332ns
TS=856.478358625 loop=3674     P=  -4.71 R=  -4.57 Y=  96.30 jitter=1349ns
TS=856.483358624 loop=3675     P=  -4.80 R=  -4.09 Y=  95.73 jitter=1348ns
TS=856.488358623 loop=3676     P=  -4.87 R=  -3.77 Y=  95.12 jitter=1347ns
TS=856.493358641 loop=3677     P=  -4.83 R=  -3.39 Y=  94.47 jitter=1365ns
TS=856.498359344 loop=3678     P=  -4.76 R=  -3.09 Y=  93.81 jitter=2068ns
TS=856.503359102 loop=3679     P=  -4.74 R=  -2.91 Y=  93.12 jitter=1826ns
TS=856.508358713 loop=3680     P=  -4.78 R=  -2.84 Y=  92.43 jitter=1437ns
TS=856.513358786 loop=3681     P=  -4.79 R=  -2.89 Y=  91.74 jitter=1510ns
TS=856.518358637 loop=3682     P=  -4.84 R=  -2.99 Y=  91.04 jitter=1361ns
TS=856.523358636 loop=3683     P=  -4.85 R=  -3.08 Y=  90.35 jitter=1360ns
TS=856.528358672 loop=3684     P=  -4.87 R=  -3.17 Y=  89.66 jitter=1396ns
TS=856.533358634 loop=3685     P=  -4.86 R=  -3.21 Y=  88.97 jitter=1358ns
TS=856.538358633 loop=3686     P=  -4.87 R=  -3.23 Y=  88.26 jitter=1357ns
TS=856.543359466 loop=3687     P=  -4.89 R=  -3.23 Y=  87.56 jitter=2190ns
TS=856.548359502 loop=3688     P=  -4.93 R=  -3.21 Y=  86.84 jitter=2226ns
TS=856.553358686 loop=3689     P=  -4.97 R=  -3.14 Y=  86.11 jitter=1410ns
TS=856.558358630 loop=3690     P=  -5.00 R=  -3.04 Y=  85.38 jitter=1354ns
TS=856.563358574 loop=3691     P=  -5.01 R=  -2.88 Y=  84.64 jitter=1298ns
TS=856.568358665 loop=3692     P=  -5.01 R=  -2.72 Y=  83.90 jitter=1389ns
TS=856.573358609 loop=3693     P=  -5.02 R=  -2.59 Y=  83.16 jitter=1333ns
TS=856.578358627 loop=3694     P=  -5.07 R=  -2.52 Y=  82.42 jitter=1351ns
TS=856.583358829 loop=3695     P=  -5.09 R=  -2.46 Y=  81.69 jitter=1553ns
TS=856.588358736 loop=3696     P=  -5.09 R=  -2.41 Y=  80.97 jitter=1460ns
TS=856.593358643 loop=3697     P=  -5.13 R=  -2.37 Y=  80.25 jitter=1367ns
TS=856.598359438 loop=3698     P=  -5.15 R=  -2.33 Y=  79.53 jitter=2162ns
TS=856.603358641 loop=3699     P=  -5.21 R=  -2.37 Y=  78.80 jitter=1365ns
TS=856.608358677 loop=3700     P=  -5.28 R=  -2.41 Y=  78.07 jitter=1401ns
TS=856.613358639 loop=3701     P=  -5.34 R=  -2.45 Y=  77.32 jitter=1363ns
TS=856.618358620 loop=3702     P=  -5.39 R=  -2.50 Y=  76.56 jitter=1344ns
TS=856.623358637 loop=3703     P=  -5.46 R=  -2.55 Y=  75.80 jitter=1361ns
TS=856.628358655 loop=3704     P=  -5.54 R=  -2.55 Y=  75.03 jitter=1379ns
TS=856.633358617 loop=3705     P=  -5.63 R=  -2.54 Y=  74.25 jitter=1341ns
TS=856.638358616 loop=3706     P=  -5.71 R=  -2.47 Y=  73.47 jitter=1340ns
TS=856.643358967 loop=3707     P=  -5.79 R=  -2.36 Y=  72.69 jitter=1691ns
TS=856.648359189 loop=3708     P=  -5.88 R=  -2.23 Y=  71.93 jitter=1913ns
TS=856.653358984 loop=3709     P=  -5.94 R=  -2.11 Y=  71.18 jitter=1708ns
TS=856.658358891 loop=3710     P=  -5.96 R=  -2.01 Y=  70.44 jitter=1615ns
TS=856.663360094 loop=3711     P=  -5.96 R=  -1.84 Y=  69.71 jitter=2818ns
TS=856.668359000 loop=3712     P=  -5.89 R=  -1.67 Y=  68.98 jitter=1724ns
TS=856.673358685 loop=3713     P=  -5.82 R=  -1.50 Y=  68.25 jitter=1409ns
TS=856.678358924 loop=3714     P=  -5.74 R=  -1.34 Y=  67.52 jitter=1648ns
TS=856.683359072 loop=3715     P=  -5.67 R=  -1.19 Y=  66.79 jitter=1796ns
TS=856.688358812 loop=3716     P=  -5.62 R=  -1.05 Y=  66.04 jitter=1536ns
TS=856.693358829 loop=3717     P=  -5.55 R=  -0.94 Y=  65.28 jitter=1553ns
TS=856.698358902 loop=3718     P=  -5.48 R=  -0.81 Y=  64.52 jitter=1626ns
TS=856.703360346 loop=3719     P=  -5.39 R=  -0.67 Y=  63.76 jitter=3070ns
TS=856.708359030 loop=3720     P=  -5.31 R=  -0.51 Y=  63.01 jitter=1754ns
TS=856.713359511 loop=3721     P=  -5.24 R=  -0.35 Y=  62.25 jitter=2235ns
TS=856.718359344 loop=3722     P=  -5.17 R=  -0.20 Y=  61.51 jitter=2068ns
TS=856.723359380 loop=3723     P=  -5.11 R=  -0.04 Y=  60.78 jitter=2104ns
TS=856.728359934 loop=3724     P=  -5.04 R=   0.11 Y=  60.06 jitter=2658ns
TS=856.733359174 loop=3725     P=  -4.98 R=   0.25 Y=  59.35 jitter=1898ns
TS=856.738358803 loop=3726     P=  -4.93 R=   0.37 Y=  58.64 jitter=1527ns
TS=856.743359265 loop=3727     P=  -4.86 R=   0.50 Y=  57.95 jitter=1989ns
TS=856.748359005 loop=3728     P=  -4.78 R=   0.61 Y=  57.25 jitter=1729ns
TS=856.753358782 loop=3729     P=  -4.68 R=   0.70 Y=  56.57 jitter=1506ns
TS=856.758358614 loop=3730     P=  -4.57 R=   0.82 Y=  55.89 jitter=1338ns
TS=856.763359503 loop=3731     P=  -4.44 R=   0.90 Y=  55.21 jitter=2227ns
TS=856.768359039 loop=3732     P=  -4.33 R=   1.04 Y=  54.53 jitter=1763ns
TS=856.773358593 loop=3733     P=  -4.25 R=   1.19 Y=  53.84 jitter=1317ns
TS=856.778358648 loop=3734     P=  -4.16 R=   1.29 Y=  53.14 jitter=1372ns
TS=856.783358610 loop=3735     P=  -4.08 R=   1.40 Y=  52.43 jitter=1334ns
TS=856.788358665 loop=3736     P=  -4.00 R=   1.51 Y=  51.72 jitter=1389ns
TS=856.793358997 loop=3737     P=  -3.92 R=   1.62 Y=  51.00 jitter=1721ns
TS=856.798359404 loop=3738     P=  -3.86 R=   1.72 Y=  50.28 jitter=2128ns
TS=856.803359033 loop=3739     P=  -3.80 R=   1.84 Y=  49.56 jitter=1757ns
TS=856.808358643 loop=3740     P=  -3.72 R=   1.97 Y=  48.86 jitter=1367ns
TS=856.813358624 loop=3741     P=  -3.61 R=   2.12 Y=  48.16 jitter=1348ns
TS=856.818358641 loop=3742     P=  -3.48 R=   2.25 Y=  47.47 jitter=1365ns
TS=856.823358640 loop=3743     P=  -3.38 R=   2.44 Y=  46.80 jitter=1364ns
TS=856.828358677 loop=3744     P=  -3.30 R=   2.57 Y=  46.13 jitter=1401ns
TS=856.833358639 loop=3745     P=  -3.23 R=   2.71 Y=  45.47 jitter=1363ns
TS=856.838358990 loop=3746     P=  -3.16 R=   2.85 Y=  44.81 jitter=1714ns
TS=856.843358656 loop=3747     P=  -3.10 R=   2.96 Y=  44.16 jitter=1380ns
TS=856.848359877 loop=3748     P=  -3.01 R=   3.03 Y=  43.51 jitter=2601ns
TS=856.853358654 loop=3749     P=  -2.95 R=   3.12 Y=  42.86 jitter=1378ns
TS=856.858358616 loop=3750     P=  -2.86 R=   3.22 Y=  42.22 jitter=1340ns
TS=856.863359004 loop=3751     P=  -2.77 R=   3.28 Y=  41.58 jitter=1728ns
TS=856.868358818 loop=3752     P=  -2.71 R=   3.35 Y=  40.95 jitter=1542ns
TS=856.873358595 loop=3753     P=  -2.65 R=   3.41 Y=  40.30 jitter=1319ns
TS=856.878358613 loop=3754     P=  -2.59 R=   3.49 Y=  39.66 jitter=1337ns
TS=856.883358630 loop=3755     P=  -2.51 R=   3.54 Y=  39.01 jitter=1354ns
TS=856.888358629 loop=3756     P=  -2.43 R=   3.58 Y=  38.37 jitter=1353ns
TS=856.893358980 loop=3757     P=  -2.36 R=   3.62 Y=  37.73 jitter=1704ns
TS=856.898359554 loop=3758     P=  -2.28 R=   3.68 Y=  37.12 jitter=2278ns
TS=856.903358979 loop=3759     P=  -2.22 R=   3.71 Y=  36.52 jitter=1703ns
TS=856.908358644 loop=3760     P=  -2.18 R=   3.77 Y=  35.94 jitter=1368ns
TS=856.913359051 loop=3761     P=  -2.15 R=   3.82 Y=  35.38 jitter=1775ns
TS=856.918358624 loop=3762     P=  -2.14 R=   3.90 Y=  34.83 jitter=1348ns
TS=856.923358586 loop=3763     P=  -2.14 R=   3.98 Y=  34.30 jitter=1310ns
TS=856.928358752 loop=3764     P=  -2.12 R=   4.07 Y=  33.78 jitter=1476ns
TS=856.933358659 loop=3765     P=  -2.10 R=   4.17 Y=  33.26 jitter=1383ns
TS=856.938358639 loop=3766     P=  -2.11 R=   4.28 Y=  32.75 jitter=1363ns
TS=856.943358953 loop=3767     P=  -2.10 R=   4.41 Y=  32.25 jitter=1677ns
TS=856.948359415 loop=3768     P=  -2.10 R=   4.55 Y=  31.75 jitter=2139ns
TS=856.953358600 loop=3769     P=  -2.06 R=   4.72 Y=  31.27 jitter=1324ns
TS=856.958358673 loop=3770     P=  -2.01 R=   4.88 Y=  30.79 jitter=1397ns
TS=856.963358598 loop=3771     P=  -1.93 R=   5.05 Y=  30.32 jitter=1322ns
TS=856.968358616 loop=3772     P=  -1.84 R=   5.25 Y=  29.87 jitter=1340ns
TS=856.973358596 loop=3773     P=  -1.74 R=   5.45 Y=  29.44 jitter=1320ns
TS=856.978358633 loop=3774     P=  -1.63 R=   5.63 Y=  29.02 jitter=1357ns
TS=856.983358632 loop=3775     P=  -1.57 R=   5.80 Y=  28.62 jitter=1356ns
TS=856.988359001 loop=3776     P=  -1.53 R=   5.93 Y=  28.24 jitter=1725ns
TS=856.993358982 loop=3777     P=  -1.52 R=   6.06 Y=  27.87 jitter=1706ns
TS=856.998359203 loop=3778     P=  -1.54 R=   6.15 Y=  27.50 jitter=1927ns
TS=857.003358999 loop=3779     P=  -1.57 R=   6.20 Y=  27.14 jitter=1723ns
TS=857.008358646 loop=3780     P=  -1.61 R=   6.25 Y=  26.79 jitter=1370ns
TS=857.013358719 loop=3781     P=  -1.65 R=   6.27 Y=  26.44 jitter=1443ns
TS=857.018358644 loop=3782     P=  -1.70 R=   6.30 Y=  26.09 jitter=1368ns
TS=857.023358625 loop=3783     P=  -1.74 R=   6.33 Y=  25.74 jitter=1349ns
TS=857.028358624 loop=3784     P=  -1.79 R=   6.39 Y=  25.38 jitter=1348ns
TS=857.033358605 loop=3785     P=  -1.83 R=   6.51 Y=  25.02 jitter=1329ns
TS=857.038358974 loop=3786     P=  -1.87 R=   6.67 Y=  24.66 jitter=1698ns
TS=857.043358936 loop=3787     P=  -1.89 R=   6.88 Y=  24.29 jitter=1660ns
TS=857.048359658 loop=3788     P=  -1.88 R=   7.10 Y=  23.91 jitter=2382ns
TS=857.053359009 loop=3789     P=  -1.85 R=   7.32 Y=  23.53 jitter=1733ns
TS=857.058358637 loop=3790     P=  -1.78 R=   7.60 Y=  23.14 jitter=1361ns
TS=857.063358581 loop=3791     P=  -1.68 R=   7.89 Y=  22.76 jitter=1305ns
TS=857.068358654 loop=3792     P=  -1.59 R=   8.17 Y=  22.37 jitter=1378ns
TS=857.073358616 loop=3793     P=  -1.53 R=   8.44 Y=  21.98 jitter=1340ns
TS=857.078359004 loop=3794     P=  -1.46 R=   8.69 Y=  21.59 jitter=1728ns
TS=857.083358614 loop=3795     P=  -1.41 R=   8.88 Y=  21.19 jitter=1338ns
TS=857.088358651 loop=3796     P=  -1.40 R=   9.05 Y=  20.80 jitter=1375ns
TS=857.093359039 loop=3797     P=  -1.38 R=   9.16 Y=  20.40 jitter=1763ns
TS=857.098359056 loop=3798     P=  -1.36 R=   9.24 Y=  20.01 jitter=1780ns
TS=857.103359018 loop=3799     P=  -1.36 R=   9.23 Y=  19.62 jitter=1742ns
TS=857.108358628 loop=3800     P=  -1.39 R=   9.17 Y=  19.23 jitter=1352ns
TS=857.113358628 loop=3801     P=  -1.45 R=   9.09 Y=  18.84 jitter=1352ns
TS=857.118358608 loop=3802     P=  -1.55 R=   9.00 Y=  18.46 jitter=1332ns
TS=857.123358867 loop=3803     P=  -1.65 R=   8.95 Y=  18.08 jitter=1591ns
TS=857.128359162 loop=3804     P=  -1.76 R=   8.92 Y=  17.69 jitter=1886ns
TS=857.133358624 loop=3805     P=  -1.88 R=   8.91 Y=  17.29 jitter=1348ns
TS=857.138358623 loop=3806     P=  -2.01 R=   8.93 Y=  16.88 jitter=1347ns
TS=857.143358622 loop=3807     P=  -2.12 R=   8.94 Y=  16.45 jitter=1346ns
TS=857.148359084 loop=3808     P=  -2.24 R=   8.97 Y=  16.02 jitter=1808ns
TS=857.153358621 loop=3809     P=  -2.34 R=   9.02 Y=  15.59 jitter=1345ns
TS=857.158358972 loop=3810     P=  -2.45 R=   9.04 Y=  15.14 jitter=1696ns
TS=857.163359582 loop=3811     P=  -2.56 R=   9.07 Y=  14.70 jitter=2306ns
TS=857.168358692 loop=3812     P=  -2.71 R=   9.04 Y=  14.24 jitter=1416ns
TS=857.173358710 loop=3813     P=  -2.86 R=   9.02 Y=  13.79 jitter=1434ns
TS=857.178358894 loop=3814     P=  -3.00 R=   8.94 Y=  13.34 jitter=1618ns
TS=857.183358837 loop=3815     P=  -3.19 R=   8.87 Y=  12.88 jitter=1561ns
TS=857.188359633 loop=3816     P=  -3.39 R=   8.81 Y=  12.43 jitter=2357ns
TS=857.193359151 loop=3817     P=  -3.58 R=   8.72 Y=  11.96 jitter=1875ns
TS=857.198359205 loop=3818     P=  -3.75 R=   8.64 Y=  11.48 jitter=1929ns
TS=857.203359278 loop=3819     P=  -3.92 R=   8.58 Y=  11.01 jitter=2002ns
TS=857.208359463 loop=3820     P=  -4.07 R=   8.52 Y=  10.53 jitter=2187ns
TS=857.213359054 loop=3821     P=  -4.23 R=   8.45 Y=  10.06 jitter=1778ns
TS=857.218358831 loop=3822     P=  -4.41 R=   8.44 Y=   9.59 jitter=1555ns
TS=857.223358904 loop=3823     P=  -4.58 R=   8.44 Y=   9.13 jitter=1628ns
TS=857.228359089 loop=3824     P=  -4.74 R=   8.44 Y=   8.66 jitter=1813ns
TS=857.233359273 loop=3825     P=  -4.91 R=   8.46 Y=   8.19 jitter=1997ns
TS=857.238358772 loop=3826     P=  -5.07 R=   8.44 Y=   7.72 jitter=1496ns
TS=857.243359308 loop=3827     P=  -5.22 R=   8.41 Y=   7.25 jitter=2032ns
TS=857.248359030 loop=3828     P=  -5.37 R=   8.34 Y=   6.77 jitter=1754ns
TS=857.253359029 loop=3829     P=  -5.50 R=   8.21 Y=   6.29 jitter=1753ns
TS=857.258359158 loop=3830     P=  -5.63 R=   8.06 Y=   5.81 jitter=1882ns
TS=857.263359120 loop=3831     P=  -5.74 R=   7.87 Y=   5.33 jitter=1844ns
TS=857.268358915 loop=3832     P=  -5.80 R=   7.63 Y=   4.85 jitter=1639ns
TS=857.273358692 loop=3833     P=  -5.86 R=   7.38 Y=   4.37 jitter=1416ns
TS=857.278358747 loop=3834     P=  -5.90 R=   7.12 Y=   3.91 jitter=1471ns
TS=857.283358968 loop=3835     P=  -5.93 R=   6.89 Y=   3.46 jitter=1692ns
TS=857.288359652 loop=3836     P=  -5.95 R=   6.66 Y=   3.02 jitter=2376ns
TS=857.293359151 loop=3837     P=  -5.96 R=   6.46 Y=   2.60 jitter=1875ns
TS=857.298359947 loop=3838     P=  -6.00 R=   6.31 Y=   2.19 jitter=2671ns
TS=857.303359057 loop=3839     P=  -6.02 R=   6.16 Y=   1.80 jitter=1781ns
TS=857.308358686 loop=3840     P=  -6.03 R=   6.02 Y=   1.43 jitter=1410ns
TS=857.313358963 loop=3841     P=  -6.01 R=   5.88 Y=   1.07 jitter=1687ns
TS=857.318358684 loop=3842     P=  -5.95 R=   5.69 Y=   0.73 jitter=1408ns
TS=857.323358739 loop=3843     P=  -5.90 R=   5.53 Y=   0.41 jitter=1463ns
TS=857.328358886 loop=3844     P=  -5.85 R=   5.35 Y=   0.11 jitter=1610ns
TS=857.333358774 loop=3845     P=  -5.80 R=   5.16 Y=  -0.15 jitter=1498ns
TS=857.338359069 loop=3846     P=  -5.76 R=   4.96 Y=  -0.39 jitter=1793ns
TS=857.343358976 loop=3847     P=  -5.73 R=   4.77 Y=  -0.59 jitter=1700ns
TS=857.348359790 loop=3848     P=  -5.70 R=   4.63 Y=  -0.76 jitter=2514ns
TS=857.353359048 loop=3849     P=  -5.69 R=   4.53 Y=  -0.89 jitter=1772ns
TS=857.358358695 loop=3850     P=  -5.68 R=   4.46 Y=  -1.00 jitter=1419ns
TS=857.363358787 loop=3851     P=  -5.65 R=   4.41 Y=  -1.08 jitter=1511ns
TS=857.368358712 loop=3852     P=  -5.61 R=   4.38 Y=  -1.12 jitter=1436ns
TS=857.373358582 loop=3853     P=  -5.56 R=   4.33 Y=  -1.14 jitter=1306ns
TS=857.378358710 loop=3854     P=  -5.50 R=   4.27 Y=  -1.13 jitter=1434ns
TS=857.383358802 loop=3855     P=  -5.44 R=   4.22 Y=  -1.09 jitter=1526ns
TS=857.388359246 loop=3856     P=  -5.38 R=   4.17 Y=  -1.01 jitter=1970ns
TS=857.393358782 loop=3857     P=  -5.32 R=   4.13 Y=  -0.91 jitter=1506ns
TS=857.398359225 loop=3858     P=  -5.25 R=   4.10 Y=  -0.79 jitter=1949ns
TS=857.403359076 loop=3859     P=  -5.16 R=   4.04 Y=  -0.63 jitter=1800ns
TS=857.408358594 loop=3860     P=  -5.04 R=   3.97 Y=  -0.45 jitter=1318ns
TS=857.413358612 loop=3861     P=  -4.90 R=   3.92 Y=  -0.23 jitter=1336ns
TS=857.418358907 loop=3862     P=  -4.77 R=   3.90 Y=   0.02 jitter=1631ns
TS=857.423358721 loop=3863     P=  -4.66 R=   3.90 Y=   0.32 jitter=1445ns
TS=857.428358757 loop=3864     P=  -4.56 R=   3.94 Y=   0.65 jitter=1481ns
TS=857.433358738 loop=3865     P=  -4.49 R=   4.01 Y=   1.01 jitter=1462ns
TS=857.438358792 loop=3866     P=  -4.42 R=   4.09 Y=   1.39 jitter=1516ns
TS=857.443359458 loop=3867     P=  -4.33 R=   4.19 Y=   1.80 jitter=2182ns
TS=857.448359624 loop=3868     P=  -4.24 R=   4.28 Y=   2.23 jitter=2348ns
TS=857.453359160 loop=3869     P=  -4.14 R=   4.35 Y=   2.68 jitter=1884ns
TS=857.458358770 loop=3870     P=  -4.03 R=   4.40 Y=   3.15 jitter=1494ns
TS=857.463358918 loop=3871     P=  -3.95 R=   4.43 Y=   3.65 jitter=1642ns
TS=857.468359565 loop=3872     P=  -3.89 R=   4.48 Y=   4.17 jitter=2289ns
TS=857.473358842 loop=3873     P=  -3.85 R=   4.52 Y=   4.70 jitter=1566ns
TS=857.478358674 loop=3874     P=  -3.82 R=   4.62 Y=   5.26 jitter=1398ns
TS=857.483358803 loop=3875     P=  -3.78 R=   4.71 Y=   5.84 jitter=1527ns
TS=857.488359228 loop=3876     P=  -3.73 R=   4.79 Y=   6.42 jitter=1952ns
TS=857.493358931 loop=3877     P=  -3.68 R=   4.89 Y=   7.02 jitter=1655ns
TS=857.498359152 loop=3878     P=  -3.64 R=   4.95 Y=   7.63 jitter=1876ns
TS=857.503359040 loop=3879     P=  -3.59 R=   5.00 Y=   8.24 jitter=1764ns
TS=857.508358706 loop=3880     P=  -3.56 R=   5.00 Y=   8.86 jitter=1430ns
TS=857.513358742 loop=3881     P=  -3.55 R=   5.02 Y=   9.50 jitter=1466ns
TS=857.518358686 loop=3882     P=  -3.53 R=   5.01 Y=  10.14 jitter=1410ns
TS=857.523358814 loop=3883     P=  -3.55 R=   4.95 Y=  10.78 jitter=1538ns
TS=857.528358647 loop=3884     P=  -3.57 R=   4.89 Y=  11.43 jitter=1371ns
TS=857.533358683 loop=3885     P=  -3.56 R=   4.83 Y=  12.08 jitter=1407ns
TS=857.538358590 loop=3886     P=  -3.55 R=   4.71 Y=  12.75 jitter=1314ns
TS=857.543359311 loop=3887     P=  -3.52 R=   4.59 Y=  13.42 jitter=2035ns
TS=857.548359940 loop=3888     P=  -3.48 R=   4.49 Y=  14.11 jitter=2664ns
TS=857.553358994 loop=3889     P=  -3.46 R=   4.42 Y=  14.82 jitter=1718ns
TS=857.558358790 loop=3890     P=  -3.48 R=   4.37 Y=  15.54 jitter=1514ns
TS=857.563358733 loop=3891     P=  -3.54 R=   4.36 Y=  16.26 jitter=1457ns
TS=857.568358603 loop=3892     P=  -3.65 R=   4.39 Y=  16.97 jitter=1327ns
TS=857.573358676 loop=3893     P=  -3.77 R=   4.44 Y=  17.68 jitter=1400ns
TS=857.578358601 loop=3894     P=  -3.90 R=   4.52 Y=  18.36 jitter=1325ns
TS=857.583358674 loop=3895     P=  -4.02 R=   4.58 Y=  19.04 jitter=1398ns
TS=857.588358710 loop=3896     P=  -4.14 R=   4.68 Y=  19.70 jitter=1434ns
TS=857.593358691 loop=3897     P=  -4.24 R=   4.77 Y=  20.34 jitter=1415ns
TS=857.598359542 loop=3898     P=  -4.32 R=   4.87 Y=  20.98 jitter=2266ns
TS=857.603358986 loop=3899     P=  -4.38 R=   4.97 Y=  21.59 jitter=1710ns
TS=857.608359244 loop=3900     P=  -4.41 R=   5.05 Y=  22.20 jitter=1968ns
TS=857.613358891 loop=3901     P=  -4.45 R=   5.13 Y=  22.79 jitter=1615ns
TS=857.618359279 loop=3902     P=  -4.47 R=   5.23 Y=  23.38 jitter=2003ns
TS=857.623358704 loop=3903     P=  -4.47 R=   5.26 Y=  23.96 jitter=1428ns
TS=857.628358648 loop=3904     P=  -4.47 R=   5.27 Y=  24.53 jitter=1372ns
TS=857.633358610 loop=3905     P=  -4.45 R=   5.27 Y=  25.10 jitter=1334ns
TS=857.638358609 loop=3906     P=  -4.43 R=   5.29 Y=  25.68 jitter=1333ns
TS=857.643359015 loop=3907     P=  -4.43 R=   5.30 Y=  26.25 jitter=1739ns
TS=857.648359070 loop=3908     P=  -4.44 R=   5.28 Y=  26.83 jitter=1794ns
TS=857.653359143 loop=3909     P=  -4.47 R=   5.21 Y=  27.40 jitter=1867ns
TS=857.658358994 loop=3910     P=  -4.50 R=   5.19 Y=  27.98 jitter=1718ns
TS=857.663359419 loop=3911     P=  -4.52 R=   5.22 Y=  28.57 jitter=2143ns
TS=857.668360270 loop=3912     P=  -4.54 R=   5.21 Y=  29.15 jitter=2994ns
TS=857.673358751 loop=3913     P=  -4.57 R=   5.22 Y=  29.73 jitter=1475ns
TS=857.678358787 loop=3914     P=  -4.61 R=   5.23 Y=  30.30 jitter=1511ns
TS=857.683359268 loop=3915     P=  -4.63 R=   5.25 Y=  30.87 jitter=1992ns
TS=857.688358693 loop=3916     P=  -4.64 R=   5.29 Y=  31.44 jitter=1417ns
TS=857.693359247 loop=3917     P=  -4.64 R=   5.37 Y=  32.00 jitter=1971ns
TS=857.698359265 loop=3918     P=  -4.61 R=   5.34 Y=  32.56 jitter=1989ns
TS=857.703359227 loop=3919     P=  -4.60 R=   5.30 Y=  33.12 jitter=1951ns
TS=857.708358763 loop=3920     P=  -4.60 R=   5.31 Y=  33.68 jitter=1487ns
TS=857.713359318 loop=3921     P=  -4.60 R=   5.33 Y=  34.23 jitter=2042ns
TS=857.718359150 loop=3922     P=  -4.61 R=   5.31 Y=  34.77 jitter=1874ns
TS=857.723358890 loop=3923     P=  -4.59 R=   5.25 Y=  35.32 jitter=1614ns
TS=857.728358908 loop=3924     P=  -4.58 R=   5.19 Y=  35.87 jitter=1632ns
TS=857.733358870 loop=3925     P=  -4.59 R=   5.14 Y=  36.42 jitter=1594ns
TS=857.738358758 loop=3926     P=  -4.58 R=   5.16 Y=  36.97 jitter=1482ns
TS=857.743358998 loop=3927     P=  -4.57 R=   5.18 Y=  37.52 jitter=1722ns
TS=857.748359201 loop=3928     P=  -4.59 R=   5.21 Y=  38.08 jitter=1925ns
TS=857.753359181 loop=3929     P=  -4.60 R=   5.21 Y=  38.64 jitter=1905ns
TS=857.758359310 loop=3930     P=  -4.58 R=   5.14 Y=  39.20 jitter=2034ns
TS=857.763359494 loop=3931     P=  -4.56 R=   5.13 Y=  39.77 jitter=2218ns
TS=857.768359345 loop=3932     P=  -4.51 R=   5.15 Y=  40.35 jitter=2069ns
TS=857.773359159 loop=3933     P=  -4.43 R=   4.99 Y=  40.93 jitter=1883ns
TS=857.778358732 loop=3934     P=  -4.40 R=   4.98 Y=  41.52 jitter=1456ns
TS=857.783358620 loop=3935     P=  -4.44 R=   5.02 Y=  42.12 jitter=1344ns
TS=857.788358712 loop=3936     P=  -4.44 R=   4.96 Y=  42.71 jitter=1436ns
TS=857.793359433 loop=3937     P=  -4.47 R=   5.02 Y=  43.30 jitter=2157ns
TS=857.798358988 loop=3938     P=  -4.46 R=   5.09 Y=  43.89 jitter=1712ns
TS=857.803358709 loop=3939     P=  -4.42 R=   5.14 Y=  44.48 jitter=1433ns
TS=857.808358616 loop=3940     P=  -4.40 R=   5.22 Y=  45.09 jitter=1340ns
TS=857.813360411 loop=3941     P=  -4.43 R=   5.29 Y=  45.70 jitter=3135ns
TS=857.818358929 loop=3942     P=  -4.46 R=   5.32 Y=  46.30 jitter=1653ns
TS=857.823358817 loop=3943     P=  -4.52 R=   5.37 Y=  46.90 jitter=1541ns
TS=857.828358594 loop=3944     P=  -4.56 R=   5.40 Y=  47.50 jitter=1318ns
TS=857.833358778 loop=3945     P=  -4.60 R=   5.40 Y=  48.10 jitter=1502ns
TS=857.838358888 loop=3946     P=  -4.61 R=   5.34 Y=  48.70 jitter=1612ns
TS=857.843358684 loop=3947     P=  -4.64 R=   5.26 Y=  49.30 jitter=1408ns
TS=857.848358757 loop=3948     P=  -4.64 R=   5.17 Y=  49.91 jitter=1481ns
TS=857.853359182 loop=3949     P=  -4.67 R=   5.07 Y=  50.53 jitter=1906ns
TS=857.858358626 loop=3950     P=  -4.75 R=   4.98 Y=  51.17 jitter=1350ns
TS=857.863359514 loop=3951     P=  -4.83 R=   4.86 Y=  51.81 jitter=2238ns
TS=857.868359550 loop=3952     P=  -4.96 R=   4.71 Y=  52.45 jitter=2274ns
TS=857.873358660 loop=3953     P=  -5.11 R=   4.53 Y=  53.08 jitter=1384ns
TS=857.878358844 loop=3954     P=  -5.23 R=   4.40 Y=  53.71 jitter=1568ns
TS=857.883358603 loop=3955     P=  -5.31 R=   4.26 Y=  54.33 jitter=1327ns
TS=857.888359028 loop=3956     P=  -5.42 R=   4.15 Y=  54.94 jitter=1752ns
TS=857.893358749 loop=3957     P=  -5.49 R=   4.11 Y=  55.54 jitter=1473ns
TS=857.898358693 loop=3958     P=  -5.54 R=   4.07 Y=  56.14 jitter=1417ns
TS=857.903358636 loop=3959     P=  -5.61 R=   4.04 Y=  56.72 jitter=1360ns
TS=857.908359265 loop=3960     P=  -5.65 R=   4.02 Y=  57.29 jitter=1989ns
TS=857.913358783 loop=3961     P=  -5.66 R=   3.98 Y=  57.85 jitter=1507ns
TS=857.918359485 loop=3962     P=  -5.68 R=   3.98 Y=  58.41 jitter=2209ns
TS=857.923358966 loop=3963     P=  -5.69 R=   3.93 Y=  58.96 jitter=1690ns
TS=857.928358669 loop=3964     P=  -5.72 R=   3.86 Y=  59.52 jitter=1393ns
TS=857.933359075 loop=3965     P=  -5.76 R=   3.75 Y=  60.09 jitter=1799ns
TS=857.938358704 loop=3966     P=  -5.83 R=   3.63 Y=  60.67 jitter=1428ns
TS=857.943358944 loop=3967     P=  -5.88 R=   3.50 Y=  61.27 jitter=1668ns
TS=857.948358758 loop=3968     P=  -5.97 R=   3.30 Y=  61.87 jitter=1482ns
TS=857.953358739 loop=3969     P=  -6.09 R=   3.11 Y=  62.49 jitter=1463ns
TS=857.958359034 loop=3970     P=  -6.19 R=   2.95 Y=  63.11 jitter=1758ns
TS=857.963358903 loop=3971     P=  -6.30 R=   2.80 Y=  63.74 jitter=1627ns
TS=857.968359477 loop=3972     P=  -6.38 R=   2.68 Y=  64.38 jitter=2201ns
TS=857.973358735 loop=3973     P=  -6.46 R=   2.50 Y=  65.01 jitter=1459ns
TS=857.978358697 loop=3974     P=  -6.51 R=   2.34 Y=  65.65 jitter=1421ns
TS=857.983358937 loop=3975     P=  -6.59 R=   2.12 Y=  66.28 jitter=1661ns
TS=857.988359288 loop=3976     P=  -6.72 R=   1.98 Y=  66.92 jitter=2012ns
TS=857.993359268 loop=3977     P=  -6.82 R=   1.82 Y=  67.56 jitter=1992ns
TS=857.998359101 loop=3978     P=  -6.92 R=   1.76 Y=  68.19 jitter=1825ns
TS=858.003359285 loop=3979     P=  -7.03 R=   1.63 Y=  68.82 jitter=2009ns
TS=858.008359395 loop=3980     P=  -7.15 R=   1.54 Y=  69.44 jitter=2119ns
TS=858.013358691 loop=3981     P=  -7.26 R=   1.43 Y=  70.06 jitter=1415ns
TS=858.018358801 loop=3982     P=  -7.35 R=   1.34 Y=  70.68 jitter=1525ns
TS=858.023358819 loop=3983     P=  -7.44 R=   1.23 Y=  71.29 jitter=1543ns
TS=858.028358688 loop=3984     P=  -7.49 R=   1.13 Y=  71.91 jitter=1412ns
TS=858.033358687 loop=3985     P=  -7.51 R=   0.97 Y=  72.53 jitter=1411ns
TS=858.038358724 loop=3986     P=  -7.57 R=   0.86 Y=  73.15 jitter=1448ns
TS=858.043358667 loop=3987     P=  -7.62 R=   0.76 Y=  73.79 jitter=1391ns
TS=858.048359203 loop=3988     P=  -7.68 R=   0.55 Y=  74.42 jitter=1927ns
TS=858.053359925 loop=3989     P=  -7.76 R=   0.39 Y=  75.07 jitter=2649ns
TS=858.058358701 loop=3990     P=  -7.85 R=   0.26 Y=  75.72 jitter=1425ns
TS=858.063359182 loop=3991     P=  -7.95 R=   0.10 Y=  76.38 jitter=1906ns
TS=858.068358829 loop=3992     P=  -8.09 R=  -0.09 Y=  77.04 jitter=1553ns
TS=858.073358754 loop=3993     P=  -8.22 R=  -0.27 Y=  77.70 jitter=1478ns
TS=858.078358938 loop=3994     P=  -8.35 R=  -0.43 Y=  78.36 jitter=1662ns
TS=858.083358678 loop=3995     P=  -8.44 R=  -0.59 Y=  79.03 jitter=1402ns
TS=858.088359011 loop=3996     P=  -8.53 R=  -0.73 Y=  79.69 jitter=1735ns
TS=858.093358806 loop=3997     P=  -8.62 R=  -0.83 Y=  80.35 jitter=1530ns
TS=858.098359157 loop=3998     P=  -8.71 R=  -0.93 Y=  81.00 jitter=1881ns
TS=858.103358841 loop=3999     P=  -8.78 R=  -1.08 Y=  81.64 jitter=1565ns
TS=858.108359489 loop=4000     P=  -8.86 R=  -1.26 Y=  82.27 jitter=2213ns
TS=858.113359506 loop=4001     P=  -8.93 R=  -1.39 Y=  82.90 jitter=2230ns
TS=858.118359320 loop=4002     P=  -8.97 R=  -1.51 Y=  83.53 jitter=2044ns
TS=858.123358652 loop=4003     P=  -8.99 R=  -1.63 Y=  84.15 jitter=1376ns
TS=858.128358670 loop=4004     P=  -9.00 R=  -1.71 Y=  84.78 jitter=1394ns
TS=858.133358577 loop=4005     P=  -9.00 R=  -1.80 Y=  85.41 jitter=1301ns
TS=858.138358613 loop=4006     P=  -9.02 R=  -1.91 Y=  86.04 jitter=1337ns
TS=858.143358630 loop=4007     P=  -9.02 R=  -1.95 Y=  86.69 jitter=1354ns
TS=858.148359815 loop=4008     P=  -9.04 R=  -1.99 Y=  87.35 jitter=2539ns
TS=858.153358647 loop=4009     P=  -9.04 R=  -2.05 Y=  88.00 jitter=1371ns
TS=858.158358572 loop=4010     P=  -9.04 R=  -2.16 Y=  88.65 jitter=1296ns
TS=858.163359293 loop=4011     P=  -9.07 R=  -2.33 Y=  89.30 jitter=2017ns
TS=858.168358941 loop=4012     P=  -9.11 R=  -2.50 Y=  89.94 jitter=1665ns
TS=858.173358903 loop=4013     P=  -9.15 R=  -2.67 Y=  90.57 jitter=1627ns
TS=858.178358883 loop=4014     P=  -9.20 R=  -2.94 Y=  91.18 jitter=1607ns
TS=858.183359067 loop=4015     P=  -9.20 R=  -3.08 Y=  91.80 jitter=1791ns
TS=858.188358900 loop=4016     P=  -9.22 R=  -3.22 Y=  92.39 jitter=1624ns
TS=858.193358825 loop=4017     P=  -9.25 R=  -3.30 Y=  92.98 jitter=1549ns
TS=858.198359435 loop=4018     P=  -9.27 R=  -3.40 Y=  93.54 jitter=2159ns
TS=858.203359397 loop=4019     P=  -9.26 R=  -3.38 Y=  94.09 jitter=2121ns
TS=858.208358785 loop=4020     P=  -9.22 R=  -3.34 Y=  94.62 jitter=1509ns
TS=858.213359266 loop=4021     P=  -9.17 R=  -3.45 Y=  95.13 jitter=1990ns
TS=858.218358931 loop=4022     P=  -9.10 R=  -3.52 Y=  95.64 jitter=1655ns
TS=858.223358893 loop=4023     P=  -9.02 R=  -3.52 Y=  96.15 jitter=1617ns
TS=858.228358707 loop=4024     P=  -8.90 R=  -3.53 Y=  96.64 jitter=1431ns
TS=858.233358762 loop=4025     P=  -8.77 R=  -3.49 Y=  97.13 jitter=1486ns
TS=858.238359724 loop=4026     P=  -8.67 R=  -3.57 Y=  97.61 jitter=2448ns
TS=858.243359056 loop=4027     P=  -8.60 R=  -3.62 Y=  98.08 jitter=1780ns
TS=858.248359111 loop=4028     P=  -8.55 R=  -3.73 Y=  98.54 jitter=1835ns
TS=858.253359573 loop=4029     P=  -8.52 R=  -3.87 Y=  99.00 jitter=2297ns
TS=858.258359683 loop=4030     P=  -8.52 R=  -4.02 Y=  99.45 jitter=2407ns
TS=858.263359775 loop=4031     P=  -8.51 R=  -4.16 Y=  99.90 jitter=2499ns
TS=858.268358811 loop=4032     P=  -8.47 R=  -4.28 Y= 100.35 jitter=1535ns
TS=858.273359662 loop=4033     P=  -8.43 R=  -4.22 Y= 100.80 jitter=2386ns
TS=858.278358698 loop=4034     P=  -8.33 R=  -4.19 Y= 101.22 jitter=1422ns
TS=858.283358975 loop=4035     P=  -8.17 R=  -4.29 Y= 101.63 jitter=1699ns
TS=858.288359048 loop=4036     P=  -8.01 R=  -4.26 Y= 102.04 jitter=1772ns
TS=858.293358658 loop=4037     P=  -7.89 R=  -4.07 Y= 102.42 jitter=1382ns
TS=858.298359176 loop=4038     P=  -7.70 R=  -4.07 Y= 102.77 jitter=1900ns
TS=858.303358620 loop=4039     P=  -7.51 R=  -4.28 Y= 103.10 jitter=1344ns
TS=858.308358637 loop=4040     P=  -7.37 R=  -4.43 Y= 103.45 jitter=1361ns
TS=858.313358618 loop=4041     P=  -7.24 R=  -4.56 Y= 103.79 jitter=1342ns
TS=858.318358654 loop=4042     P=  -7.11 R=  -4.73 Y= 104.13 jitter=1378ns
TS=858.323358634 loop=4043     P=  -6.98 R=  -4.90 Y= 104.49 jitter=1358ns
TS=858.328358985 loop=4044     P=  -6.86 R=  -4.95 Y= 104.85 jitter=1709ns
TS=858.333358596 loop=4045     P=  -6.76 R=  -5.14 Y= 105.21 jitter=1320ns
TS=858.338358595 loop=4046     P=  -6.63 R=  -5.29 Y= 105.58 jitter=1319ns
TS=858.343358612 loop=4047     P=  -6.50 R=  -5.43 Y= 105.96 jitter=1336ns
TS=858.348359445 loop=4048     P=  -6.34 R=  -5.56 Y= 106.34 jitter=2169ns
TS=858.353358592 loop=4049     P=  -6.18 R=  -5.69 Y= 106.71 jitter=1316ns
TS=858.358358610 loop=4050     P=  -6.01 R=  -5.76 Y= 107.08 jitter=1334ns
TS=858.363358609 loop=4051     P=  -5.82 R=  -5.79 Y= 107.44 jitter=1333ns
TS=858.368358645 loop=4052     P=  -5.66 R=  -5.80 Y= 107.78 jitter=1369ns
TS=858.373358625 loop=4053     P=  -5.52 R=  -5.79 Y= 108.09 jitter=1349ns
TS=858.378359013 loop=4054     P=  -5.36 R=  -5.80 Y= 108.39 jitter=1737ns
TS=858.383358753 loop=4055     P=  -5.21 R=  -5.83 Y= 108.66 jitter=1477ns
TS=858.388358937 loop=4056     P=  -5.10 R=  -5.85 Y= 108.90 jitter=1661ns
TS=858.393358974 loop=4057     P=  -4.99 R=  -5.89 Y= 109.13 jitter=1698ns
TS=858.398359287 loop=4058     P=  -4.88 R=  -5.91 Y= 109.33 jitter=2011ns
TS=858.403359027 loop=4059     P=  -4.75 R=  -5.93 Y= 109.52 jitter=1751ns
TS=858.408358656 loop=4060     P=  -4.59 R=  -5.93 Y= 109.69 jitter=1380ns
TS=858.413358600 loop=4061     P=  -4.37 R=  -5.88 Y= 109.84 jitter=1324ns
TS=858.418358895 loop=4062     P=  -4.18 R=  -5.83 Y= 109.96 jitter=1619ns
TS=858.423359024 loop=4063     P=  -3.99 R=  -5.80 Y= 110.07 jitter=1748ns
TS=858.428358763 loop=4064     P=  -3.87 R=  -5.80 Y= 110.14 jitter=1487ns
TS=858.433358633 loop=4065     P=  -3.76 R=  -5.79 Y= 110.19 jitter=1357ns
TS=858.438358576 loop=4066     P=  -3.68 R=  -5.81 Y= 110.21 jitter=1300ns
TS=858.443358613 loop=4067     P=  -3.61 R=  -5.80 Y= 110.21 jitter=1337ns
TS=858.448359889 loop=4068     P=  -3.54 R=  -5.77 Y= 110.17 jitter=2613ns
TS=858.453358611 loop=4069     P=  -3.47 R=  -5.74 Y= 110.10 jitter=1335ns
TS=858.458358591 loop=4070     P=  -3.40 R=  -5.70 Y= 110.00 jitter=1315ns
TS=858.463358590 loop=4071     P=  -3.33 R=  -5.65 Y= 109.88 jitter=1314ns
TS=858.468358664 loop=4072     P=  -3.25 R=  -5.56 Y= 109.72 jitter=1388ns
TS=858.473358607 loop=4073     P=  -3.19 R=  -5.47 Y= 109.54 jitter=1331ns
TS=858.478358699 loop=4074     P=  -3.13 R=  -5.38 Y= 109.34 jitter=1423ns
TS=858.483358790 loop=4075     P=  -3.06 R=  -5.29 Y= 109.11 jitter=1514ns
TS=858.488359030 loop=4076     P=  -2.98 R=  -5.18 Y= 108.86 jitter=1754ns
TS=858.493358974 loop=4077     P=  -2.91 R=  -5.06 Y= 108.59 jitter=1698ns
TS=858.498359380 loop=4078     P=  -2.84 R=  -4.91 Y= 108.30 jitter=2104ns
TS=858.503359028 loop=4079     P=  -2.78 R=  -4.75 Y= 107.97 jitter=1752ns
TS=858.508358619 loop=4080     P=  -2.73 R=  -4.60 Y= 107.62 jitter=1343ns
TS=858.513358711 loop=4081     P=  -2.70 R=  -4.46 Y= 107.24 jitter=1435ns
TS=858.518358636 loop=4082     P=  -2.69 R=  -4.33 Y= 106.83 jitter=1360ns
TS=858.523358598 loop=4083     P=  -2.71 R=  -4.20 Y= 106.38 jitter=1322ns
TS=858.528358745 loop=4084     P=  -2.75 R=  -4.10 Y= 105.91 jitter=1469ns
TS=858.533358633 loop=4085     P=  -2.79 R=  -4.02 Y= 105.40 jitter=1357ns
TS=858.538358632 loop=4086     P=  -2.84 R=  -3.98 Y= 104.87 jitter=1356ns
TS=858.543359002 loop=4087     P=  -2.90 R=  -3.98 Y= 104.31 jitter=1726ns
TS=858.548359871 loop=4088     P=  -2.97 R=  -3.96 Y= 103.74 jitter=2595ns
TS=858.553358629 loop=4089     P=  -3.04 R=  -3.94 Y= 103.15 jitter=1353ns
TS=858.558358610 loop=4090     P=  -3.14 R=  -3.91 Y= 102.54 jitter=1334ns
TS=858.563358572 loop=4091     P=  -3.28 R=  -3.90 Y= 101.93 jitter=1296ns
TS=858.568358645 loop=4092     P=  -3.43 R=  -3.92 Y= 101.32 jitter=1369ns
TS=858.573358626 loop=4093     P=  -3.57 R=  -3.92 Y= 100.70 jitter=1350ns
TS=858.578358643 loop=4094     P=  -3.72 R=  -3.94 Y= 100.09 jitter=1367ns
TS=858.583358605 loop=4095     P=  -3.88 R=  -3.99 Y=  99.49 jitter=1329ns
TS=858.588358975 loop=4096     P=  -4.02 R=  -4.02 Y=  98.89 jitter=1699ns
TS=858.593358993 loop=4097     P=  -4.21 R=  -4.03 Y=  98.30 jitter=1717ns
TS=858.598359455 loop=4098     P=  -4.38 R=  -4.08 Y=  97.71 jitter=2179ns
TS=858.603358991 loop=4099     P=  -4.55 R=  -4.15 Y=  97.12 jitter=1715ns
TS=858.608358638 loop=4100     P=  -4.74 R=  -4.25 Y=  96.53 jitter=1362ns
TS=858.613358600 loop=4101     P=  -4.92 R=  -4.38 Y=  95.94 jitter=1324ns
TS=858.618358636 loop=4102     P=  -5.10 R=  -4.49 Y=  95.35 jitter=1360ns
TS=858.623358635 loop=4103     P=  -5.29 R=  -4.54 Y=  94.77 jitter=1359ns
TS=858.628358671 loop=4104     P=  -5.48 R=  -4.57 Y=  94.18 jitter=1395ns
TS=858.633358633 loop=4105     P=  -5.67 R=  -4.60 Y=  93.59 jitter=1357ns
TS=858.638358632 loop=4106     P=  -5.87 R=  -4.53 Y=  93.00 jitter=1356ns
TS=858.643358909 loop=4107     P=  -6.02 R=  -4.50 Y=  92.39 jitter=1633ns
TS=858.648359223 loop=4108     P=  -6.18 R=  -4.47 Y=  91.79 jitter=1947ns
TS=858.653358630 loop=4109     P=  -6.34 R=  -4.39 Y=  91.18 jitter=1354ns
TS=858.658358573 loop=4110     P=  -6.49 R=  -4.31 Y=  90.58 jitter=1297ns
TS=858.663358609 loop=4111     P=  -6.65 R=  -4.24 Y=  89.97 jitter=1333ns
TS=858.668358886 loop=4112     P=  -6.81 R=  -4.23 Y=  89.37 jitter=1610ns
TS=858.673358793 loop=4113     P=  -6.96 R=  -4.24 Y=  88.76 jitter=1517ns
TS=858.678358829 loop=4114     P=  -7.09 R=  -4.26 Y=  88.16 jitter=1553ns
TS=858.683359050 loop=4115     P=  -7.24 R=  -4.29 Y=  87.57 jitter=1774ns
TS=858.688360160 loop=4116     P=  -7.39 R=  -4.31 Y=  86.98 jitter=2884ns
TS=858.693358956 loop=4117     P=  -7.53 R=  -4.32 Y=  86.40 jitter=1680ns
TS=858.698359418 loop=4118     P=  -7.68 R=  -4.33 Y=  85.82 jitter=2142ns
TS=858.703359565 loop=4119     P=  -7.82 R=  -4.33 Y=  85.24 jitter=2289ns
TS=858.708359009 loop=4120     P=  -7.95 R=  -4.27 Y=  84.67 jitter=1733ns
TS=858.713359471 loop=4121     P=  -8.07 R=  -4.17 Y=  84.10 jitter=2195ns
TS=858.718358692 loop=4122     P=  -8.12 R=  -4.07 Y=  83.52 jitter=1416ns
TS=858.723358987 loop=4123     P=  -8.21 R=  -3.99 Y=  82.93 jitter=1711ns
TS=858.728359931 loop=4124     P=  -8.28 R=  -3.94 Y=  82.34 jitter=2655ns
TS=858.733358911 loop=4125     P=  -8.31 R=  -3.89 Y=  81.75 jitter=1635ns
TS=858.738358873 loop=4126     P=  -8.33 R=  -3.82 Y=  81.17 jitter=1597ns
TS=858.743358650 loop=4127     P=  -8.31 R=  -3.73 Y=  80.58 jitter=1374ns
TS=858.748359353 loop=4128     P=  -8.31 R=  -3.66 Y=  79.98 jitter=2077ns
TS=858.753358667 loop=4129     P=  -8.31 R=  -3.60 Y=  79.38 jitter=1391ns
TS=858.758358592 loop=4130     P=  -8.33 R=  -3.57 Y=  78.78 jitter=1316ns
TS=858.763359313 loop=4131     P=  -8.37 R=  -3.56 Y=  78.16 jitter=2037ns
TS=858.768358757 loop=4132     P=  -8.40 R=  -3.59 Y=  77.55 jitter=1481ns
TS=858.773358626 loop=4133     P=  -8.42 R=  -3.62 Y=  76.94 jitter=1350ns
TS=858.778358644 loop=4134     P=  -8.44 R=  -3.65 Y=  76.33 jitter=1368ns
TS=858.783358643 loop=4135     P=  -8.46 R=  -3.65 Y=  75.72 jitter=1367ns
TS=858.788359012 loop=4136     P=  -8.48 R=  -3.62 Y=  75.10 jitter=1736ns
TS=858.793358604 loop=4137     P=  -8.49 R=  -3.59 Y=  74.48 jitter=1328ns
TS=858.798359251 loop=4138     P=  -8.47 R=  -3.53 Y=  73.85 jitter=1975ns
TS=858.803359010 loop=4139     P=  -8.42 R=  -3.45 Y=  73.22 jitter=1734ns
TS=858.808358657 loop=4140     P=  -8.37 R=  -3.40 Y=  72.58 jitter=1381ns
TS=858.813358786 loop=4141     P=  -8.29 R=  -3.33 Y=  71.94 jitter=1510ns
TS=858.818359359 loop=4142     P=  -8.18 R=  -3.21 Y=  71.29 jitter=2083ns
TS=858.823358617 loop=4143     P=  -8.07 R=  -3.11 Y=  70.64 jitter=1341ns
TS=858.828358653 loop=4144     P=  -7.97 R=  -3.02 Y=  69.98 jitter=1377ns
TS=858.833358708 loop=4145     P=  -7.84 R=  -2.92 Y=  69.32 jitter=1432ns
TS=858.838358614 loop=4146     P=  -7.71 R=  -2.82 Y=  68.64 jitter=1338ns
TS=858.843358965 loop=4147     P=  -7.57 R=  -2.75 Y=  67.95 jitter=1689ns
TS=858.848359224 loop=4148     P=  -7.45 R=  -2.73 Y=  67.26 jitter=1948ns
TS=858.853359297 loop=4149     P=  -7.35 R=  -2.69 Y=  66.57 jitter=2021ns
TS=858.858358574 loop=4150     P=  -7.26 R=  -2.65 Y=  65.89 jitter=1298ns
TS=858.863358591 loop=4151     P=  -7.16 R=  -2.64 Y=  65.22 jitter=1315ns
TS=858.868359035 loop=4152     P=  -7.06 R=  -2.63 Y=  64.57 jitter=1759ns
TS=858.873358682 loop=4153     P=  -6.97 R=  -2.58 Y=  63.92 jitter=1406ns
TS=858.878358589 loop=4154     P=  -6.88 R=  -2.51 Y=  63.29 jitter=1313ns
TS=858.883358773 loop=4155     P=  -6.78 R=  -2.43 Y=  62.66 jitter=1497ns
TS=858.888359235 loop=4156     P=  -6.68 R=  -2.27 Y=  62.04 jitter=1959ns
TS=858.893358716 loop=4157     P=  -6.57 R=  -2.13 Y=  61.42 jitter=1440ns
TS=858.898358900 loop=4158     P=  -6.47 R=  -2.00 Y=  60.81 jitter=1624ns
TS=858.903359010 loop=4159     P=  -6.32 R=  -1.87 Y=  60.19 jitter=1734ns
TS=858.908358639 loop=4160     P=  -6.17 R=  -1.69 Y=  59.58 jitter=1363ns
TS=858.913358749 loop=4161     P=  -6.01 R=  -1.50 Y=  58.96 jitter=1473ns
TS=858.918362007 loop=4162     P=  -5.88 R=  -1.38 Y=  58.34 jitter=4731ns
TS=858.923359932 loop=4163     P=  -5.73 R=  -1.24 Y=  57.70 jitter=2656ns
TS=858.928358654 loop=4164     P=  -5.57 R=  -1.08 Y=  57.07 jitter=1378ns
TS=858.933358690 loop=4165     P=  -5.43 R=  -0.98 Y=  56.44 jitter=1414ns
TS=858.938358763 loop=4166     P=  -5.28 R=  -0.83 Y=  55.80 jitter=1487ns
TS=858.943358799 loop=4167     P=  -5.10 R=  -0.70 Y=  55.17 jitter=1523ns
TS=858.948360243 loop=4168     P=  -4.95 R=  -0.53 Y=  54.54 jitter=2967ns
TS=858.953359056 loop=4169     P=  -4.80 R=  -0.33 Y=  53.91 jitter=1780ns
TS=858.958358648 loop=4170     P=  -4.67 R=  -0.20 Y=  53.28 jitter=1372ns
TS=858.963358981 loop=4171     P=  -4.52 R=  -0.02 Y=  52.65 jitter=1705ns
TS=858.968358702 loop=4172     P=  -4.40 R=   0.20 Y=  52.01 jitter=1426ns
TS=858.973358590 loop=4173     P=  -4.28 R=   0.40 Y=  51.38 jitter=1314ns
TS=858.978359015 loop=4174     P=  -4.19 R=   0.62 Y=  50.75 jitter=1739ns
TS=858.983358625 loop=4175     P=  -4.12 R=   0.83 Y=  50.12 jitter=1349ns
TS=858.988358994 loop=4176     P=  -4.02 R=   1.00 Y=  49.48 jitter=1718ns
TS=858.993358586 loop=4177     P=  -3.93 R=   1.16 Y=  48.84 jitter=1310ns
TS=858.998358715 loop=4178     P=  -3.82 R=   1.31 Y=  48.20 jitter=1439ns
TS=859.003358770 loop=4179     P=  -3.73 R=   1.45 Y=  47.54 jitter=1494ns
TS=859.008358806 loop=4180     P=  -3.62 R=   1.62 Y=  46.89 jitter=1530ns
TS=859.013358638 loop=4181     P=  -3.52 R=   1.77 Y=  46.23 jitter=1362ns
TS=859.018358619 loop=4182     P=  -3.43 R=   1.93 Y=  45.57 jitter=1343ns
TS=859.023358599 loop=4183     P=  -3.33 R=   2.09 Y=  44.92 jitter=1323ns
TS=859.028358654 loop=4184     P=  -3.22 R=   2.26 Y=  44.28 jitter=1378ns
TS=859.033358708 loop=4185     P=  -3.13 R=   2.43 Y=  43.64 jitter=1432ns
TS=859.038358633 loop=4186     P=  -3.03 R=   2.59 Y=  43.00 jitter=1357ns
TS=859.043358929 loop=4187     P=  -2.93 R=   2.78 Y=  42.37 jitter=1653ns
TS=859.048359372 loop=4188     P=  -2.85 R=   2.99 Y=  41.75 jitter=2096ns
TS=859.053358631 loop=4189     P=  -2.77 R=   3.22 Y=  41.13 jitter=1355ns
TS=859.058358593 loop=4190     P=  -2.71 R=   3.40 Y=  40.51 jitter=1317ns
TS=859.063358555 loop=4191     P=  -2.65 R=   3.59 Y=  39.89 jitter=1279ns
TS=859.068358665 loop=4192     P=  -2.59 R=   3.75 Y=  39.28 jitter=1389ns
TS=859.073358645 loop=4193     P=  -2.52 R=   3.91 Y=  38.66 jitter=1369ns
TS=859.078358626 loop=4194     P=  -2.47 R=   4.04 Y=  38.04 jitter=1350ns
TS=859.083358625 loop=4195     P=  -2.40 R=   4.14 Y=  37.42 jitter=1349ns
TS=859.088359069 loop=4196     P=  -2.35 R=   4.27 Y=  36.80 jitter=1793ns
TS=859.093358605 loop=4197     P=  -2.32 R=   4.40 Y=  36.19 jitter=1329ns
TS=859.098359641 loop=4198     P=  -2.27 R=   4.52 Y=  35.58 jitter=2365ns
TS=859.103358973 loop=4199     P=  -2.23 R=   4.67 Y=  34.97 jitter=1697ns
TS=859.108358639 loop=4200     P=  -2.19 R=   4.84 Y=  34.37 jitter=1363ns
TS=859.113359119 loop=4201     P=  -2.18 R=   5.02 Y=  33.77 jitter=1843ns
TS=859.118358637 loop=4202     P=  -2.17 R=   5.16 Y=  33.17 jitter=1361ns
TS=859.123358580 loop=4203     P=  -2.16 R=   5.31 Y=  32.57 jitter=1304ns
TS=859.128358654 loop=4204     P=  -2.13 R=   5.45 Y=  31.97 jitter=1378ns
TS=859.133358616 loop=4205     P=  -2.13 R=   5.59 Y=  31.38 jitter=1340ns
TS=859.138358930 loop=4206     P=  -2.12 R=   5.73 Y=  30.78 jitter=1654ns
TS=859.143358984 loop=4207     P=  -2.11 R=   5.86 Y=  30.19 jitter=1708ns
TS=859.148359354 loop=4208     P=  -2.10 R=   5.99 Y=  29.60 jitter=2078ns
TS=859.153359038 loop=4209     P=  -2.11 R=   6.14 Y=  29.02 jitter=1762ns
TS=859.158358611 loop=4210     P=  -2.13 R=   6.23 Y=  28.43 jitter=1335ns
TS=859.163358628 loop=4211     P=  -2.11 R=   6.33 Y=  27.84 jitter=1352ns
TS=859.168358646 loop=4212     P=  -2.11 R=   6.44 Y=  27.26 jitter=1370ns
TS=859.173359090 loop=4213     P=  -2.13 R=   6.53 Y=  26.68 jitter=1814ns
TS=859.178359163 loop=4214     P=  -2.15 R=   6.61 Y=  26.11 jitter=1887ns
TS=859.183358828 loop=4215     P=  -2.18 R=   6.73 Y=  25.54 jitter=1552ns
TS=859.188358920 loop=4216     P=  -2.21 R=   6.85 Y=  24.97 jitter=1644ns
TS=859.193358808 loop=4217     P=  -2.24 R=   6.95 Y=  24.40 jitter=1532ns
TS=859.198358918 loop=4218     P=  -2.26 R=   7.05 Y=  23.84 jitter=1642ns
TS=859.203358917 loop=4219     P=  -2.31 R=   7.15 Y=  23.28 jitter=1641ns
TS=859.208359324 loop=4220     P=  -2.40 R=   7.31 Y=  22.73 jitter=2048ns
TS=859.213359267 loop=4221     P=  -2.46 R=   7.38 Y=  22.18 jitter=1991ns
TS=859.218359803 loop=4222     P=  -2.53 R=   7.48 Y=  21.63 jitter=2527ns
TS=859.223359265 loop=4223     P=  -2.61 R=   7.58 Y=  21.09 jitter=1989ns
TS=859.228359024 loop=4224     P=  -2.69 R=   7.68 Y=  20.54 jitter=1748ns
TS=859.233359338 loop=4225     P=  -2.81 R=   7.80 Y=  19.99 jitter=2062ns
TS=859.238359744 loop=4226     P=  -2.95 R=   7.90 Y=  19.43 jitter=2468ns
TS=859.243359336 loop=4227     P=  -3.06 R=   7.98 Y=  18.85 jitter=2060ns
TS=859.248359057 loop=4228     P=  -3.17 R=   8.07 Y=  18.27 jitter=1781ns
TS=859.253359371 loop=4229     P=  -3.29 R=   8.11 Y=  17.68 jitter=2095ns
TS=859.258358925 loop=4230     P=  -3.37 R=   8.13 Y=  17.09 jitter=1649ns
TS=859.263359684 loop=4231     P=  -3.45 R=   8.19 Y=  16.50 jitter=2408ns
TS=859.268359405 loop=4232     P=  -3.56 R=   8.20 Y=  15.90 jitter=2129ns
TS=859.273358997 loop=4233     P=  -3.64 R=   8.21 Y=  15.30 jitter=1721ns
TS=859.278358959 loop=4234     P=  -3.72 R=   8.26 Y=  14.70 jitter=1683ns
TS=859.283359198 loop=4235     P=  -3.86 R=   8.34 Y=  14.10 jitter=1922ns
TS=859.288358938 loop=4236     P=  -3.99 R=   8.39 Y=  13.49 jitter=1662ns
TS=859.293358956 loop=4237     P=  -4.14 R=   8.44 Y=  12.86 jitter=1680ns
TS=859.298359344 loop=4238     P=  -4.27 R=   8.50 Y=  12.24 jitter=2068ns
TS=859.303358935 loop=4239     P=  -4.41 R=   8.59 Y=  11.61 jitter=1659ns
TS=859.308358934 loop=4240     P=  -4.58 R=   8.66 Y=  10.96 jitter=1658ns
TS=859.313359008 loop=4241     P=  -4.71 R=   8.73 Y=  10.31 jitter=1732ns
TS=859.318358933 loop=4242     P=  -4.87 R=   8.79 Y=   9.64 jitter=1657ns
TS=859.323359117 loop=4243     P=  -4.99 R=   8.81 Y=   8.97 jitter=1841ns
TS=859.328358634 loop=4244     P=  -5.10 R=   8.83 Y=   8.28 jitter=1358ns
TS=859.333359022 loop=4245     P=  -5.17 R=   8.84 Y=   7.59 jitter=1746ns
TS=859.338358614 loop=4246     P=  -5.26 R=   8.87 Y=   6.89 jitter=1338ns
TS=859.343358613 loop=4247     P=  -5.32 R=   8.84 Y=   6.18 jitter=1337ns
TS=859.348359242 loop=4248     P=  -5.38 R=   8.83 Y=   5.47 jitter=1966ns
TS=859.353358593 loop=4249     P=  -5.46 R=   8.81 Y=   4.76 jitter=1317ns
TS=859.358358647 loop=4250     P=  -5.54 R=   8.79 Y=   4.05 jitter=1371ns
TS=859.363358572 loop=4251     P=  -5.63 R=   8.75 Y=   3.33 jitter=1296ns
TS=859.368358645 loop=4252     P=  -5.73 R=   8.71 Y=   2.61 jitter=1369ns
TS=859.373358626 loop=4253     P=  -5.81 R=   8.68 Y=   1.90 jitter=1350ns
TS=859.378358606 loop=4254     P=  -5.87 R=   8.65 Y=   1.19 jitter=1330ns
TS=859.383358624 loop=4255     P=  -5.90 R=   8.63 Y=   0.48 jitter=1348ns
TS=859.388359197 loop=4256     P=  -5.94 R=   8.59 Y=  -0.22 jitter=1921ns
TS=859.393359122 loop=4257     P=  -5.93 R=   8.47 Y=  -0.91 jitter=1846ns
TS=859.398359177 loop=4258     P=  -5.99 R=   8.37 Y=  -1.59 jitter=1901ns
TS=859.403358972 loop=4259     P=  -6.09 R=   8.22 Y=  -2.26 jitter=1696ns
TS=859.408358638 loop=4260     P=  -6.18 R=   8.02 Y=  -2.92 jitter=1362ns
TS=859.413358618 loop=4261     P=  -6.33 R=   7.79 Y=  -3.58 jitter=1342ns
TS=859.418358654 loop=4262     P=  -6.49 R=   7.57 Y=  -4.22 jitter=1378ns
TS=859.423358598 loop=4263     P=  -6.60 R=   7.29 Y=  -4.85 jitter=1322ns
TS=859.428358634 loop=4264     P=  -6.72 R=   7.04 Y=  -5.46 jitter=1358ns
TS=859.433358744 loop=4265     P=  -6.83 R=   6.77 Y=  -6.05 jitter=1468ns
TS=859.438358595 loop=4266     P=  -6.96 R=   6.50 Y=  -6.62 jitter=1319ns
TS=859.443359113 loop=4267     P=  -7.10 R=   6.20 Y=  -7.17 jitter=1837ns
TS=859.448359315 loop=4268     P=  -7.25 R=   5.99 Y=  -7.70 jitter=2039ns
TS=859.453359000 loop=4269     P=  -7.37 R=   5.81 Y=  -8.20 jitter=1724ns
TS=859.458358610 loop=4270     P=  -7.46 R=   5.63 Y=  -8.69 jitter=1334ns
TS=859.463358590 loop=4271     P=  -7.53 R=   5.48 Y=  -9.15 jitter=1314ns
TS=859.468358627 loop=4272     P=  -7.63 R=   5.32 Y=  -9.57 jitter=1351ns
TS=859.473359014 loop=4273     P=  -7.74 R=   5.20 Y=  -9.96 jitter=1738ns
TS=859.478358625 loop=4274     P=  -7.82 R=   5.11 Y= -10.33 jitter=1349ns
TS=859.483358624 loop=4275     P=  -7.88 R=   5.03 Y= -10.67 jitter=1348ns
TS=859.488359049 loop=4276     P=  -7.93 R=   4.93 Y= -10.99 jitter=1773ns
TS=859.493358603 loop=4277     P=  -7.95 R=   4.84 Y= -11.28 jitter=1327ns
TS=859.498359269 loop=4278     P=  -8.02 R=   4.78 Y= -11.54 jitter=1993ns
TS=859.503359027 loop=4279     P=  -8.07 R=   4.68 Y= -11.77 jitter=1751ns
TS=859.508358637 loop=4280     P=  -8.07 R=   4.57 Y= -11.98 jitter=1361ns
TS=859.513358618 loop=4281     P=  -8.04 R=   4.48 Y= -12.15 jitter=1342ns
TS=859.518358617 loop=4282     P=  -8.00 R=   4.40 Y= -12.28 jitter=1341ns
TS=859.523358598 loop=4283     P=  -7.95 R=   4.33 Y= -12.39 jitter=1322ns
TS=859.528358634 loop=4284     P=  -7.92 R=   4.27 Y= -12.46 jitter=1358ns
TS=859.533358596 loop=4285     P=  -7.91 R=   4.23 Y= -12.50 jitter=1320ns
TS=859.538358595 loop=4286     P=  -7.90 R=   4.21 Y= -12.52 jitter=1319ns
TS=859.543359001 loop=4287     P=  -7.86 R=   4.20 Y= -12.52 jitter=1725ns
TS=859.548359500 loop=4288     P=  -7.82 R=   4.18 Y= -12.49 jitter=2224ns
TS=859.553358962 loop=4289     P=  -7.77 R=   4.17 Y= -12.44 jitter=1686ns
TS=859.558358610 loop=4290     P=  -7.72 R=   4.17 Y= -12.37 jitter=1334ns
TS=859.563358960 loop=4291     P=  -7.68 R=   4.18 Y= -12.28 jitter=1684ns
TS=859.568359071 loop=4292     P=  -7.63 R=   4.21 Y= -12.16 jitter=1795ns
TS=859.573358718 loop=4293     P=  -7.57 R=   4.26 Y= -12.02 jitter=1442ns
TS=859.578358643 loop=4294     P=  -7.47 R=   4.33 Y= -11.85 jitter=1367ns
TS=859.583358605 loop=4295     P=  -7.37 R=   4.35 Y= -11.66 jitter=1329ns
TS=859.588358659 loop=4296     P=  -7.25 R=   4.38 Y= -11.44 jitter=1383ns
TS=859.593359010 loop=4297     P=  -7.12 R=   4.41 Y= -11.17 jitter=1734ns
TS=859.598359083 loop=4298     P=  -7.01 R=   4.44 Y= -10.89 jitter=1807ns
TS=859.603359008 loop=4299     P=  -6.87 R=   4.46 Y= -10.57 jitter=1732ns
TS=859.608358656 loop=4300     P=  -6.73 R=   4.47 Y= -10.23 jitter=1380ns
TS=859.613358951 loop=4301     P=  -6.60 R=   4.49 Y=  -9.86 jitter=1675ns
TS=859.618358617 loop=4302     P=  -6.46 R=   4.50 Y=  -9.47 jitter=1341ns
TS=859.623358579 loop=4303     P=  -6.32 R=   4.51 Y=  -9.06 jitter=1303ns
TS=859.628358615 loop=4304     P=  -6.17 R=   4.53 Y=  -8.63 jitter=1339ns
TS=859.633358595 loop=4305     P=  -6.01 R=   4.51 Y=  -8.18 jitter=1319ns
TS=859.638358594 loop=4306     P=  -5.84 R=   4.48 Y=  -7.71 jitter=1318ns
TS=859.643358631 loop=4307     P=  -5.71 R=   4.46 Y=  -7.22 jitter=1355ns
TS=859.648359074 loop=4308     P=  -5.61 R=   4.40 Y=  -6.71 jitter=1798ns
TS=859.653358592 loop=4309     P=  -5.51 R=   4.34 Y=  -6.19 jitter=1316ns
TS=859.658358665 loop=4310     P=  -5.42 R=   4.29 Y=  -5.65 jitter=1389ns
TS=859.663358627 loop=4311     P=  -5.32 R=   4.26 Y=  -5.09 jitter=1351ns
TS=859.668359015 loop=4312     P=  -5.20 R=   4.23 Y=  -4.51 jitter=1739ns
TS=859.673358643 loop=4313     P=  -5.09 R=   4.19 Y=  -3.92 jitter=1367ns
TS=859.678358920 loop=4314     P=  -4.96 R=   4.19 Y=  -3.30 jitter=1644ns
TS=859.683359623 loop=4315     P=  -4.85 R=   4.20 Y=  -2.66 jitter=2347ns
TS=859.688358918 loop=4316     P=  -4.75 R=   4.21 Y=  -2.02 jitter=1642ns
TS=859.693358714 loop=4317     P=  -4.64 R=   4.22 Y=  -1.36 jitter=1438ns
TS=859.698359620 loop=4318     P=  -4.56 R=   4.23 Y=  -0.69 jitter=2344ns
TS=859.703359230 loop=4319     P=  -4.47 R=   4.27 Y=  -0.01 jitter=1954ns
TS=859.708359229 loop=4320     P=  -4.40 R=   4.30 Y=   0.67 jitter=1953ns
TS=859.713359265 loop=4321     P=  -4.35 R=   4.32 Y=   1.36 jitter=1989ns
TS=859.718358709 loop=4322     P=  -4.33 R=   4.35 Y=   2.06 jitter=1433ns
TS=859.723358689 loop=4323     P=  -4.28 R=   4.40 Y=   2.76 jitter=1413ns
TS=859.728358800 loop=4324     P=  -4.26 R=   4.45 Y=   3.47 jitter=1524ns
TS=859.733360095 loop=4325     P=  -4.26 R=   4.52 Y=   4.17 jitter=2819ns
TS=859.738359076 loop=4326     P=  -4.27 R=   4.57 Y=   4.87 jitter=1800ns
TS=859.743359038 loop=4327     P=  -4.28 R=   4.66 Y=   5.57 jitter=1762ns
TS=859.748359240 loop=4328     P=  -4.30 R=   4.73 Y=   6.28 jitter=1964ns
TS=859.753358610 loop=4329     P=  -4.29 R=   4.76 Y=   7.00 jitter=1334ns
TS=859.758359664 loop=4330     P=  -4.30 R=   4.87 Y=   7.72 jitter=2388ns
TS=859.763359700 loop=4331     P=  -4.27 R=   4.90 Y=   8.47 jitter=2424ns
TS=859.768358977 loop=4332     P=  -4.25 R=   4.94 Y=   9.21 jitter=1701ns
TS=859.773359032 loop=4333     P=  -4.27 R=   4.96 Y=   9.96 jitter=1756ns
TS=859.778358920 loop=4334     P=  -4.26 R=   5.07 Y=  10.72 jitter=1644ns
TS=859.783359919 loop=4335     P=  -4.28 R=   5.15 Y=  11.49 jitter=2643ns
TS=859.788358640 loop=4336     P=  -4.33 R=   5.25 Y=  12.25 jitter=1364ns
TS=859.793358621 loop=4337     P=  -4.40 R=   5.34 Y=  13.00 jitter=1345ns
TS=859.798358861 loop=4338     P=  -4.47 R=   5.30 Y=  13.76 jitter=1585ns
TS=859.803358563 loop=4339     P=  -4.50 R=   5.36 Y=  14.51 jitter=1287ns
TS=859.808358655 loop=4340     P=  -4.55 R=   5.32 Y=  15.26 jitter=1379ns
TS=859.813358635 loop=4341     P=  -4.55 R=   5.44 Y=  16.01 jitter=1359ns
TS=859.818358653 loop=4342     P=  -4.57 R=   5.55 Y=  16.76 jitter=1377ns
TS=859.823358615 loop=4343     P=  -4.64 R=   5.54 Y=  17.49 jitter=1339ns
TS=859.828358651 loop=4344     P=  -4.71 R=   5.54 Y=  18.20 jitter=1375ns
TS=859.833358743 loop=4345     P=  -4.73 R=   5.61 Y=  18.89 jitter=1467ns
TS=859.838358705 loop=4346     P=  -4.73 R=   5.66 Y=  19.57 jitter=1429ns
TS=859.843358667 loop=4347     P=  -4.74 R=   5.69 Y=  20.24 jitter=1391ns
TS=859.848358796 loop=4348     P=  -4.74 R=   5.72 Y=  20.90 jitter=1520ns
TS=859.853358591 loop=4349     P=  -4.71 R=   5.69 Y=  21.55 jitter=1315ns
TS=859.858358627 loop=4350     P=  -4.69 R=   5.68 Y=  22.19 jitter=1351ns
TS=859.863358589 loop=4351     P=  -4.69 R=   5.65 Y=  22.82 jitter=1313ns
TS=859.868358644 loop=4352     P=  -4.66 R=   5.58 Y=  23.45 jitter=1368ns
TS=859.873358643 loop=4353     P=  -4.55 R=   5.42 Y=  24.07 jitter=1367ns
TS=859.878358642 loop=4354     P=  -4.53 R=   5.34 Y=  24.70 jitter=1366ns
TS=859.883358974 loop=4355     P=  -4.51 R=   5.39 Y=  25.33 jitter=1698ns
TS=859.888359158 loop=4356     P=  -4.45 R=   5.31 Y=  25.97 jitter=1882ns
TS=859.893358694 loop=4357     P=  -4.45 R=   5.37 Y=  26.60 jitter=1418ns
TS=859.898359119 loop=4358     P=  -4.42 R=   5.43 Y=  27.23 jitter=1843ns
TS=859.903358618 loop=4359     P=  -4.42 R=   5.38 Y=  27.85 jitter=1342ns
TS=859.908358655 loop=4360     P=  -4.48 R=   5.33 Y=  28.47 jitter=1379ns
TS=859.913358598 loop=4361     P=  -4.50 R=   5.25 Y=  29.07 jitter=1322ns
TS=859.918358634 loop=4362     P=  -4.54 R=   5.31 Y=  29.66 jitter=1358ns
TS=859.923358596 loop=4363     P=  -4.58 R=   5.35 Y=  30.24 jitter=1320ns
TS=859.928358669 loop=4364     P=  -4.61 R=   5.35 Y=  30.79 jitter=1393ns
TS=859.933358613 loop=4365     P=  -4.66 R=   5.31 Y=  31.33 jitter=1337ns
TS=859.938358723 loop=4366     P=  -4.68 R=   5.28 Y=  31.87 jitter=1447ns
TS=859.943359333 loop=4367     P=  -4.70 R=   5.26 Y=  32.39 jitter=2057ns
TS=859.948359203 loop=4368     P=  -4.69 R=   5.23 Y=  32.90 jitter=1927ns
TS=859.953358628 loop=4369     P=  -4.70 R=   5.25 Y=  33.41 jitter=1352ns
TS=859.958358645 loop=4370     P=  -4.72 R=   5.22 Y=  33.90 jitter=1369ns
TS=859.963358978 loop=4371     P=  -4.74 R=   5.18 Y=  34.39 jitter=1702ns
TS=859.968358625 loop=4372     P=  -4.77 R=   5.18 Y=  34.88 jitter=1349ns
TS=859.973358624 loop=4373     P=  -4.80 R=   5.10 Y=  35.37 jitter=1348ns
TS=859.978358623 loop=4374     P=  -4.85 R=   5.06 Y=  35.85 jitter=1347ns
TS=859.983358585 loop=4375     P=  -4.87 R=   5.11 Y=  36.34 jitter=1309ns
TS=859.988358954 loop=4376     P=  -4.93 R=   5.13 Y=  36.82 jitter=1678ns
TS=859.993358620 loop=4377     P=  -4.99 R=   5.09 Y=  37.30 jitter=1344ns
TS=859.998359749 loop=4378     P=  -5.09 R=   5.05 Y=  37.78 jitter=2473ns
TS=860.003358989 loop=4379     P=  -5.19 R=   5.02 Y=  38.26 jitter=1713ns
TS=860.008358617 loop=4380     P=  -5.24 R=   4.96 Y=  38.76 jitter=1341ns
TS=860.013358635 loop=4381     P=  -5.33 R=   4.93 Y=  39.26 jitter=1359ns
TS=860.018358597 loop=4382     P=  -5.44 R=   4.96 Y=  39.76 jitter=1321ns
TS=860.023358614 loop=4383     P=  -5.54 R=   4.90 Y=  40.28 jitter=1338ns
TS=860.028358965 loop=4384     P=  -5.67 R=   4.82 Y=  40.80 jitter=1689ns
TS=860.033358631 loop=4385     P=  -5.80 R=   4.77 Y=  41.33 jitter=1355ns
TS=860.038358612 loop=4386     P=  -5.95 R=   4.74 Y=  41.86 jitter=1336ns
TS=860.043358611 loop=4387     P=  -6.06 R=   4.73 Y=  42.39 jitter=1335ns
TS=860.048359313 loop=4388     P=  -6.19 R=   4.71 Y=  42.91 jitter=2037ns
TS=860.053359035 loop=4389     P=  -6.34 R=   4.73 Y=  43.44 jitter=1759ns
TS=860.058358608 loop=4390     P=  -6.48 R=   4.78 Y=  43.95 jitter=1332ns
TS=860.063358570 loop=4391     P=  -6.64 R=   4.87 Y=  44.46 jitter=1294ns
TS=860.068358661 loop=4392     P=  -6.78 R=   4.90 Y=  44.97 jitter=1385ns
TS=860.073358605 loop=4393     P=  -6.92 R=   4.90 Y=  45.48 jitter=1329ns
TS=860.078358604 loop=4394     P=  -7.07 R=   4.92 Y=  45.98 jitter=1328ns
TS=860.083358603 loop=4395     P=  -7.20 R=   4.91 Y=  46.49 jitter=1327ns
TS=860.088358954 loop=4396     P=  -7.39 R=   4.91 Y=  47.01 jitter=1678ns
TS=860.093358953 loop=4397     P=  -7.57 R=   4.88 Y=  47.53 jitter=1677ns
TS=860.098359044 loop=4398     P=  -7.72 R=   4.82 Y=  48.05 jitter=1768ns
TS=860.103359006 loop=4399     P=  -7.86 R=   4.78 Y=  48.57 jitter=1730ns
TS=860.108358635 loop=4400     P=  -7.99 R=   4.78 Y=  49.11 jitter=1359ns
TS=860.113358616 loop=4401     P=  -8.12 R=   4.77 Y=  49.65 jitter=1340ns
TS=860.118358633 loop=4402     P=  -8.19 R=   4.68 Y=  50.19 jitter=1357ns
TS=860.123358595 loop=4403     P=  -8.29 R=   4.59 Y=  50.74 jitter=1319ns
TS=860.128358631 loop=4404     P=  -8.33 R=   4.52 Y=  51.28 jitter=1355ns
TS=860.133358630 loop=4405     P=  -8.34 R=   4.29 Y=  51.81 jitter=1354ns
TS=860.138358592 loop=4406     P=  -8.50 R=   4.29 Y=  52.35 jitter=1316ns
TS=860.143358962 loop=4407     P=  -8.55 R=   4.21 Y=  52.91 jitter=1686ns
TS=860.148359164 loop=4408     P=  -8.58 R=   3.99 Y=  53.46 jitter=1888ns
TS=860.153358626 loop=4409     P=  -8.61 R=   3.80 Y=  54.02 jitter=1350ns
TS=860.158358588 loop=4410     P=  -8.61 R=   3.65 Y=  54.57 jitter=1312ns
TS=860.163358606 loop=4411     P=  -8.47 R=   3.39 Y=  55.12 jitter=1330ns
TS=860.168358642 loop=4412     P=  -8.30 R=   3.37 Y=  55.67 jitter=1366ns
TS=860.173358622 loop=4413     P=  -8.25 R=   3.24 Y=  56.19 jitter=1346ns
TS=860.178358603 loop=4414     P=  -8.28 R=   3.21 Y=  56.70 jitter=1327ns
TS=860.183359324 loop=4415     P=  -8.23 R=   3.14 Y=  57.22 jitter=2048ns
TS=860.188358934 loop=4416     P=  -8.19 R=   3.09 Y=  57.73 jitter=1658ns
TS=860.193358748 loop=4417     P=  -8.00 R=   3.04 Y=  58.26 jitter=1472ns
TS=860.198359136 loop=4418     P=  -7.83 R=   2.90 Y=  58.78 jitter=1860ns
TS=860.203358820 loop=4419     P=  -7.64 R=   2.70 Y=  59.28 jitter=1544ns
TS=860.208359930 loop=4420     P=  -7.41 R=   2.47 Y=  59.78 jitter=2654ns
TS=860.213358966 loop=4421     P=  -7.30 R=   2.31 Y=  60.27 jitter=1690ns
TS=860.218359077 loop=4422     P=  -7.21 R=   2.19 Y=  60.80 jitter=1801ns
TS=860.223359576 loop=4423     P=  -7.05 R=   1.88 Y=  61.32 jitter=2300ns
TS=860.228358964 loop=4424     P=  -7.18 R=   1.67 Y=  61.84 jitter=1688ns
TS=860.233358703 loop=4425     P=  -7.00 R=   1.59 Y=  62.40 jitter=1427ns
TS=860.238358702 loop=4426     P=  -6.81 R=   1.38 Y=  62.93 jitter=1426ns
TS=860.243359294 loop=4427     P=  -6.93 R=   1.21 Y=  63.46 jitter=2018ns
TS=860.248359052 loop=4428     P=  -6.82 R=   1.04 Y=  64.03 jitter=1776ns
TS=860.253359255 loop=4429     P=  -6.55 R=   0.77 Y=  64.61 jitter=1979ns
TS=860.258358939 loop=4430     P=  -6.44 R=   0.53 Y=  65.19 jitter=1663ns
TS=860.263359623 loop=4431     P=  -6.24 R=   0.25 Y=  65.78 jitter=2347ns
TS=860.268358734 loop=4432     P=  -5.98 R=   0.04 Y=  66.36 jitter=1458ns
TS=860.273359010 loop=4433     P=  -5.88 R=  -0.14 Y=  66.91 jitter=1734ns
TS=860.278358917 loop=4434     P=  -5.81 R=  -0.33 Y=  67.49 jitter=1641ns
TS=860.283359712 loop=4435     P=  -5.58 R=  -0.62 Y=  68.09 jitter=2436ns
TS=860.288358748 loop=4436     P=  -5.41 R=  -0.86 Y=  68.66 jitter=1472ns
TS=860.293359340 loop=4437     P=  -5.26 R=  -1.10 Y=  69.22 jitter=2064ns
TS=860.298358746 loop=4438     P=  -5.13 R=  -1.34 Y=  69.76 jitter=1470ns
TS=860.303358653 loop=4439     P=  -4.95 R=  -1.46 Y=  70.28 jitter=1377ns
TS=860.308358633 loop=4440     P=  -5.01 R=  -1.54 Y=  70.76 jitter=1357ns
TS=860.313359095 loop=4441     P=  -5.07 R=  -1.65 Y=  71.27 jitter=1819ns
TS=860.318358631 loop=4442     P=  -5.00 R=  -1.76 Y=  71.81 jitter=1355ns
TS=860.323358612 loop=4443     P=  -4.88 R=  -1.79 Y=  72.35 jitter=1336ns
TS=860.328359074 loop=4444     P=  -4.71 R=  -1.89 Y=  72.89 jitter=1798ns
TS=860.333358702 loop=4445     P=  -4.64 R=  -2.04 Y=  73.42 jitter=1426ns
TS=860.338358850 loop=4446     P=  -4.53 R=  -2.12 Y=  73.95 jitter=1574ns
TS=860.343359034 loop=4447     P=  -4.46 R=  -2.25 Y=  74.47 jitter=1758ns
TS=860.348359255 loop=4448     P=  -4.36 R=  -2.28 Y=  75.01 jitter=1979ns
TS=860.353358606 loop=4449     P=  -4.37 R=  -2.44 Y=  75.56 jitter=1330ns
TS=860.358358642 loop=4450     P=  -4.40 R=  -2.87 Y=  76.15 jitter=1366ns
TS=860.363358604 loop=4451     P=  -4.26 R=  -2.90 Y=  76.76 jitter=1328ns
TS=860.368358621 loop=4452     P=  -4.26 R=  -2.98 Y=  77.35 jitter=1345ns
TS=860.373358639 loop=4453     P=  -4.08 R=  -3.02 Y=  77.96 jitter=1363ns
TS=860.378358638 loop=4454     P=  -4.20 R=  -3.21 Y=  78.55 jitter=1362ns
TS=860.383358637 loop=4455     P=  -4.31 R=  -3.23 Y=  79.16 jitter=1361ns
TS=860.388358988 loop=4456     P=  -4.32 R=  -3.16 Y=  79.77 jitter=1712ns
TS=860.393358950 loop=4457     P=  -4.21 R=  -3.03 Y=  80.39 jitter=1674ns
TS=860.398359301 loop=4458     P=  -3.95 R=  -2.81 Y=  81.00 jitter=2025ns
TS=860.403358985 loop=4459     P=  -3.84 R=  -3.09 Y=  81.61 jitter=1709ns
TS=860.408358651 loop=4460     P=  -3.63 R=  -3.08 Y=  82.22 jitter=1375ns
TS=860.413358613 loop=4461     P=  -3.65 R=  -3.40 Y=  82.81 jitter=1337ns
TS=860.418358612 loop=4462     P=  -3.80 R=  -3.57 Y=  83.42 jitter=1336ns
TS=860.423358592 loop=4463     P=  -3.86 R=  -3.64 Y=  84.03 jitter=1316ns
TS=860.428358943 loop=4464     P=  -4.09 R=  -4.02 Y=  84.64 jitter=1667ns
TS=860.433358627 loop=4465     P=  -4.18 R=  -4.14 Y=  85.26 jitter=1351ns
TS=860.438358645 loop=4466     P=  -4.25 R=  -4.28 Y=  85.87 jitter=1369ns
TS=860.443358551 loop=4467     P=  -4.32 R=  -4.40 Y=  86.47 jitter=1275ns
TS=860.448359476 loop=4468     P=  -4.51 R=  -4.63 Y=  87.07 jitter=2200ns
TS=860.453358623 loop=4469     P=  -4.69 R=  -4.70 Y=  87.68 jitter=1347ns
TS=860.458358622 loop=4470     P=  -4.87 R=  -4.61 Y=  88.29 jitter=1346ns
TS=860.463358584 loop=4471     P=  -4.85 R=  -4.45 Y=  88.89 jitter=1308ns
TS=860.468358639 loop=4472     P=  -4.86 R=  -4.54 Y=  89.47 jitter=1363ns
TS=860.473358657 loop=4473     P=  -4.84 R=  -4.31 Y=  90.06 jitter=1381ns
TS=860.478358637 loop=4474     P=  -4.65 R=  -4.31 Y=  90.62 jitter=1361ns
TS=860.483358599 loop=4475     P=  -4.60 R=  -4.32 Y=  91.16 jitter=1323ns
TS=860.488358617 loop=4476     P=  -4.58 R=  -4.38 Y=  91.67 jitter=1341ns
TS=860.493358930 loop=4477     P=  -4.45 R=  -4.26 Y=  92.14 jitter=1654ns
TS=860.498359652 loop=4478     P=  -4.63 R=  -4.32 Y=  92.58 jitter=2376ns
TS=860.503359003 loop=4479     P=  -4.65 R=  -4.21 Y=  93.01 jitter=1727ns
TS=860.508358650 loop=4480     P=  -4.57 R=  -4.09 Y=  93.41 jitter=1374ns
TS=860.513358593 loop=4481     P=  -4.45 R=  -3.95 Y=  93.79 jitter=1317ns
TS=860.518358592 loop=4482     P=  -4.38 R=  -3.90 Y=  94.15 jitter=1316ns
TS=860.523358628 loop=4483     P=  -4.38 R=  -3.88 Y=  94.50 jitter=1352ns
TS=860.528358664 loop=4484     P=  -4.24 R=  -3.88 Y=  94.86 jitter=1388ns
TS=860.533358608 loop=4485     P=  -4.14 R=  -3.90 Y=  95.21 jitter=1332ns
TS=860.538358625 loop=4486     P=  -4.09 R=  -3.93 Y=  95.55 jitter=1349ns
TS=860.543358939 loop=4487     P=  -4.05 R=  -3.92 Y=  95.88 jitter=1663ns
TS=860.548359327 loop=4488     P=  -3.97 R=  -3.89 Y=  96.20 jitter=2051ns
TS=860.553358641 loop=4489     P=  -3.86 R=  -3.84 Y=  96.50 jitter=1365ns
TS=860.558358622 loop=4490     P=  -3.75 R=  -3.82 Y=  96.78 jitter=1346ns
TS=860.563358583 loop=4491     P=  -3.64 R=  -3.80 Y=  97.04 jitter=1307ns
TS=860.568358620 loop=4492     P=  -3.55 R=  -3.81 Y=  97.28 jitter=1344ns
TS=860.573358637 loop=4493     P=  -3.49 R=  -3.81 Y=  97.51 jitter=1361ns
TS=860.578358636 loop=4494     P=  -3.40 R=  -3.80 Y=  97.71 jitter=1360ns
TS=860.583358635 loop=4495     P=  -3.30 R=  -3.78 Y=  97.90 jitter=1359ns
TS=860.588358634 loop=4496     P=  -3.22 R=  -3.73 Y=  98.08 jitter=1358ns
TS=860.593358800 loop=4497     P=  -3.13 R=  -3.68 Y=  98.23 jitter=1524ns
TS=860.598359132 loop=4498     P=  -3.01 R=  -3.61 Y=  98.37 jitter=1856ns
TS=860.603359002 loop=4499     P=  -2.86 R=  -3.52 Y=  98.48 jitter=1726ns
TS=860.608358630 loop=4500     P=  -2.71 R=  -3.41 Y=  98.58 jitter=1354ns
TS=860.613358629 loop=4501     P=  -2.55 R=  -3.26 Y=  98.64 jitter=1353ns
TS=860.618358647 loop=4502     P=  -2.39 R=  -3.14 Y=  98.65 jitter=1371ns
TS=860.623358609 loop=4503     P=  -2.25 R=  -3.04 Y=  98.63 jitter=1333ns
TS=860.628358663 loop=4504     P=  -2.14 R=  -2.98 Y=  98.57 jitter=1387ns
TS=860.633358644 loop=4505     P=  -2.07 R=  -2.95 Y=  98.47 jitter=1368ns
TS=860.638358643 loop=4506     P=  -2.05 R=  -2.97 Y=  98.34 jitter=1367ns
TS=860.643359068 loop=4507     P=  -2.03 R=  -2.99 Y=  98.19 jitter=1792ns
TS=860.648359289 loop=4508     P=  -2.00 R=  -3.00 Y=  98.03 jitter=2013ns
TS=860.653359122 loop=4509     P=  -1.95 R=  -2.99 Y=  97.85 jitter=1846ns
TS=860.658358658 loop=4510     P=  -1.88 R=  -2.97 Y=  97.66 jitter=1382ns
TS=860.663358601 loop=4511     P=  -1.79 R=  -2.94 Y=  97.47 jitter=1325ns
TS=860.668358619 loop=4512     P=  -1.70 R=  -2.92 Y=  97.26 jitter=1343ns
TS=860.673358988 loop=4513     P=  -1.60 R=  -2.90 Y=  97.05 jitter=1712ns
TS=860.678358617 loop=4514     P=  -1.50 R=  -2.88 Y=  96.83 jitter=1341ns
TS=860.683358616 loop=4515     P=  -1.41 R=  -2.86 Y=  96.59 jitter=1340ns
TS=860.688359207 loop=4516     P=  -1.33 R=  -2.89 Y=  96.35 jitter=1931ns
TS=860.693359799 loop=4517     P=  -1.23 R=  -2.94 Y=  96.09 jitter=2523ns
TS=860.698359446 loop=4518     P=  -1.11 R=  -2.96 Y=  95.82 jitter=2170ns
TS=860.703358927 loop=4519     P=  -1.02 R=  -3.04 Y=  95.53 jitter=1651ns
TS=860.708359815 loop=4520     P=  -0.96 R=  -3.02 Y=  95.21 jitter=2539ns
TS=860.713358758 loop=4521     P=  -0.99 R=  -3.17 Y=  94.88 jitter=1482ns
TS=860.718358924 loop=4522     P=  -1.06 R=  -3.34 Y=  94.52 jitter=1648ns
TS=860.723358867 loop=4523     P=  -1.11 R=  -3.44 Y=  94.16 jitter=1591ns
TS=860.728358737 loop=4524     P=  -1.16 R=  -3.41 Y=  93.80 jitter=1461ns
TS=860.733358717 loop=4525     P=  -1.20 R=  -3.43 Y=  93.42 jitter=1441ns
TS=860.738358883 loop=4526     P=  -1.23 R=  -3.44 Y=  93.03 jitter=1607ns
TS=860.743358826 loop=4527     P=  -1.23 R=  -3.35 Y=  92.64 jitter=1550ns
TS=860.748358788 loop=4528     P=  -1.22 R=  -3.21 Y=  92.23 jitter=1512ns
TS=860.753359250 loop=4529     P=  -1.20 R=  -3.07 Y=  91.79 jitter=1974ns
TS=860.758358823 loop=4530     P=  -1.16 R=  -2.95 Y=  91.35 jitter=1547ns
TS=860.763359026 loop=4531     P=  -1.10 R=  -2.91 Y=  90.89 jitter=1750ns
TS=860.768359303 loop=4532     P=  -1.05 R=  -2.88 Y=  90.43 jitter=2027ns
TS=860.773359135 loop=4533     P=  -0.93 R=  -2.43 Y=  89.95 jitter=1859ns
TS=860.778358875 loop=4534     P=  -0.86 R=  -2.42 Y=  89.46 jitter=1599ns
TS=860.783361078 loop=4535     P=  -0.85 R=  -2.48 Y=  88.95 jitter=3802ns
TS=860.788358892 loop=4536     P=  -0.84 R=  -2.50 Y=  88.43 jitter=1616ns
TS=860.793358594 loop=4537     P=  -0.85 R=  -2.37 Y=  87.91 jitter=1318ns
TS=860.798358612 loop=4538     P=  -0.86 R=  -2.38 Y=  87.38 jitter=1336ns
TS=860.803359018 loop=4539     P=  -0.86 R=  -2.35 Y=  86.84 jitter=1742ns
TS=860.808358628 loop=4540     P=  -0.86 R=  -2.38 Y=  86.30 jitter=1352ns
TS=860.813358998 loop=4541     P=  -0.83 R=  -2.34 Y=  85.76 jitter=1722ns
TS=860.818358663 loop=4542     P=  -0.79 R=  -2.16 Y=  85.23 jitter=1387ns
TS=860.823358625 loop=4543     P=  -0.73 R=  -2.11 Y=  84.68 jitter=1349ns
TS=860.828359050 loop=4544     P=  -0.67 R=  -2.10 Y=  84.13 jitter=1774ns
TS=860.833358642 loop=4545     P=  -0.58 R=  -1.98 Y=  83.58 jitter=1366ns
TS=860.838358623 loop=4546     P=  -0.51 R=  -1.93 Y=  83.02 jitter=1347ns
TS=860.843358622 loop=4547     P=  -0.45 R=  -1.95 Y=  82.46 jitter=1346ns
TS=860.848359898 loop=4548     P=  -0.41 R=  -1.88 Y=  81.91 jitter=2622ns
TS=860.853358620 loop=4549     P=  -0.36 R=  -1.79 Y=  81.35 jitter=1344ns
TS=860.858358619 loop=4550     P=  -0.30 R=  -1.75 Y=  80.79 jitter=1343ns
TS=860.863358599 loop=4551     P=  -0.26 R=  -1.82 Y=  80.23 jitter=1323ns
TS=860.868358635 loop=4552     P=  -0.20 R=  -1.69 Y=  79.68 jitter=1359ns
TS=860.873358671 loop=4553     P=  -0.15 R=  -1.72 Y=  79.13 jitter=1395ns
TS=860.878358615 loop=4554     P=  -0.10 R=  -1.72 Y=  78.59 jitter=1339ns
TS=860.883358614 loop=4555     P=  -0.04 R=  -1.69 Y=  78.04 jitter=1338ns
TS=860.888359057 loop=4556     P=   0.02 R=  -1.77 Y=  77.50 jitter=1781ns
TS=860.893358667 loop=4557     P=   0.07 R=  -1.79 Y=  76.96 jitter=1391ns
TS=860.898359018 loop=4558     P=   0.10 R=  -1.94 Y=  76.43 jitter=1742ns
TS=860.903359054 loop=4559     P=   0.14 R=  -1.98 Y=  75.91 jitter=1778ns
TS=860.908358646 loop=4560     P=   0.19 R=  -1.85 Y=  75.39 jitter=1370ns
TS=860.913358645 loop=4561     P=   0.20 R=  -1.90 Y=  74.88 jitter=1369ns
TS=860.918358626 loop=4562     P=   0.19 R=  -1.88 Y=  74.37 jitter=1350ns
TS=860.923358606 loop=4563     P=   0.17 R=  -1.93 Y=  73.87 jitter=1330ns
TS=860.928358624 loop=4564     P=   0.19 R=  -1.94 Y=  73.38 jitter=1348ns
TS=860.933358808 loop=4565     P=   0.21 R=  -1.95 Y=  72.90 jitter=1532ns
TS=860.938358640 loop=4566     P=   0.21 R=  -2.04 Y=  72.43 jitter=1364ns
TS=860.943359010 loop=4567     P=   0.20 R=  -2.04 Y=  71.98 jitter=1734ns
TS=860.948359342 loop=4568     P=   0.27 R=  -1.81 Y=  71.53 jitter=2066ns
TS=860.953358767 loop=4569     P=   0.33 R=  -1.75 Y=  71.07 jitter=1491ns
TS=860.958358599 loop=4570     P=   0.39 R=  -1.69 Y=  70.61 jitter=1323ns
TS=860.963358987 loop=4571     P=   0.41 R=  -1.75 Y=  70.14 jitter=1711ns
TS=860.968358634 loop=4572     P=   0.40 R=  -1.80 Y=  69.66 jitter=1358ns
TS=860.973358967 loop=4573     P=   0.42 R=  -1.81 Y=  69.19 jitter=1691ns
TS=860.978358632 loop=4574     P=   0.40 R=  -1.83 Y=  68.70 jitter=1356ns
TS=860.983358594 loop=4575     P=   0.35 R=  -1.89 Y=  68.20 jitter=1318ns
TS=860.988358982 loop=4576     P=   0.26 R=  -1.92 Y=  67.70 jitter=1706ns
TS=860.993359018 loop=4577     P=   0.16 R=  -1.95 Y=  67.20 jitter=1742ns
TS=860.998359425 loop=4578     P=   0.11 R=  -1.81 Y=  66.70 jitter=2149ns
TS=861.003359016 loop=4579     P=   0.16 R=  -1.45 Y=  66.20 jitter=1740ns
TS=861.008358627 loop=4580     P=   0.27 R=  -1.19 Y=  65.68 jitter=1351ns
TS=861.013358644 loop=4581     P=   0.31 R=  -1.14 Y=  65.15 jitter=1368ns
TS=861.018358625 loop=4582     P=   0.34 R=  -1.11 Y=  64.63 jitter=1349ns
TS=861.023359012 loop=4583     P=   0.38 R=  -1.04 Y=  64.11 jitter=1736ns
TS=861.028358660 loop=4584     P=   0.41 R=  -0.99 Y=  63.59 jitter=1384ns
TS=861.033358751 loop=4585     P=   0.44 R=  -0.96 Y=  63.08 jitter=1475ns
TS=861.038358639 loop=4586     P=   0.44 R=  -0.95 Y=  62.57 jitter=1363ns
TS=861.043358638 loop=4587     P=   0.44 R=  -0.97 Y=  62.05 jitter=1362ns
TS=861.048359267 loop=4588     P=   0.43 R=  -0.97 Y=  61.54 jitter=1991ns
TS=861.053358655 loop=4589     P=   0.42 R=  -0.93 Y=  61.02 jitter=1379ns
TS=861.058358617 loop=4590     P=   0.42 R=  -0.89 Y=  60.50 jitter=1341ns
TS=861.063358727 loop=4591     P=   0.42 R=  -0.85 Y=  59.98 jitter=1451ns
TS=861.068358633 loop=4592     P=   0.38 R=  -0.81 Y=  59.45 jitter=1357ns
TS=861.073358614 loop=4593     P=   0.38 R=  -0.72 Y=  58.92 jitter=1338ns
TS=861.078358631 loop=4594     P=   0.39 R=  -0.61 Y=  58.38 jitter=1355ns
TS=861.083358704 loop=4595     P=   0.41 R=  -0.54 Y=  57.83 jitter=1428ns
TS=861.088358944 loop=4596     P=   0.43 R=  -0.52 Y=  57.27 jitter=1668ns
TS=861.093358980 loop=4597     P=   0.47 R=  -0.48 Y=  56.72 jitter=1704ns
TS=861.098359646 loop=4598     P=   0.51 R=  -0.48 Y=  56.17 jitter=2370ns
TS=861.103358997 loop=4599     P=   0.54 R=  -0.49 Y=  55.62 jitter=1721ns
TS=861.108358681 loop=4600     P=   0.56 R=  -0.52 Y=  55.08 jitter=1405ns
TS=861.113358643 loop=4601     P=   0.57 R=  -0.53 Y=  54.56 jitter=1367ns
TS=861.118358623 loop=4602     P=   0.60 R=  -0.49 Y=  54.04 jitter=1347ns
TS=861.123358604 loop=4603     P=   0.60 R=  -0.47 Y=  53.53 jitter=1328ns
TS=861.128358658 loop=4604     P=   0.59 R=  -0.45 Y=  53.02 jitter=1382ns
TS=861.133358620 loop=4605     P=   0.61 R=  -0.41 Y=  52.52 jitter=1344ns
TS=861.138358990 loop=4606     P=   0.67 R=  -0.39 Y=  52.02 jitter=1714ns
TS=861.143358581 loop=4607     P=   0.75 R=  -0.37 Y=  51.52 jitter=1305ns
TS=861.148359284 loop=4608     P=   0.86 R=  -0.32 Y=  51.02 jitter=2008ns
TS=861.153358598 loop=4609     P=   0.96 R=  -0.30 Y=  50.52 jitter=1322ns
TS=861.158358578 loop=4610     P=   1.04 R=  -0.30 Y=  50.02 jitter=1302ns
TS=861.163358596 loop=4611     P=   1.11 R=  -0.30 Y=  49.51 jitter=1320ns
TS=861.168358780 loop=4612     P=   1.17 R=  -0.30 Y=  49.01 jitter=1504ns
TS=861.173358631 loop=4613     P=   1.21 R=  -0.31 Y=  48.50 jitter=1355ns
TS=861.178358722 loop=4614     P=   1.23 R=  -0.35 Y=  47.98 jitter=1446ns
TS=861.183358592 loop=4615     P=   1.26 R=  -0.36 Y=  47.47 jitter=1316ns
TS=861.188358628 loop=4616     P=   1.28 R=  -0.40 Y=  46.94 jitter=1352ns
TS=861.193359423 loop=4617     P=   1.31 R=  -0.43 Y=  46.41 jitter=2147ns
TS=861.198361459 loop=4618     P=   1.34 R=  -0.44 Y=  45.89 jitter=4183ns
TS=861.203358828 loop=4619     P=   1.36 R=  -0.44 Y=  45.35 jitter=1552ns
TS=861.208359383 loop=4620     P=   1.35 R=  -0.49 Y=  44.82 jitter=2107ns
TS=861.213359586 loop=4621     P=   1.33 R=  -0.47 Y=  44.29 jitter=2310ns
TS=861.218359270 loop=4622     P=   1.32 R=  -0.44 Y=  43.74 jitter=1994ns
TS=861.223358676 loop=4623     P=   1.33 R=  -0.42 Y=  43.18 jitter=1400ns
TS=861.228359286 loop=4624     P=   1.37 R=  -0.41 Y=  42.61 jitter=2010ns
TS=861.233358859 loop=4625     P=   1.40 R=  -0.42 Y=  42.04 jitter=1583ns
TS=861.238359210 loop=4626     P=   1.44 R=  -0.41 Y=  41.47 jitter=1934ns
TS=861.243358709 loop=4627     P=   1.46 R=  -0.40 Y=  40.89 jitter=1433ns
TS=861.248358912 loop=4628     P=   1.49 R=  -0.38 Y=  40.31 jitter=1636ns
TS=861.253359466 loop=4629     P=   1.54 R=  -0.36 Y=  39.73 jitter=2190ns
TS=861.258358780 loop=4630     P=   1.58 R=  -0.37 Y=  39.14 jitter=1504ns
TS=861.263359298 loop=4631     P=   1.62 R=  -0.39 Y=  38.56 jitter=2022ns
TS=861.268358612 loop=4632     P=   1.66 R=  -0.40 Y=  37.97 jitter=1336ns
TS=861.273359037 loop=4633     P=   1.70 R=  -0.41 Y=  37.39 jitter=1761ns
TS=861.278358647 loop=4634     P=   1.73 R=  -0.40 Y=  36.81 jitter=1371ns
TS=861.283359053 loop=4635     P=   1.75 R=  -0.42 Y=  36.24 jitter=1777ns
TS=861.288358719 loop=4636     P=   1.74 R=  -0.41 Y=  35.67 jitter=1443ns
TS=861.293358681 loop=4637     P=   1.73 R=  -0.40 Y=  35.10 jitter=1405ns
TS=861.298359143 loop=4638     P=   1.70 R=  -0.39 Y=  34.53 jitter=1867ns
TS=861.303358586 loop=4639     P=   1.68 R=  -0.37 Y=  33.96 jitter=1310ns
TS=861.308358678 loop=4640     P=   1.65 R=  -0.32 Y=  33.39 jitter=1402ns
TS=861.313358732 loop=4641     P=   1.61 R=  -0.28 Y=  32.83 jitter=1456ns
TS=861.318358676 loop=4642     P=   1.59 R=  -0.24 Y=  32.26 jitter=1400ns
TS=861.323358601 loop=4643     P=   1.59 R=  -0.21 Y=  31.69 jitter=1325ns
TS=861.328358988 loop=4644     P=   1.60 R=  -0.17 Y=  31.13 jitter=1712ns
TS=861.333358636 loop=4645     P=   1.60 R=  -0.14 Y=  30.58 jitter=1360ns
TS=861.338358616 loop=4646     P=   1.57 R=  -0.09 Y=  30.03 jitter=1340ns
TS=861.343358615 loop=4647     P=   1.55 R=  -0.04 Y=  29.49 jitter=1339ns
TS=861.348359947 loop=4648     P=   1.53 R=   0.00 Y=  28.95 jitter=2671ns
TS=861.353358595 loop=4649     P=   1.50 R=   0.04 Y=  28.41 jitter=1319ns
TS=861.358358668 loop=4650     P=   1.47 R=   0.11 Y=  27.88 jitter=1392ns
TS=861.363358593 loop=4651     P=   1.41 R=   0.17 Y=  27.34 jitter=1317ns
TS=861.368358629 loop=4652     P=   1.35 R=   0.23 Y=  26.80 jitter=1353ns
TS=861.373358609 loop=4653     P=   1.28 R=   0.27 Y=  26.26 jitter=1333ns
TS=861.378358997 loop=4654     P=   1.24 R=   0.32 Y=  25.72 jitter=1721ns
TS=861.383358644 loop=4655     P=   1.22 R=   0.31 Y=  25.18 jitter=1368ns
TS=861.388358680 loop=4656     P=   1.18 R=   0.34 Y=  24.65 jitter=1404ns
TS=861.393358994 loop=4657     P=   1.16 R=   0.39 Y=  24.12 jitter=1718ns
TS=861.398359289 loop=4658     P=   1.11 R=   0.39 Y=  23.60 jitter=2013ns
TS=861.403358973 loop=4659     P=   1.06 R=   0.43 Y=  23.09 jitter=1697ns
TS=861.408358769 loop=4660     P=   0.97 R=   0.48 Y=  22.58 jitter=1493ns
TS=861.413359101 loop=4661     P=   0.90 R=   0.56 Y=  22.08 jitter=1825ns
TS=861.418358619 loop=4662     P=   0.83 R=   0.62 Y=  21.57 jitter=1343ns
TS=861.423358655 loop=4663     P=   0.74 R=   0.71 Y=  21.06 jitter=1379ns
TS=861.428358635 loop=4664     P=   0.61 R=   0.77 Y=  20.55 jitter=1359ns
TS=861.433358616 loop=4665     P=   0.48 R=   0.83 Y=  20.05 jitter=1340ns
TS=861.438358633 loop=4666     P=   0.33 R=   0.88 Y=  19.55 jitter=1357ns
TS=861.443358651 loop=4667     P=   0.18 R=   0.92 Y=  19.04 jitter=1375ns
TS=861.448359631 loop=4668     P=   0.03 R=   0.96 Y=  18.54 jitter=2355ns
TS=861.453358612 loop=4669     P=  -0.15 R=   1.01 Y=  18.04 jitter=1336ns
TS=861.458358722 loop=4670     P=  -0.32 R=   1.03 Y=  17.55 jitter=1446ns
TS=861.463358739 loop=4671     P=  -0.48 R=   1.04 Y=  17.05 jitter=1463ns
TS=861.468358627 loop=4672     P=  -0.68 R=   1.00 Y=  16.55 jitter=1351ns
TS=861.473358626 loop=4673     P=  -0.87 R=   0.95 Y=  16.06 jitter=1350ns
TS=861.478358625 loop=4674     P=  -1.06 R=   0.89 Y=  15.58 jitter=1349ns
TS=861.483358606 loop=4675     P=  -1.27 R=   0.83 Y=  15.10 jitter=1330ns
TS=861.488358993 loop=4676     P=  -1.48 R=   0.78 Y=  14.65 jitter=1717ns
TS=861.493359011 loop=4677     P=  -1.68 R=   0.77 Y=  14.20 jitter=1735ns
TS=861.498359566 loop=4678     P=  -1.93 R=   0.76 Y=  13.77 jitter=2290ns
TS=861.503358972 loop=4679     P=  -2.14 R=   0.77 Y=  13.35 jitter=1696ns
TS=861.508358619 loop=4680     P=  -2.39 R=   0.77 Y=  12.94 jitter=1343ns
TS=861.513358600 loop=4681     P=  -2.64 R=   0.83 Y=  12.54 jitter=1324ns
TS=861.518358599 loop=4682     P=  -2.92 R=   0.88 Y=  12.13 jitter=1323ns
TS=861.523358635 loop=4683     P=  -3.24 R=   0.95 Y=  11.72 jitter=1359ns
TS=861.528358652 loop=4684     P=  -3.56 R=   1.01 Y=  11.30 jitter=1376ns
TS=861.533358596 loop=4685     P=  -3.82 R=   1.08 Y=  10.87 jitter=1320ns
TS=861.538358613 loop=4686     P=  -4.00 R=   1.18 Y=  10.44 jitter=1337ns
TS=861.543358982 loop=4687     P=  -4.13 R=   1.29 Y=  10.01 jitter=1706ns
TS=861.548359444 loop=4688     P=  -4.21 R=   1.41 Y=   9.58 jitter=2168ns
TS=861.553358629 loop=4689     P=  -4.24 R=   1.50 Y=   9.16 jitter=1353ns
TS=861.558358572 loop=4690     P=  -4.31 R=   1.55 Y=   8.75 jitter=1296ns
TS=861.563358701 loop=4691     P=  -4.36 R=   1.62 Y=   8.35 jitter=1425ns
TS=861.568358737 loop=4692     P=  -4.44 R=   1.67 Y=   7.95 jitter=1461ns
TS=861.573358606 loop=4693     P=  -4.56 R=   1.66 Y=   7.55 jitter=1330ns
TS=861.578358975 loop=4694     P=  -4.69 R=   1.52 Y=   7.16 jitter=1699ns
TS=861.583358641 loop=4695     P=  -4.84 R=   1.45 Y=   6.77 jitter=1365ns
TS=861.588359140 loop=4696     P=  -4.95 R=   1.41 Y=   6.40 jitter=1864ns
TS=861.593358676 loop=4697     P=  -5.05 R=   1.39 Y=   6.04 jitter=1400ns
TS=861.598358953 loop=4698     P=  -5.15 R=   1.37 Y=   5.69 jitter=1677ns
TS=861.603359044 loop=4699     P=  -5.21 R=   1.38 Y=   5.35 jitter=1768ns
TS=861.608358636 loop=4700     P=  -5.28 R=   1.43 Y=   5.02 jitter=1360ns
TS=861.613358617 loop=4701     P=  -5.34 R=   1.49 Y=   4.70 jitter=1341ns
TS=861.618358634 loop=4702     P=  -5.41 R=   1.56 Y=   4.39 jitter=1358ns
TS=861.623358577 loop=4703     P=  -5.46 R=   1.68 Y=   4.08 jitter=1301ns
TS=861.628358651 loop=4704     P=  -5.47 R=   1.80 Y=   3.77 jitter=1375ns
TS=861.633358594 loop=4705     P=  -5.47 R=   1.87 Y=   3.46 jitter=1318ns
TS=861.638358593 loop=4706     P=  -5.51 R=   1.90 Y=   3.15 jitter=1317ns
TS=861.643359018 loop=4707     P=  -5.54 R=   1.94 Y=   2.85 jitter=1742ns
TS=861.648359313 loop=4708     P=  -5.57 R=   1.94 Y=   2.54 jitter=2037ns
TS=861.653358609 loop=4709     P=  -5.60 R=   1.92 Y=   2.24 jitter=1333ns
TS=861.658358626 loop=4710     P=  -5.65 R=   1.88 Y=   1.94 jitter=1350ns
TS=861.663358606 loop=4711     P=  -5.71 R=   1.84 Y=   1.65 jitter=1330ns
TS=861.668358643 loop=4712     P=  -5.78 R=   1.79 Y=   1.36 jitter=1367ns
TS=861.673358642 loop=4713     P=  -5.85 R=   1.74 Y=   1.08 jitter=1366ns
TS=861.678359029 loop=4714     P=  -5.92 R=   1.70 Y=   0.80 jitter=1753ns
TS=861.683358621 loop=4715     P=  -5.99 R=   1.67 Y=   0.53 jitter=1345ns
TS=861.688358639 loop=4716     P=  -6.05 R=   1.64 Y=   0.27 jitter=1363ns
TS=861.693359008 loop=4717     P=  -6.09 R=   1.65 Y=   0.01 jitter=1732ns
TS=861.698359599 loop=4718     P=  -6.11 R=   1.67 Y=  -0.25 jitter=2323ns
TS=861.703361654 loop=4719     P=  -6.08 R=   1.69 Y=  -0.51 jitter=4378ns
TS=861.708358746 loop=4720     P=  -6.02 R=   1.72 Y=  -0.76 jitter=1470ns
TS=861.713358911 loop=4721     P=  -5.97 R=   1.76 Y=  -1.01 jitter=1635ns
TS=861.718359466 loop=4722     P=  -5.92 R=   1.81 Y=  -1.26 jitter=2190ns
TS=861.723358854 loop=4723     P=  -5.87 R=   1.83 Y=  -1.51 jitter=1578ns
TS=861.728358834 loop=4724     P=  -5.80 R=   1.84 Y=  -1.75 jitter=1558ns
TS=861.733358648 loop=4725     P=  -5.77 R=   1.83 Y=  -1.99 jitter=1372ns
TS=861.738358573 loop=4726     P=  -5.75 R=   1.83 Y=  -2.23 jitter=1297ns
TS=861.743359442 loop=4727     P=  -5.75 R=   1.81 Y=  -2.46 jitter=2166ns
TS=861.748358701 loop=4728     P=  -5.73 R=   1.79 Y=  -2.69 jitter=1425ns
TS=861.753358737 loop=4729     P=  -5.70 R=   1.80 Y=  -2.92 jitter=1461ns
TS=861.758358699 loop=4730     P=  -5.65 R=   1.82 Y=  -3.15 jitter=1423ns
TS=861.763360383 loop=4731     P=  -5.62 R=   1.85 Y=  -3.38 jitter=3107ns
TS=861.768359715 loop=4732     P=  -5.60 R=   1.89 Y=  -3.61 jitter=2439ns
TS=861.773358659 loop=4733     P=  -5.56 R=   1.95 Y=  -3.84 jitter=1383ns
TS=861.778359102 loop=4734     P=  -5.45 R=   2.01 Y=  -4.08 jitter=1826ns
TS=861.783358694 loop=4735     P=  -5.34 R=   2.09 Y=  -4.32 jitter=1418ns
TS=861.788359730 loop=4736     P=  -5.22 R=   2.15 Y=  -4.56 jitter=2454ns
TS=861.793359358 loop=4737     P=  -5.11 R=   2.19 Y=  -4.81 jitter=2082ns
TS=861.798359265 loop=4738     P=  -5.02 R=   2.23 Y=  -5.06 jitter=1989ns
TS=861.803359282 loop=4739     P=  -4.92 R=   2.31 Y=  -5.31 jitter=2006ns
TS=861.808358633 loop=4740     P=  -4.83 R=   2.38 Y=  -5.58 jitter=1357ns
TS=861.813358984 loop=4741     P=  -4.76 R=   2.37 Y=  -5.85 jitter=1708ns
TS=861.818358594 loop=4742     P=  -4.65 R=   2.36 Y=  -6.11 jitter=1318ns
TS=861.823358593 loop=4743     P=  -4.51 R=   2.41 Y=  -6.35 jitter=1317ns
TS=861.828358647 loop=4744     P=  -4.40 R=   2.46 Y=  -6.58 jitter=1371ns
TS=861.833358609 loop=4745     P=  -4.34 R=   2.45 Y=  -6.82 jitter=1333ns
TS=861.838358979 loop=4746     P=  -4.27 R=   2.50 Y=  -7.06 jitter=1703ns
TS=861.843358885 loop=4747     P=  -4.17 R=   2.56 Y=  -7.29 jitter=1609ns
TS=861.848359755 loop=4748     P=  -4.06 R=   2.62 Y=  -7.52 jitter=2479ns
TS=861.853359050 loop=4749     P=  -3.99 R=   2.73 Y=  -7.75 jitter=1774ns
TS=861.858358623 loop=4750     P=  -3.96 R=   2.88 Y=  -7.98 jitter=1347ns
TS=861.863359048 loop=4751     P=  -3.91 R=   2.99 Y=  -8.22 jitter=1772ns
TS=861.868358602 loop=4752     P=  -3.87 R=   3.08 Y=  -8.46 jitter=1326ns
TS=861.873358657 loop=4753     P=  -3.80 R=   3.17 Y=  -8.72 jitter=1381ns
TS=861.878358619 loop=4754     P=  -3.73 R=   3.33 Y=  -8.96 jitter=1343ns
TS=861.883358599 loop=4755     P=  -3.55 R=   3.53 Y=  -9.21 jitter=1323ns
TS=861.888359006 loop=4756     P=  -3.43 R=   3.51 Y=  -9.46 jitter=1730ns
TS=861.893358986 loop=4757     P=  -3.31 R=   3.61 Y=  -9.68 jitter=1710ns
TS=861.898359041 loop=4758     P=  -3.27 R=   3.67 Y=  -9.89 jitter=1765ns
TS=861.903359040 loop=4759     P=  -3.28 R=   3.71 Y= -10.10 jitter=1764ns
TS=861.908358668 loop=4760     P=  -3.23 R=   3.74 Y= -10.31 jitter=1392ns
TS=861.913358797 loop=4761     P=  -3.12 R=   3.88 Y= -10.51 jitter=1521ns
TS=861.918358796 loop=4762     P=  -3.04 R=   4.07 Y= -10.71 jitter=1520ns
TS=861.923358943 loop=4763     P=  -3.01 R=   4.22 Y= -10.91 jitter=1667ns
TS=861.928358627 loop=4764     P=  -2.86 R=   4.37 Y= -11.11 jitter=1351ns
TS=861.933358645 loop=4765     P=  -2.74 R=   4.53 Y= -11.30 jitter=1369ns
TS=861.938358959 loop=4766     P=  -2.70 R=   4.60 Y= -11.50 jitter=1683ns
TS=861.943358976 loop=4767     P=  -2.65 R=   4.57 Y= -11.70 jitter=1700ns
TS=861.948359790 loop=4768     P=  -2.59 R=   4.53 Y= -11.90 jitter=2514ns
TS=861.953359030 loop=4769     P=  -2.55 R=   4.50 Y= -12.08 jitter=1754ns
TS=861.958358603 loop=4770     P=  -2.50 R=   4.44 Y= -12.24 jitter=1327ns
TS=861.963359250 loop=4771     P=  -2.45 R=   4.33 Y= -12.38 jitter=1974ns
TS=861.968359342 loop=4772     P=  -2.45 R=   4.24 Y= -12.49 jitter=2066ns
TS=861.973358637 loop=4773     P=  -2.35 R=   4.39 Y= -12.55 jitter=1361ns
TS=861.978358636 loop=4774     P=  -2.29 R=   4.43 Y= -12.61 jitter=1360ns
TS=861.983358598 loop=4775     P=  -2.30 R=   4.40 Y= -12.66 jitter=1322ns
TS=861.988359060 loop=4776     P=  -2.38 R=   4.35 Y= -12.69 jitter=1784ns
TS=861.993358985 loop=4777     P=  -2.35 R=   4.36 Y= -12.71 jitter=1709ns
TS=861.998359095 loop=4778     P=  -2.33 R=   4.32 Y= -12.71 jitter=1819ns
TS=862.003359001 loop=4779     P=  -2.29 R=   4.32 Y= -12.69 jitter=1725ns
TS=862.008358648 loop=4780     P=  -2.34 R=   4.27 Y= -12.66 jitter=1372ns
TS=862.013358592 loop=4781     P=  -2.37 R=   4.25 Y= -12.59 jitter=1316ns
TS=862.018358646 loop=4782     P=  -2.40 R=   4.25 Y= -12.49 jitter=1370ns
TS=862.023358645 loop=4783     P=  -2.46 R=   4.21 Y= -12.37 jitter=1369ns
TS=862.028358663 loop=4784     P=  -2.52 R=   4.14 Y= -12.23 jitter=1387ns
TS=862.033358625 loop=4785     P=  -2.57 R=   4.11 Y= -12.06 jitter=1349ns
TS=862.038358624 loop=4786     P=  -2.60 R=   4.08 Y= -11.87 jitter=1348ns
TS=862.043359086 loop=4787     P=  -2.65 R=   4.03 Y= -11.66 jitter=1810ns
TS=862.048359677 loop=4788     P=  -2.68 R=   3.97 Y= -11.42 jitter=2401ns
TS=862.053358639 loop=4789     P=  -2.70 R=   3.89 Y= -11.16 jitter=1363ns
TS=862.058358601 loop=4790     P=  -2.71 R=   3.83 Y= -10.88 jitter=1325ns
TS=862.063358878 loop=4791     P=  -2.69 R=   3.80 Y= -10.57 jitter=1602ns
TS=862.068358655 loop=4792     P=  -2.66 R=   3.78 Y= -10.23 jitter=1379ns
TS=862.073358617 loop=4793     P=  -2.64 R=   3.78 Y=  -9.87 jitter=1341ns
TS=862.078358597 loop=4794     P=  -2.61 R=   3.78 Y=  -9.47 jitter=1321ns
TS=862.083358615 loop=4795     P=  -2.54 R=   3.79 Y=  -9.05 jitter=1339ns
TS=862.088358669 loop=4796     P=  -2.52 R=   3.83 Y=  -8.60 jitter=1393ns
TS=862.093358613 loop=4797     P=  -2.52 R=   3.86 Y=  -8.13 jitter=1337ns
TS=862.098359963 loop=4798     P=  -2.53 R=   3.87 Y=  -7.63 jitter=2687ns
TS=862.103358999 loop=4799     P=  -2.55 R=   3.91 Y=  -7.11 jitter=1723ns
TS=862.108358665 loop=4800     P=  -2.55 R=   3.94 Y=  -6.57 jitter=1389ns
TS=862.113358923 loop=4801     P=  -2.58 R=   3.91 Y=  -6.01 jitter=1647ns
TS=862.118358644 loop=4802     P=  -2.59 R=   3.87 Y=  -5.44 jitter=1368ns
TS=862.123358643 loop=4803     P=  -2.59 R=   3.83 Y=  -4.85 jitter=1367ns
TS=862.128358679 loop=4804     P=  -2.56 R=   3.84 Y=  -4.23 jitter=1403ns
TS=862.133358604 loop=4805     P=  -2.51 R=   3.86 Y=  -3.60 jitter=1328ns
TS=862.138358937 loop=4806     P=  -2.49 R=   3.92 Y=  -2.95 jitter=1661ns
TS=862.143358843 loop=4807     P=  -2.48 R=   4.00 Y=  -2.28 jitter=1567ns
TS=862.148359379 loop=4808     P=  -2.49 R=   4.08 Y=  -1.60 jitter=2103ns
TS=862.153358693 loop=4809     P=  -2.50 R=   4.15 Y=  -0.91 jitter=1417ns
TS=862.158358599 loop=4810     P=  -2.55 R=   4.25 Y=  -0.22 jitter=1323ns
TS=862.163358580 loop=4811     P=  -2.52 R=   4.44 Y=   0.49 jitter=1304ns
TS=862.168358634 loop=4812     P=  -2.60 R=   4.53 Y=   1.20 jitter=1358ns
TS=862.173358596 loop=4813     P=  -2.68 R=   4.73 Y=   1.92 jitter=1320ns
TS=862.178358632 loop=4814     P=  -2.82 R=   4.82 Y=   2.65 jitter=1356ns
TS=862.183358575 loop=4815     P=  -2.96 R=   4.88 Y=   3.37 jitter=1299ns
TS=862.188358982 loop=4816     P=  -3.11 R=   4.99 Y=   4.09 jitter=1706ns
TS=862.193358962 loop=4817     P=  -3.23 R=   5.16 Y=   4.81 jitter=1686ns
TS=862.198362535 loop=4818     P=  -3.33 R=   5.36 Y=   5.53 jitter=5259ns
TS=862.203360442 loop=4819     P=  -3.42 R=   5.53 Y=   6.23 jitter=3166ns
TS=862.208358718 loop=4820     P=  -3.49 R=   5.69 Y=   6.91 jitter=1442ns
TS=862.213359995 loop=4821     P=  -3.59 R=   5.80 Y=   7.59 jitter=2719ns
TS=862.218359031 loop=4822     P=  -3.69 R=   5.91 Y=   8.24 jitter=1755ns
TS=862.223359530 loop=4823     P=  -3.75 R=   6.20 Y=   8.88 jitter=2254ns
TS=862.228359029 loop=4824     P=  -3.82 R=   6.32 Y=   9.49 jitter=1753ns
TS=862.233358843 loop=4825     P=  -3.91 R=   6.33 Y=  10.07 jitter=1567ns
TS=862.238359138 loop=4826     P=  -3.95 R=   6.38 Y=  10.66 jitter=1862ns
TS=862.243359304 loop=4827     P=  -3.93 R=   6.43 Y=  11.26 jitter=2028ns
TS=862.248358877 loop=4828     P=  -3.89 R=   6.40 Y=  11.86 jitter=1601ns
TS=862.253358802 loop=4829     P=  -3.81 R=   6.52 Y=  12.48 jitter=1526ns
TS=862.258359041 loop=4830     P=  -3.81 R=   6.49 Y=  13.12 jitter=1765ns
TS=862.263359003 loop=4831     P=  -3.87 R=   6.41 Y=  13.74 jitter=1727ns
TS=862.268358817 loop=4832     P=  -3.88 R=   6.39 Y=  14.37 jitter=1541ns
TS=862.273359131 loop=4833     P=  -3.90 R=   6.39 Y=  15.01 jitter=1855ns
TS=862.278358648 loop=4834     P=  -3.88 R=   6.46 Y=  15.65 jitter=1372ns
TS=862.283359314 loop=4835     P=  -3.85 R=   6.50 Y=  16.29 jitter=2038ns
TS=862.288358795 loop=4836     P=  -3.82 R=   6.52 Y=  16.91 jitter=1519ns
TS=862.293358905 loop=4837     P=  -3.77 R=   6.56 Y=  17.54 jitter=1629ns
TS=862.298359052 loop=4838     P=  -3.75 R=   6.56 Y=  18.17 jitter=1776ns
TS=862.303359032 loop=4839     P=  -3.74 R=   6.46 Y=  18.78 jitter=1756ns
TS=862.308358661 loop=4840     P=  -3.73 R=   6.31 Y=  19.39 jitter=1385ns
TS=862.313358901 loop=4841     P=  -3.68 R=   6.22 Y=  20.02 jitter=1625ns
TS=862.318358881 loop=4842     P=  -3.54 R=   6.33 Y=  20.65 jitter=1605ns
TS=862.323358621 loop=4843     P=  -3.45 R=   6.16 Y=  21.27 jitter=1345ns
TS=862.328359009 loop=4844     P=  -3.32 R=   6.17 Y=  21.91 jitter=1733ns
TS=862.333358619 loop=4845     P=  -3.28 R=   6.00 Y=  22.52 jitter=1343ns
TS=862.338358636 loop=4846     P=  -3.23 R=   5.95 Y=  23.12 jitter=1360ns
TS=862.343358598 loop=4847     P=  -3.17 R=   5.82 Y=  23.73 jitter=1322ns
TS=862.348359467 loop=4848     P=  -3.12 R=   5.69 Y=  24.33 jitter=2191ns
TS=862.353358614 loop=4849     P=  -3.07 R=   5.54 Y=  24.93 jitter=1338ns
TS=862.358358613 loop=4850     P=  -3.01 R=   5.44 Y=  25.53 jitter=1337ns
TS=862.363358594 loop=4851     P=  -2.90 R=   5.47 Y=  26.13 jitter=1318ns
TS=862.368358630 loop=4852     P=  -2.80 R=   5.42 Y=  26.74 jitter=1354ns
TS=862.373358592 loop=4853     P=  -2.72 R=   5.33 Y=  27.34 jitter=1316ns
TS=862.378358628 loop=4854     P=  -2.65 R=   5.28 Y=  27.95 jitter=1352ns
TS=862.383358645 loop=4855     P=  -2.58 R=   5.25 Y=  28.56 jitter=1369ns
TS=862.388358681 loop=4856     P=  -2.53 R=   5.25 Y=  29.18 jitter=1405ns
TS=862.393358643 loop=4857     P=  -2.51 R=   5.15 Y=  29.81 jitter=1367ns
TS=862.398359327 loop=4858     P=  -2.49 R=   5.23 Y=  30.44 jitter=2051ns
TS=862.403359049 loop=4859     P=  -2.38 R=   5.33 Y=  31.08 jitter=1773ns
TS=862.408358659 loop=4860     P=  -2.31 R=   5.38 Y=  31.73 jitter=1383ns
TS=862.413358806 loop=4861     P=  -2.16 R=   5.25 Y=  32.36 jitter=1530ns
TS=862.418358620 loop=4862     P=  -2.12 R=   5.18 Y=  32.98 jitter=1344ns
TS=862.423358600 loop=4863     P=  -2.12 R=   4.96 Y=  33.61 jitter=1324ns
TS=862.428358636 loop=4864     P=  -2.12 R=   4.75 Y=  34.24 jitter=1360ns
TS=862.433358598 loop=4865     P=  -2.09 R=   4.69 Y=  34.88 jitter=1322ns
TS=862.438358615 loop=4866     P=  -2.09 R=   4.51 Y=  35.52 jitter=1339ns
TS=862.443359059 loop=4867     P=  -2.13 R=   4.32 Y=  36.16 jitter=1783ns
TS=862.448359299 loop=4868     P=  -2.18 R=   4.08 Y=  36.80 jitter=2023ns
TS=862.453359223 loop=4869     P=  -2.21 R=   4.01 Y=  37.43 jitter=1947ns
TS=862.458358630 loop=4870     P=  -2.17 R=   4.03 Y=  38.08 jitter=1354ns
TS=862.463358666 loop=4871     P=  -2.12 R=   3.85 Y=  38.72 jitter=1390ns
TS=862.468358665 loop=4872     P=  -2.13 R=   4.06 Y=  39.34 jitter=1389ns
TS=862.473358627 loop=4873     P=  -2.06 R=   3.92 Y=  39.98 jitter=1351ns
TS=862.478358626 loop=4874     P=  -2.05 R=   3.61 Y=  40.62 jitter=1350ns
TS=862.483358606 loop=4875     P=  -2.01 R=   3.58 Y=  41.27 jitter=1330ns
TS=862.488359013 loop=4876     P=  -1.90 R=   3.42 Y=  41.94 jitter=1737ns
TS=862.493358623 loop=4877     P=  -1.71 R=   3.40 Y=  42.61 jitter=1347ns
TS=862.498359399 loop=4878     P=  -1.58 R=   3.53 Y=  43.30 jitter=2123ns
TS=862.503359009 loop=4879     P=  -1.56 R=   3.26 Y=  44.00 jitter=1733ns
TS=862.508358657 loop=4880     P=  -1.65 R=   2.93 Y=  44.69 jitter=1381ns
TS=862.513358693 loop=4881     P=  -1.76 R=   2.62 Y=  45.39 jitter=1417ns
TS=862.518358617 loop=4882     P=  -1.83 R=   2.53 Y=  46.06 jitter=1341ns
TS=862.523358635 loop=4883     P=  -1.80 R=   2.39 Y=  46.74 jitter=1359ns
TS=862.528358967 loop=4884     P=  -1.75 R=   2.31 Y=  47.42 jitter=1691ns
TS=862.533358614 loop=4885     P=  -1.67 R=   2.34 Y=  48.10 jitter=1338ns
TS=862.538358613 loop=4886     P=  -1.62 R=   2.21 Y=  48.77 jitter=1337ns
TS=862.543358631 loop=4887     P=  -1.65 R=   2.40 Y=  49.43 jitter=1355ns
TS=862.548359982 loop=4888     P=  -1.58 R=   2.16 Y=  50.11 jitter=2706ns
TS=862.553358610 loop=4889     P=  -1.58 R=   1.99 Y=  50.75 jitter=1334ns
TS=862.558358609 loop=4890     P=  -1.55 R=   1.93 Y=  51.38 jitter=1333ns
TS=862.563358756 loop=4891     P=  -1.51 R=   1.84 Y=  52.00 jitter=1480ns
TS=862.568358978 loop=4892     P=  -1.47 R=   1.82 Y=  52.62 jitter=1702ns
TS=862.573358625 loop=4893     P=  -1.43 R=   1.74 Y=  53.23 jitter=1349ns
TS=862.578358624 loop=4894     P=  -1.42 R=   1.66 Y=  53.83 jitter=1348ns
TS=862.583358623 loop=4895     P=  -1.41 R=   1.53 Y=  54.43 jitter=1347ns
TS=862.588358992 loop=4896     P=  -1.42 R=   1.64 Y=  55.04 jitter=1716ns
TS=862.593358639 loop=4897     P=  -1.43 R=   1.63 Y=  55.66 jitter=1363ns
TS=862.598359490 loop=4898     P=  -1.37 R=   1.60 Y=  56.28 jitter=2214ns
TS=862.603358970 loop=4899     P=  -1.43 R=   1.80 Y=  56.87 jitter=1694ns
TS=862.608358803 loop=4900     P=  -1.52 R=   1.77 Y=  57.48 jitter=1527ns
TS=862.613359246 loop=4901     P=  -1.57 R=   1.66 Y=  58.10 jitter=1970ns
TS=862.618358634 loop=4902     P=  -1.57 R=   1.60 Y=  58.71 jitter=1358ns
TS=862.623358633 loop=4903     P=  -1.51 R=   1.47 Y=  59.31 jitter=1357ns
TS=862.628358669 loop=4904     P=  -1.56 R=   1.48 Y=  59.88 jitter=1393ns
TS=862.633358612 loop=4905     P=  -1.58 R=   1.39 Y=  60.45 jitter=1336ns
TS=862.638358982 loop=4906     P=  -1.63 R=   1.25 Y=  60.99 jitter=1706ns
TS=862.643358610 loop=4907     P=  -1.65 R=   1.43 Y=  61.53 jitter=1334ns
TS=862.648359368 loop=4908     P=  -1.74 R=   1.38 Y=  62.10 jitter=2092ns
TS=862.653358608 loop=4909     P=  -1.69 R=   1.23 Y=  62.67 jitter=1332ns
TS=862.658358626 loop=4910     P=  -1.72 R=   0.80 Y=  63.20 jitter=1350ns
TS=862.663358606 loop=4911     P=  -1.77 R=   0.71 Y=  63.70 jitter=1330ns
TS=862.668358642 loop=4912     P=  -1.90 R=   0.91 Y=  64.14 jitter=1366ns
TS=862.673358641 loop=4913     P=  -2.09 R=   0.69 Y=  64.58 jitter=1365ns
TS=862.678358640 loop=4914     P=  -2.23 R=   0.27 Y=  65.04 jitter=1364ns
TS=862.683358602 loop=4915     P=  -2.40 R=   0.11 Y=  65.51 jitter=1326ns
TS=862.688358638 loop=4916     P=  -2.43 R=  -0.07 Y=  65.96 jitter=1362ns
TS=862.693358637 loop=4917     P=  -2.56 R=  -0.32 Y=  66.38 jitter=1361ns
TS=862.698359506 loop=4918     P=  -2.66 R=  -0.39 Y=  66.78 jitter=2230ns
TS=862.703360542 loop=4919     P=  -2.75 R=  -0.29 Y=  67.16 jitter=3266ns
TS=862.708358708 loop=4920     P=  -2.85 R=  -0.53 Y=  67.57 jitter=1432ns
TS=862.713359799 loop=4921     P=  -3.11 R=  -0.87 Y=  68.05 jitter=2523ns
TS=862.718359039 loop=4922     P=  -3.24 R=  -1.10 Y=  68.57 jitter=1763ns
TS=862.723358723 loop=4923     P=  -3.47 R=  -1.24 Y=  69.11 jitter=1447ns
TS=862.728358741 loop=4924     P=  -3.46 R=  -1.46 Y=  69.68 jitter=1465ns
TS=862.733358943 loop=4925     P=  -3.56 R=  -1.67 Y=  70.24 jitter=1667ns
TS=862.738358979 loop=4926     P=  -3.71 R=  -1.86 Y=  70.79 jitter=1703ns
TS=862.743359201 loop=4927     P=  -3.86 R=  -1.96 Y=  71.33 jitter=1925ns
TS=862.748359107 loop=4928     P=  -3.96 R=  -2.11 Y=  71.89 jitter=1831ns
TS=862.753358810 loop=4929     P=  -4.02 R=  -2.34 Y=  72.47 jitter=1534ns
TS=862.758358753 loop=4930     P=  -4.09 R=  -2.36 Y=  73.05 jitter=1477ns
TS=862.763359048 loop=4931     P=  -4.08 R=  -2.36 Y=  73.65 jitter=1772ns
TS=862.768359158 loop=4932     P=  -4.05 R=  -2.38 Y=  74.24 jitter=1882ns
TS=862.773358694 loop=4933     P=  -4.03 R=  -2.38 Y=  74.83 jitter=1418ns
TS=862.778359267 loop=4934     P=  -3.99 R=  -2.37 Y=  75.41 jitter=1991ns
TS=862.783358970 loop=4935     P=  -3.97 R=  -2.40 Y=  76.00 jitter=1694ns
TS=862.788359062 loop=4936     P=  -3.95 R=  -2.43 Y=  76.59 jitter=1786ns
TS=862.793358820 loop=4937     P=  -3.97 R=  -2.56 Y=  77.20 jitter=1544ns
TS=862.798359115 loop=4938     P=  -4.00 R=  -2.74 Y=  77.83 jitter=1839ns
TS=862.803363744 loop=4939     P=  -3.99 R=  -2.93 Y=  78.50 jitter=6468ns
TS=862.808360002 loop=4940     P=  -3.99 R=  -3.08 Y=  79.20 jitter=2726ns
TS=862.813358908 loop=4941     P=  -4.02 R=  -3.24 Y=  79.94 jitter=1632ns
TS=862.818358611 loop=4942     P=  -4.09 R=  -3.26 Y=  80.69 jitter=1335ns
TS=862.823359369 loop=4943     P=  -4.15 R=  -2.98 Y=  81.46 jitter=2093ns
TS=862.828358665 loop=4944     P=  -4.24 R=  -2.75 Y=  82.18 jitter=1389ns
TS=862.833358627 loop=4945     P=  -4.43 R=  -2.64 Y=  82.85 jitter=1351ns
TS=862.838358996 loop=4946     P=  -4.54 R=  -2.38 Y=  83.50 jitter=1720ns
TS=862.843358939 loop=4947     P=  -4.64 R=  -2.09 Y=  84.11 jitter=1663ns
TS=862.848359883 loop=4948     P=  -4.62 R=  -1.80 Y=  84.72 jitter=2607ns
TS=862.853358622 loop=4949     P=  -4.57 R=  -1.66 Y=  85.32 jitter=1346ns
TS=862.858358621 loop=4950     P=  -4.54 R=  -1.60 Y=  85.93 jitter=1345ns
TS=862.863358583 loop=4951     P=  -4.51 R=  -1.51 Y=  86.53 jitter=1307ns
TS=862.868358619 loop=4952     P=  -4.47 R=  -1.32 Y=  87.13 jitter=1343ns
TS=862.873358600 loop=4953     P=  -4.46 R=  -1.15 Y=  87.72 jitter=1324ns
TS=862.878358636 loop=4954     P=  -4.41 R=  -0.95 Y=  88.30 jitter=1360ns
TS=862.883358801 loop=4955     P=  -4.31 R=  -0.82 Y=  88.88 jitter=1525ns
TS=862.888358652 loop=4956     P=  -4.24 R=  -0.74 Y=  89.46 jitter=1376ns
TS=862.893358651 loop=4957     P=  -4.20 R=  -0.61 Y=  90.03 jitter=1375ns
TS=862.898359021 loop=4958     P=  -4.19 R=  -0.47 Y=  90.62 jitter=1745ns
TS=862.903359038 loop=4959     P=  -4.18 R=  -0.41 Y=  91.19 jitter=1762ns
TS=862.908358648 loop=4960     P=  -4.22 R=  -0.41 Y=  91.76 jitter=1372ns
TS=862.913358851 loop=4961     P=  -4.25 R=  -0.52 Y=  92.33 jitter=1575ns
TS=862.918358905 loop=4962     P=  -4.32 R=  -0.67 Y=  92.90 jitter=1629ns
TS=862.923358645 loop=4963     P=  -4.43 R=  -0.85 Y=  93.48 jitter=1369ns
TS=862.928358996 loop=4964     P=  -4.54 R=  -0.96 Y=  94.06 jitter=1720ns
TS=862.933358606 loop=4965     P=  -4.62 R=  -1.04 Y=  94.65 jitter=1330ns
TS=862.938358623 loop=4966     P=  -4.67 R=  -1.08 Y=  95.25 jitter=1347ns
TS=862.943358604 loop=4967     P=  -4.69 R=  -1.06 Y=  95.84 jitter=1328ns
TS=862.948359362 loop=4968     P=  -4.67 R=  -1.01 Y=  96.44 jitter=2086ns
TS=862.953358583 loop=4969     P=  -4.65 R=  -0.94 Y=  97.02 jitter=1307ns
TS=862.958358582 loop=4970     P=  -4.59 R=  -0.87 Y=  97.59 jitter=1306ns
TS=862.963358933 loop=4971     P=  -4.51 R=  -0.83 Y=  98.16 jitter=1657ns
TS=862.968359154 loop=4972     P=  -4.47 R=  -0.82 Y=  98.72 jitter=1878ns
TS=862.973358672 loop=4973     P=  -4.44 R=  -0.83 Y=  99.28 jitter=1396ns
TS=862.978358615 loop=4974     P=  -4.43 R=  -0.88 Y=  99.83 jitter=1339ns
TS=862.983358614 loop=4975     P=  -4.43 R=  -0.92 Y= 100.40 jitter=1338ns
TS=862.988358650 loop=4976     P=  -4.45 R=  -0.99 Y= 100.96 jitter=1374ns
TS=862.993358593 loop=4977     P=  -4.49 R=  -1.07 Y= 101.54 jitter=1317ns
TS=862.998359000 loop=4978     P=  -4.54 R=  -1.12 Y= 102.12 jitter=1724ns
TS=863.003358999 loop=4979     P=  -4.54 R=  -1.20 Y= 102.72 jitter=1723ns
TS=863.008358646 loop=4980     P=  -4.54 R=  -1.24 Y= 103.32 jitter=1370ns
TS=863.013358608 loop=4981     P=  -4.55 R=  -1.25 Y= 103.92 jitter=1332ns
TS=863.018358625 loop=4982     P=  -4.57 R=  -1.21 Y= 104.52 jitter=1349ns
TS=863.023358624 loop=4983     P=  -4.53 R=  -1.18 Y= 105.10 jitter=1348ns
TS=863.028358660 loop=4984     P=  -4.47 R=  -1.17 Y= 105.67 jitter=1384ns
TS=863.033358604 loop=4985     P=  -4.42 R=  -1.20 Y= 106.23 jitter=1328ns
TS=863.038358973 loop=4986     P=  -4.43 R=  -1.27 Y= 106.76 jitter=1697ns
TS=863.043358639 loop=4987     P=  -4.43 R=  -1.40 Y= 107.28 jitter=1363ns
TS=863.048359490 loop=4988     P=  -4.43 R=  -1.54 Y= 107.79 jitter=2214ns
TS=863.053359118 loop=4989     P=  -4.42 R=  -1.69 Y= 108.28 jitter=1842ns
TS=863.058358599 loop=4990     P=  -4.45 R=  -1.84 Y= 108.76 jitter=1323ns
TS=863.063358616 loop=4991     P=  -4.48 R=  -1.99 Y= 109.23 jitter=1340ns
TS=863.068358615 loop=4992     P=  -4.49 R=  -2.08 Y= 109.70 jitter=1339ns
TS=863.073358595 loop=4993     P=  -4.48 R=  -2.15 Y= 110.16 jitter=1319ns
TS=863.078358631 loop=4994     P=  -4.44 R=  -2.14 Y= 110.62 jitter=1355ns
TS=863.083358630 loop=4995     P=  -4.38 R=  -2.10 Y= 111.07 jitter=1354ns
TS=863.088358648 loop=4996     P=  -4.33 R=  -2.03 Y= 111.52 jitter=1372ns
TS=863.093358850 loop=4997     P=  -4.23 R=  -1.97 Y= 111.96 jitter=1574ns
TS=863.098359572 loop=4998     P=  -4.12 R=  -1.89 Y= 112.39 jitter=2296ns
TS=863.103359089 loop=4999     P=  -4.04 R=  -1.82 Y= 112.82 jitter=1813ns
TS=863.108358662 loop=5000     P=  -4.00 R=  -1.79 Y= 113.23 jitter=1386ns
TS=863.113358605 loop=5001     P=  -3.95 R=  -1.74 Y= 113.64 jitter=1329ns
TS=863.118358623 loop=5002     P=  -3.93 R=  -1.72 Y= 114.03 jitter=1347ns
TS=863.123358603 loop=5003     P=  -3.90 R=  -1.71 Y= 114.42 jitter=1327ns
TS=863.128358639 loop=5004     P=  -3.89 R=  -1.71 Y= 114.80 jitter=1363ns
TS=863.133358620 loop=5005     P=  -3.88 R=  -1.69 Y= 115.17 jitter=1344ns
TS=863.138359285 loop=5006     P=  -3.87 R=  -1.69 Y= 115.53 jitter=2009ns
TS=863.143358655 loop=5007     P=  -3.84 R=  -1.73 Y= 115.88 jitter=1379ns
TS=863.148358654 loop=5008     P=  -3.79 R=  -1.75 Y= 116.23 jitter=1378ns
TS=863.153359041 loop=5009     P=  -3.73 R=  -1.76 Y= 116.58 jitter=1765ns
TS=863.158358596 loop=5010     P=  -3.69 R=  -1.76 Y= 116.92 jitter=1320ns
TS=863.163358613 loop=5011     P=  -3.66 R=  -1.74 Y= 117.27 jitter=1337ns
TS=863.168358927 loop=5012     P=  -3.64 R=  -1.73 Y= 117.62 jitter=1651ns
TS=863.173358815 loop=5013     P=  -3.58 R=  -1.70 Y= 117.96 jitter=1539ns
TS=863.178358629 loop=5014     P=  -3.52 R=  -1.67 Y= 118.31 jitter=1353ns
TS=863.183358628 loop=5015     P=  -3.43 R=  -1.63 Y= 118.65 jitter=1352ns
TS=863.188358997 loop=5016     P=  -3.39 R=  -1.59 Y= 119.00 jitter=1721ns
TS=863.193358644 loop=5017     P=  -3.39 R=  -1.58 Y= 119.34 jitter=1368ns
TS=863.198359161 loop=5018     P=  -3.40 R=  -1.59 Y= 119.68 jitter=1885ns
TS=863.203360494 loop=5019     P=  -3.43 R=  -1.61 Y= 120.02 jitter=3218ns
TS=863.208358715 loop=5020     P=  -3.43 R=  -1.65 Y= 120.37 jitter=1439ns
TS=863.213358769 loop=5021     P=  -3.47 R=  -1.71 Y= 120.72 jitter=1493ns
TS=863.218358972 loop=5022     P=  -3.48 R=  -1.79 Y= 121.07 jitter=1696ns
TS=863.223359971 loop=5023     P=  -3.52 R=  -1.85 Y= 121.42 jitter=2695ns
TS=863.228358822 loop=5024     P=  -3.57 R=  -1.90 Y= 121.77 jitter=1546ns
TS=863.233358691 loop=5025     P=  -3.66 R=  -1.94 Y= 122.13 jitter=1415ns
TS=863.238358727 loop=5026     P=  -3.77 R=  -1.93 Y= 122.49 jitter=1451ns
TS=863.243359281 loop=5027     P=  -3.87 R=  -1.89 Y= 122.85 jitter=2005ns
TS=863.248358836 loop=5028     P=  -3.93 R=  -1.85 Y= 123.21 jitter=1560ns
TS=863.253358816 loop=5029     P=  -3.99 R=  -1.78 Y= 123.57 jitter=1540ns
TS=863.258359260 loop=5030     P=  -4.04 R=  -1.72 Y= 123.93 jitter=1984ns
TS=863.263358870 loop=5031     P=  -4.10 R=  -1.67 Y= 124.28 jitter=1594ns
TS=863.268358758 loop=5032     P=  -4.15 R=  -1.65 Y= 124.64 jitter=1482ns
TS=863.273358905 loop=5033     P=  -4.22 R=  -1.64 Y= 125.01 jitter=1629ns
TS=863.278359163 loop=5034     P=  -4.26 R=  -1.63 Y= 125.38 jitter=1887ns
TS=863.283359273 loop=5035     P=  -4.31 R=  -1.63 Y= 125.76 jitter=1997ns
TS=863.288358753 loop=5036     P=  -4.35 R=  -1.65 Y= 126.15 jitter=1477ns
TS=863.293358789 loop=5037     P=  -4.41 R=  -1.68 Y= 126.54 jitter=1513ns
TS=863.298359659 loop=5038     P=  -4.45 R=  -1.71 Y= 126.93 jitter=2383ns
TS=863.303359158 loop=5039     P=  -4.47 R=  -1.76 Y= 127.32 jitter=1882ns
TS=863.308358731 loop=5040     P=  -4.52 R=  -1.82 Y= 127.72 jitter=1455ns
TS=863.313358711 loop=5041     P=  -4.54 R=  -1.86 Y= 128.11 jitter=1435ns
TS=863.318359062 loop=5042     P=  -4.57 R=  -1.89 Y= 128.50 jitter=1786ns
TS=863.323358876 loop=5043     P=  -4.58 R=  -1.92 Y= 128.88 jitter=1600ns
TS=863.328358726 loop=5044     P=  -4.59 R=  -1.95 Y= 129.24 jitter=1450ns
TS=863.333358707 loop=5045     P=  -4.59 R=  -1.97 Y= 129.60 jitter=1431ns
TS=863.338359465 loop=5046     P=  -4.58 R=  -2.00 Y= 129.95 jitter=2189ns
TS=863.343359334 loop=5047     P=  -4.57 R=  -2.03 Y= 130.29 jitter=2058ns
TS=863.348359537 loop=5048     P=  -4.56 R=  -2.05 Y= 130.63 jitter=2261ns
TS=863.353358647 loop=5049     P=  -4.57 R=  -2.08 Y= 130.97 jitter=1371ns
TS=863.358358664 loop=5050     P=  -4.58 R=  -2.11 Y= 131.31 jitter=1388ns
TS=863.363358608 loop=5051     P=  -4.58 R=  -2.14 Y= 131.66 jitter=1332ns
TS=863.368359014 loop=5052     P=  -4.55 R=  -2.18 Y= 131.99 jitter=1738ns
TS=863.373358624 loop=5053     P=  -4.51 R=  -2.24 Y= 132.31 jitter=1348ns
TS=863.378358734 loop=5054     P=  -4.48 R=  -2.32 Y= 132.61 jitter=1458ns
TS=863.383358622 loop=5055     P=  -4.45 R=  -2.43 Y= 132.89 jitter=1346ns
TS=863.388358991 loop=5056     P=  -4.49 R=  -2.56 Y= 133.17 jitter=1715ns
TS=863.393358990 loop=5057     P=  -4.52 R=  -2.67 Y= 133.42 jitter=1714ns
TS=863.398359489 loop=5058     P=  -4.57 R=  -2.77 Y= 133.66 jitter=2213ns
TS=863.403359025 loop=5059     P=  -4.62 R=  -2.82 Y= 133.88 jitter=1749ns
TS=863.408358617 loop=5060     P=  -4.67 R=  -2.85 Y= 134.09 jitter=1341ns
TS=863.413358616 loop=5061     P=  -4.72 R=  -2.87 Y= 134.27 jitter=1340ns
TS=863.418358689 loop=5062     P=  -4.79 R=  -2.86 Y= 134.43 jitter=1413ns
TS=863.423358743 loop=5063     P=  -4.86 R=  -2.84 Y= 134.57 jitter=1467ns
TS=863.428358594 loop=5064     P=  -4.92 R=  -2.81 Y= 134.68 jitter=1318ns
TS=863.433358630 loop=5065     P=  -4.97 R=  -2.79 Y= 134.77 jitter=1354ns
TS=863.438358610 loop=5066     P=  -5.03 R=  -2.77 Y= 134.83 jitter=1334ns
TS=863.443358924 loop=5067     P=  -5.09 R=  -2.73 Y= 134.86 jitter=1648ns
TS=863.448359201 loop=5068     P=  -5.15 R=  -2.70 Y= 134.88 jitter=1925ns
TS=863.453358663 loop=5069     P=  -5.20 R=  -2.69 Y= 134.86 jitter=1387ns
TS=863.458358588 loop=5070     P=  -5.24 R=  -2.68 Y= 134.82 jitter=1312ns
TS=863.463358568 loop=5071     P=  -5.28 R=  -2.67 Y= 134.77 jitter=1292ns
TS=863.468359586 loop=5072     P=  -5.32 R=  -2.66 Y= 134.70 jitter=2310ns
TS=863.473358733 loop=5073     P=  -5.37 R=  -2.64 Y= 134.62 jitter=1457ns
TS=863.478358620 loop=5074     P=  -5.41 R=  -2.62 Y= 134.52 jitter=1344ns
TS=863.483358638 loop=5075     P=  -5.45 R=  -2.61 Y= 134.40 jitter=1362ns
TS=863.488358674 loop=5076     P=  -5.49 R=  -2.62 Y= 134.27 jitter=1398ns
TS=863.493358988 loop=5077     P=  -5.52 R=  -2.62 Y= 134.13 jitter=1712ns
TS=863.498359690 loop=5078     P=  -5.55 R=  -2.63 Y= 133.96 jitter=2414ns
TS=863.503359023 loop=5079     P=  -5.56 R=  -2.62 Y= 133.78 jitter=1747ns
TS=863.508358670 loop=5080     P=  -5.57 R=  -2.62 Y= 133.57 jitter=1394ns
TS=863.513358613 loop=5081     P=  -5.57 R=  -2.62 Y= 133.35 jitter=1337ns
TS=863.518358631 loop=5082     P=  -5.55 R=  -2.65 Y= 133.10 jitter=1355ns
TS=863.523358611 loop=5083     P=  -5.52 R=  -2.75 Y= 132.82 jitter=1335ns
TS=863.528358628 loop=5084     P=  -5.48 R=  -3.02 Y= 132.54 jitter=1352ns
TS=863.533358720 loop=5085     P=  -5.48 R=  -3.55 Y= 132.29 jitter=1444ns
TS=863.538358645 loop=5086     P=  -5.53 R=  -4.15 Y= 132.11 jitter=1369ns
TS=863.543359033 loop=5087     P=  -5.54 R=  -4.72 Y= 132.00 jitter=1757ns
TS=863.548359439 loop=5088     P=  -5.50 R=  -5.54 Y= 131.96 jitter=2163ns
TS=863.553358642 loop=5089     P=  -5.31 R=  -6.53 Y= 131.96 jitter=1366ns
TS=863.558358585 loop=5090     P=  -4.96 R=  -7.58 Y= 132.01 jitter=1309ns
TS=863.563358602 loop=5091     P=  -4.35 R=  -8.36 Y= 132.06 jitter=1326ns
TS=863.568358620 loop=5092     P=  -3.72 R=  -8.87 Y= 132.13 jitter=1344ns
TS=863.573358619 loop=5093     P=  -2.64 R=  -8.18 Y= 132.17 jitter=1343ns
TS=863.578359025 loop=5094     P=  -2.01 R=  -7.92 Y= 132.08 jitter=1749ns
TS=863.583358654 loop=5095     P=  -2.08 R=  -8.11 Y= 131.78 jitter=1378ns
TS=863.588358634 loop=5096     P=  -2.60 R=  -8.61 Y= 131.28 jitter=1358ns
TS=863.593358985 loop=5097     P=  -3.37 R=  -9.32 Y= 130.65 jitter=1709ns
TS=863.598359206 loop=5098     P=  -4.21 R= -10.10 Y= 129.98 jitter=1930ns
TS=863.603359001 loop=5099     P=  -4.97 R= -10.68 Y= 129.33 jitter=1725ns
TS=863.608358648 loop=5100     P=  -5.56 R= -10.90 Y= 128.72 jitter=1372ns
TS=863.613359351 loop=5101     P=  -6.03 R= -10.75 Y= 128.13 jitter=2075ns
TS=863.618358628 loop=5102     P=  -6.43 R= -10.33 Y= 127.56 jitter=1352ns
TS=863.623358627 loop=5103     P=  -6.83 R=  -9.76 Y= 126.98 jitter=1351ns
TS=863.628358663 loop=5104     P=  -7.21 R=  -9.09 Y= 126.40 jitter=1387ns
TS=863.633358625 loop=5105     P=  -7.56 R=  -8.38 Y= 125.81 jitter=1349ns
TS=863.638358975 loop=5106     P=  -7.87 R=  -7.63 Y= 125.23 jitter=1699ns
TS=863.643358937 loop=5107     P=  -8.09 R=  -6.91 Y= 124.64 jitter=1661ns
TS=863.648359270 loop=5108     P=  -8.49 R=  -6.69 Y= 124.05 jitter=1994ns
TS=863.653359009 loop=5109     P=  -8.73 R=  -5.93 Y= 123.49 jitter=1733ns
TS=863.658358638 loop=5110     P=  -8.31 R=  -4.91 Y= 122.93 jitter=1362ns
TS=863.663358748 loop=5111     P=  -7.97 R=  -4.45 Y= 122.36 jitter=1472ns
TS=863.668358599 loop=5112     P=  -7.86 R=  -4.39 Y= 121.80 jitter=1323ns
TS=863.673358598 loop=5113     P=  -7.83 R=  -4.48 Y= 121.25 jitter=1322ns
TS=863.678358615 loop=5114     P=  -7.89 R=  -4.58 Y= 120.71 jitter=1339ns
TS=863.683358596 loop=5115     P=  -8.01 R=  -4.69 Y= 120.16 jitter=1320ns
TS=863.688358669 loop=5116     P=  -8.18 R=  -4.76 Y= 119.60 jitter=1393ns
TS=863.693358964 loop=5117     P=  -8.37 R=  -4.72 Y= 119.03 jitter=1688ns
TS=863.698359240 loop=5118     P=  -8.57 R=  -4.67 Y= 118.43 jitter=1964ns
TS=863.703358980 loop=5119     P=  -8.81 R=  -4.60 Y= 117.80 jitter=1704ns
TS=863.708359035 loop=5120     P=  -9.06 R=  -4.57 Y= 117.16 jitter=1759ns
TS=863.713358774 loop=5121     P=  -9.27 R=  -4.49 Y= 116.52 jitter=1498ns
TS=863.718359181 loop=5122     P=  -9.46 R=  -4.42 Y= 115.87 jitter=1905ns
TS=863.723358957 loop=5123     P=  -9.64 R=  -4.33 Y= 115.22 jitter=1681ns
TS=863.728359549 loop=5124     P=  -9.78 R=  -4.29 Y= 114.56 jitter=2273ns
TS=863.733358881 loop=5125     P=  -9.89 R=  -4.21 Y= 113.92 jitter=1605ns
TS=863.738358769 loop=5126     P=  -9.96 R=  -4.09 Y= 113.28 jitter=1493ns
TS=863.743358601 loop=5127     P=  -9.99 R=  -3.95 Y= 112.63 jitter=1325ns
TS=863.748358804 loop=5128     P=  -9.99 R=  -3.70 Y= 111.96 jitter=1528ns
TS=863.753359229 loop=5129     P=  -9.99 R=  -3.44 Y= 111.27 jitter=1953ns
TS=863.758359413 loop=5130     P=  -9.99 R=  -3.19 Y= 110.55 jitter=2137ns
TS=863.763359282 loop=5131     P= -10.02 R=  -3.03 Y= 109.81 jitter=2006ns
TS=863.768359300 loop=5132     P= -10.11 R=  -2.96 Y= 109.04 jitter=2024ns
TS=863.773359317 loop=5133     P= -10.20 R=  -3.00 Y= 108.25 jitter=2041ns
TS=863.778359279 loop=5134     P= -10.28 R=  -3.08 Y= 107.47 jitter=2003ns
TS=863.783360834 loop=5135     P= -10.35 R=  -3.10 Y= 106.69 jitter=3558ns
TS=863.788359147 loop=5136     P= -10.46 R=  -3.10 Y= 105.90 jitter=1871ns
TS=863.793359331 loop=5137     P= -10.54 R=  -3.05 Y= 105.10 jitter=2055ns
TS=863.798359645 loop=5138     P= -10.63 R=  -3.01 Y= 104.29 jitter=2369ns
TS=863.803358626 loop=5139     P= -10.74 R=  -2.98 Y= 103.48 jitter=1350ns
TS=863.808358643 loop=5140     P= -10.84 R=  -2.95 Y= 102.65 jitter=1367ns
TS=863.813358623 loop=5141     P= -10.96 R=  -2.90 Y= 101.83 jitter=1347ns
TS=863.818358641 loop=5142     P= -11.07 R=  -2.91 Y= 101.00 jitter=1365ns
TS=863.823358621 loop=5143     P= -11.20 R=  -2.90 Y= 100.17 jitter=1345ns
TS=863.828358620 loop=5144     P= -11.29 R=  -2.89 Y=  99.35 jitter=1344ns
TS=863.833359341 loop=5145     P= -11.42 R=  -2.93 Y=  98.53 jitter=2065ns
TS=863.838358600 loop=5146     P= -11.55 R=  -2.99 Y=  97.72 jitter=1324ns
TS=863.843358987 loop=5147     P= -11.63 R=  -3.04 Y=  96.93 jitter=1711ns
TS=863.848359320 loop=5148     P= -11.68 R=  -3.00 Y=  96.15 jitter=2044ns
TS=863.853359041 loop=5149     P= -11.71 R=  -2.96 Y=  95.40 jitter=1765ns
TS=863.858358632 loop=5150     P= -11.71 R=  -2.81 Y=  94.66 jitter=1356ns
TS=863.863358594 loop=5151     P= -11.70 R=  -2.78 Y=  93.93 jitter=1318ns
TS=863.868358630 loop=5152     P= -11.68 R=  -2.78 Y=  93.21 jitter=1354ns
TS=863.873358592 loop=5153     P= -11.66 R=  -2.56 Y=  92.49 jitter=1316ns
TS=863.878358610 loop=5154     P= -11.66 R=  -2.49 Y=  91.76 jitter=1334ns
TS=863.883358590 loop=5155     P= -11.66 R=  -2.36 Y=  91.03 jitter=1314ns
TS=863.888358663 loop=5156     P= -11.66 R=  -2.26 Y=  90.29 jitter=1387ns
TS=863.893358977 loop=5157     P= -11.70 R=  -2.21 Y=  89.54 jitter=1701ns
TS=863.898358957 loop=5158     P= -11.77 R=  -2.25 Y=  88.80 jitter=1681ns
TS=863.903359012 loop=5159     P= -11.82 R=  -2.24 Y=  88.06 jitter=1736ns
TS=863.908358585 loop=5160     P= -11.84 R=  -2.18 Y=  87.33 jitter=1309ns
TS=863.913358621 loop=5161     P= -11.80 R=  -2.10 Y=  86.60 jitter=1345ns
TS=863.918358638 loop=5162     P= -11.82 R=  -2.03 Y=  85.87 jitter=1362ns
TS=863.923358841 loop=5163     P= -11.78 R=  -1.91 Y=  85.17 jitter=1565ns
TS=863.928359136 loop=5164     P= -11.77 R=  -1.73 Y=  84.49 jitter=1860ns
TS=863.933358728 loop=5165     P= -11.73 R=  -1.71 Y=  83.83 jitter=1452ns
TS=863.938358615 loop=5166     P= -11.68 R=  -1.72 Y=  83.18 jitter=1339ns
TS=863.943358633 loop=5167     P= -11.64 R=  -1.49 Y=  82.54 jitter=1357ns
TS=863.948359317 loop=5168     P= -11.60 R=  -1.37 Y=  81.90 jitter=2041ns
TS=863.953358631 loop=5169     P= -11.57 R=  -1.16 Y=  81.27 jitter=1355ns
TS=863.958358630 loop=5170     P= -11.54 R=  -1.00 Y=  80.65 jitter=1354ns
TS=863.963358592 loop=5171     P= -11.49 R=  -0.99 Y=  80.03 jitter=1316ns
TS=863.968358665 loop=5172     P= -11.46 R=  -0.87 Y=  79.40 jitter=1389ns
TS=863.973358793 loop=5173     P= -11.45 R=  -0.88 Y=  78.75 jitter=1517ns
TS=863.978358644 loop=5174     P= -11.41 R=  -0.81 Y=  78.10 jitter=1368ns
TS=863.983358624 loop=5175     P= -11.40 R=  -0.71 Y=  77.44 jitter=1348ns
TS=863.988359031 loop=5176     P= -11.35 R=  -0.52 Y=  76.78 jitter=1755ns
TS=863.993358919 loop=5177     P= -11.33 R=  -0.41 Y=  76.10 jitter=1643ns
TS=863.998359399 loop=5178     P= -11.24 R=  -0.15 Y=  75.42 jitter=2123ns
TS=864.003359009 loop=5179     P= -11.16 R=   0.15 Y=  74.73 jitter=1733ns
TS=864.008358675 loop=5180     P= -11.04 R=   0.36 Y=  74.05 jitter=1399ns
TS=864.013358766 loop=5181     P= -10.95 R=   0.61 Y=  73.36 jitter=1490ns
TS=864.018358636 loop=5182     P= -10.83 R=   0.94 Y=  72.68 jitter=1360ns
TS=864.023358597 loop=5183     P= -10.69 R=   1.25 Y=  71.98 jitter=1321ns
TS=864.028358652 loop=5184     P= -10.59 R=   1.50 Y=  71.29 jitter=1376ns
TS=864.033358651 loop=5185     P= -10.47 R=   1.75 Y=  70.58 jitter=1375ns
TS=864.038358631 loop=5186     P= -10.35 R=   1.98 Y=  69.86 jitter=1355ns
TS=864.043359001 loop=5187     P= -10.26 R=   2.19 Y=  69.13 jitter=1725ns
TS=864.048359666 loop=5188     P= -10.18 R=   2.33 Y=  68.38 jitter=2390ns
TS=864.053358647 loop=5189     P= -10.11 R=   2.48 Y=  67.62 jitter=1371ns
TS=864.058358608 loop=5190     P= -10.09 R=   2.69 Y=  66.85 jitter=1332ns
TS=864.063358607 loop=5191     P= -10.05 R=   2.83 Y=  66.07 jitter=1331ns
TS=864.068358643 loop=5192     P= -10.01 R=   3.06 Y=  65.28 jitter=1367ns
TS=864.073358624 loop=5193     P=  -9.95 R=   3.26 Y=  64.49 jitter=1348ns
TS=864.078358604 loop=5194     P=  -9.88 R=   3.52 Y=  63.70 jitter=1328ns
TS=864.083358603 loop=5195     P=  -9.85 R=   3.78 Y=  62.91 jitter=1327ns
TS=864.088359083 loop=5196     P=  -9.82 R=   4.00 Y=  62.11 jitter=1807ns
TS=864.093358601 loop=5197     P=  -9.80 R=   4.21 Y=  61.32 jitter=1325ns
TS=864.098359452 loop=5198     P=  -9.80 R=   4.47 Y=  60.53 jitter=2176ns
TS=864.103359043 loop=5199     P=  -9.85 R=   4.73 Y=  59.73 jitter=1767ns
TS=864.108358635 loop=5200     P=  -9.84 R=   4.95 Y=  58.93 jitter=1359ns
TS=864.113358633 loop=5201     P=  -9.83 R=   5.23 Y=  58.12 jitter=1357ns
TS=864.118359206 loop=5202     P=  -9.82 R=   5.46 Y=  57.33 jitter=1930ns
TS=864.123358835 loop=5203     P=  -9.83 R=   5.69 Y=  56.54 jitter=1559ns
TS=864.128358797 loop=5204     P=  -9.91 R=   5.79 Y=  55.73 jitter=1521ns
TS=864.133358648 loop=5205     P=  -9.96 R=   5.98 Y=  54.93 jitter=1372ns
TS=864.138358628 loop=5206     P= -10.04 R=   6.32 Y=  54.12 jitter=1352ns
TS=864.143358997 loop=5207     P= -10.09 R=   6.68 Y=  53.32 jitter=1721ns
TS=864.148359330 loop=5208     P= -10.09 R=   6.96 Y=  52.51 jitter=2054ns
TS=864.153358625 loop=5209     P= -10.14 R=   7.14 Y=  51.69 jitter=1349ns
TS=864.158358642 loop=5210     P= -10.20 R=   7.31 Y=  50.86 jitter=1366ns
TS=864.163358604 loop=5211     P= -10.22 R=   7.53 Y=  50.04 jitter=1328ns
TS=864.168358640 loop=5212     P= -10.18 R=   7.83 Y=  49.23 jitter=1364ns
TS=864.173358657 loop=5213     P= -10.12 R=   8.05 Y=  48.42 jitter=1381ns
TS=864.178358619 loop=5214     P= -10.15 R=   8.15 Y=  47.62 jitter=1343ns
TS=864.183358618 loop=5215     P= -10.18 R=   8.32 Y=  46.81 jitter=1342ns
TS=864.188358636 loop=5216     P= -10.21 R=   8.46 Y=  46.00 jitter=1360ns
TS=864.193358986 loop=5217     P= -10.24 R=   8.54 Y=  45.20 jitter=1710ns
TS=864.198358948 loop=5218     P= -10.24 R=   8.60 Y=  44.41 jitter=1672ns
TS=864.203358966 loop=5219     P= -10.25 R=   8.67 Y=  43.63 jitter=1690ns
TS=864.208358909 loop=5220     P= -10.27 R=   8.75 Y=  42.84 jitter=1633ns
TS=864.213358741 loop=5221     P= -10.34 R=   8.84 Y=  42.06 jitter=1465ns
TS=864.218358981 loop=5222     P= -10.34 R=   8.80 Y=  41.26 jitter=1705ns
TS=864.223359110 loop=5223     P= -10.29 R=   8.75 Y=  40.46 jitter=1834ns
TS=864.228358923 loop=5224     P= -10.19 R=   8.71 Y=  39.67 jitter=1647ns
TS=864.233358978 loop=5225     P= -10.08 R=   8.69 Y=  38.90 jitter=1702ns
TS=864.238358791 loop=5226     P=  -9.97 R=   8.71 Y=  38.13 jitter=1515ns
TS=864.243359216 loop=5227     P=  -9.87 R=   8.72 Y=  37.36 jitter=1940ns
TS=864.248359252 loop=5228     P=  -9.76 R=   8.74 Y=  36.58 jitter=1976ns
TS=864.253359399 loop=5229     P=  -9.61 R=   8.76 Y=  35.79 jitter=2123ns
TS=864.258358972 loop=5230     P=  -9.44 R=   8.76 Y=  35.00 jitter=1696ns
TS=864.263359212 loop=5231     P=  -9.25 R=   8.82 Y=  34.21 jitter=1936ns
TS=864.268358748 loop=5232     P=  -9.05 R=   8.84 Y=  33.42 jitter=1472ns
TS=864.273358988 loop=5233     P=  -8.83 R=   8.90 Y=  32.63 jitter=1712ns
TS=864.278358949 loop=5234     P=  -8.62 R=   8.96 Y=  31.86 jitter=1673ns
TS=864.283359708 loop=5235     P=  -8.36 R=   8.98 Y=  31.09 jitter=2432ns
TS=864.288358984 loop=5236     P=  -8.07 R=   8.95 Y=  30.33 jitter=1708ns
TS=864.293358724 loop=5237     P=  -7.76 R=   8.86 Y=  29.57 jitter=1448ns
TS=864.298359001 loop=5238     P=  -7.47 R=   8.80 Y=  28.83 jitter=1725ns
TS=864.303359314 loop=5239     P=  -7.18 R=   8.72 Y=  28.09 jitter=2038ns
TS=864.308359387 loop=5240     P=  -6.89 R=   8.56 Y=  27.35 jitter=2111ns
TS=864.313358701 loop=5241     P=  -6.64 R=   8.39 Y=  26.62 jitter=1425ns
TS=864.318358626 loop=5242     P=  -6.39 R=   8.22 Y=  25.90 jitter=1350ns
TS=864.323359088 loop=5243     P=  -6.17 R=   8.06 Y=  25.20 jitter=1812ns
TS=864.328359087 loop=5244     P=  -5.93 R=   7.89 Y=  24.50 jitter=1811ns
TS=864.333358974 loop=5245     P=  -5.70 R=   7.74 Y=  23.81 jitter=1698ns
TS=864.338359047 loop=5246     P=  -5.46 R=   7.60 Y=  23.13 jitter=1771ns
TS=864.343359454 loop=5247     P=  -5.22 R=   7.47 Y=  22.46 jitter=2178ns
TS=864.348359138 loop=5248     P=  -5.01 R=   7.32 Y=  21.79 jitter=1862ns
TS=864.353359026 loop=5249     P=  -4.79 R=   7.18 Y=  21.13 jitter=1750ns
TS=864.358359006 loop=5250     P=  -4.58 R=   7.01 Y=  20.46 jitter=1730ns
TS=864.363358986 loop=5251     P=  -4.40 R=   6.85 Y=  19.81 jitter=1710ns
TS=864.368359059 loop=5252     P=  -4.20 R=   6.70 Y=  19.16 jitter=1783ns
TS=864.373359058 loop=5253     P=  -4.00 R=   6.59 Y=  18.54 jitter=1782ns
TS=864.378359650 loop=5254     P=  -3.80 R=   6.50 Y=  17.92 jitter=2374ns
TS=864.383359038 loop=5255     P=  -3.60 R=   6.45 Y=  17.32 jitter=1762ns
TS=864.388359074 loop=5256     P=  -3.44 R=   6.43 Y=  16.72 jitter=1798ns
TS=864.393359035 loop=5257     P=  -3.26 R=   6.42 Y=  16.12 jitter=1759ns
TS=864.398360053 loop=5258     P=  -3.07 R=   6.42 Y=  15.51 jitter=2777ns
TS=864.403359052 loop=5259     P=  -2.89 R=   6.43 Y=  14.90 jitter=1776ns
TS=864.408359032 loop=5260     P=  -2.70 R=   6.45 Y=  14.28 jitter=1756ns
TS=864.413359031 loop=5261     P=  -2.52 R=   6.45 Y=  13.66 jitter=1755ns
TS=864.418359030 loop=5262     P=  -2.35 R=   6.38 Y=  13.03 jitter=1754ns
TS=864.423359177 loop=5263     P=  -2.18 R=   6.29 Y=  12.42 jitter=1901ns
TS=864.428360028 loop=5264     P=  -2.00 R=   6.23 Y=  11.81 jitter=2752ns
TS=864.433359304 loop=5265     P=  -1.79 R=   6.20 Y=  11.21 jitter=2028ns
TS=864.438359285 loop=5266     P=  -1.53 R=   6.22 Y=  10.62 jitter=2009ns
TS=864.443359228 loop=5267     P=  -1.29 R=   6.28 Y=  10.02 jitter=1952ns
TS=864.448359820 loop=5268     P=  -1.05 R=   6.32 Y=   9.41 jitter=2544ns
TS=864.453359837 loop=5269     P=  -0.80 R=   6.40 Y=   8.80 jitter=2561ns
TS=864.458359373 loop=5270     P=  -0.62 R=   6.49 Y=   8.18 jitter=2097ns
TS=864.463359242 loop=5271     P=  -0.47 R=   6.55 Y=   7.56 jitter=1966ns
TS=864.468359945 loop=5272     P=  -0.35 R=   6.60 Y=   6.93 jitter=2669ns
TS=864.473359388 loop=5273     P=  -0.20 R=   6.66 Y=   6.29 jitter=2112ns
TS=864.478359276 loop=5274     P=  -0.09 R=   6.62 Y=   5.65 jitter=2000ns
TS=864.483359275 loop=5275     P=  -0.03 R=   6.58 Y=   5.01 jitter=1999ns
TS=864.488359959 loop=5276     P=  -0.02 R=   6.51 Y=   4.37 jitter=2683ns
TS=864.493359291 loop=5277     P=  -0.04 R=   6.43 Y=   3.73 jitter=2015ns
TS=864.498359864 loop=5278     P=  -0.09 R=   6.34 Y=   3.08 jitter=2588ns
TS=864.503359900 loop=5279     P=  -0.18 R=   6.23 Y=   2.42 jitter=2624ns
TS=864.508359251 loop=5280     P=  -0.28 R=   6.12 Y=   1.75 jitter=1975ns
TS=864.513359824 loop=5281     P=  -0.39 R=   6.00 Y=   1.07 jitter=2548ns
TS=864.518359230 loop=5282     P=  -0.53 R=   5.89 Y=   0.40 jitter=1954ns
TS=864.523359359 loop=5283     P=  -0.63 R=   5.76 Y=  -0.28 jitter=2083ns
TS=864.528359080 loop=5284     P=  -0.73 R=   5.61 Y=  -0.95 jitter=1804ns
TS=864.533359523 loop=5285     P=  -0.81 R=   5.49 Y=  -1.61 jitter=2247ns
TS=864.538359041 loop=5286     P=  -0.93 R=   5.38 Y=  -2.26 jitter=1765ns
TS=864.543359021 loop=5287     P=  -1.03 R=   5.19 Y=  -2.91 jitter=1745ns
TS=864.548360205 loop=5288     P=  -1.16 R=   5.00 Y=  -3.53 jitter=2929ns
TS=864.553359001 loop=5289     P=  -1.26 R=   4.78 Y=  -4.15 jitter=1725ns
TS=864.558359018 loop=5290     P=  -1.36 R=   4.61 Y=  -4.75 jitter=1742ns
TS=864.563358980 loop=5291     P=  -1.44 R=   4.45 Y=  -5.33 jitter=1704ns
TS=864.568359534 loop=5292     P=  -1.44 R=   4.36 Y=  -5.89 jitter=2258ns
TS=864.573359015 loop=5293     P=  -1.50 R=   4.38 Y=  -6.44 jitter=1739ns
TS=864.578359143 loop=5294     P=  -1.56 R=   4.36 Y=  -6.98 jitter=1867ns
TS=864.583359031 loop=5295     P=  -1.66 R=   4.37 Y=  -7.52 jitter=1755ns
TS=864.588359067 loop=5296     P=  -1.78 R=   4.36 Y=  -8.05 jitter=1791ns
TS=864.593359473 loop=5297     P=  -1.88 R=   4.36 Y=  -8.57 jitter=2197ns
TS=864.598359639 loop=5298     P=  -1.99 R=   4.30 Y=  -9.09 jitter=2363ns
TS=864.603359601 loop=5299     P=  -2.15 R=   4.21 Y=  -9.60 jitter=2325ns
TS=864.608359063 loop=5300     P=  -2.25 R=   4.02 Y= -10.10 jitter=1787ns
TS=864.613359654 loop=5301     P=  -2.35 R=   3.82 Y= -10.59 jitter=2378ns
TS=864.618359338 loop=5302     P=  -2.48 R=   3.60 Y= -11.05 jitter=2062ns
TS=864.623359189 loop=5303     P=  -2.63 R=   3.41 Y= -11.48 jitter=1913ns
TS=864.628359262 loop=5304     P=  -2.81 R=   3.25 Y= -11.89 jitter=1986ns
TS=864.633359872 loop=5305     P=  -3.01 R=   3.12 Y= -12.28 jitter=2596ns
TS=864.638359445 loop=5306     P=  -3.23 R=   3.02 Y= -12.66 jitter=2169ns
TS=864.643359888 loop=5307     P=  -3.51 R=   2.94 Y= -13.02 jitter=2612ns
TS=864.648360813 loop=5308     P=  -3.82 R=   2.80 Y= -13.38 jitter=3537ns
TS=864.653359294 loop=5309     P=  -4.09 R=   2.68 Y= -13.72 jitter=2018ns
TS=864.658359274 loop=5310     P=  -4.27 R=   2.58 Y= -14.05 jitter=1998ns
TS=864.663359236 loop=5311     P=  -4.43 R=   2.53 Y= -14.36 jitter=1960ns
TS=864.668359772 loop=5312     P=  -4.49 R=   2.50 Y= -14.67 jitter=2496ns
TS=864.673359289 loop=5313     P=  -4.48 R=   2.50 Y= -14.97 jitter=2013ns
TS=864.678359270 loop=5314     P=  -4.55 R=   2.49 Y= -15.26 jitter=1994ns
TS=864.683359250 loop=5315     P=  -4.71 R=   2.45 Y= -15.55 jitter=1974ns
TS=864.688359286 loop=5316     P=  -4.91 R=   2.45 Y= -15.82 jitter=2010ns
TS=864.693359840 loop=5317     P=  -5.11 R=   2.47 Y= -16.10 jitter=2564ns
TS=864.698360580 loop=5318     P=  -5.30 R=   2.46 Y= -16.40 jitter=3304ns
TS=864.703359894 loop=5319     P=  -5.53 R=   2.41 Y= -16.70 jitter=2618ns
TS=864.708359263 loop=5320     P=  -5.68 R=   2.34 Y= -17.02 jitter=1987ns
TS=864.713359429 loop=5321     P=  -5.82 R=   2.25 Y= -17.35 jitter=2153ns
TS=864.718361094 loop=5322     P=  -5.97 R=   2.11 Y= -17.68 jitter=3818ns
TS=864.723359556 loop=5323     P=  -6.08 R=   1.97 Y= -18.01 jitter=2280ns
TS=864.728359944 loop=5324     P=  -6.11 R=   1.90 Y= -18.33 jitter=2668ns
TS=864.733359202 loop=5325     P=  -6.02 R=   1.82 Y= -18.66 jitter=1926ns
TS=864.738359756 loop=5326     P=  -5.96 R=   1.77 Y= -18.99 jitter=2480ns
TS=864.743359200 loop=5327     P=  -5.90 R=   1.71 Y= -19.32 jitter=1924ns
TS=864.748359143 loop=5328     P=  -5.82 R=   1.69 Y= -19.64 jitter=1867ns
TS=864.753359846 loop=5329     P=  -5.69 R=   1.74 Y= -19.96 jitter=2570ns
TS=864.758359826 loop=5330     P=  -5.53 R=   1.84 Y= -20.29 jitter=2550ns
TS=864.763359955 loop=5331     P=  -5.39 R=   1.94 Y= -20.63 jitter=2679ns
TS=864.768359361 loop=5332     P=  -5.24 R=   2.04 Y= -20.99 jitter=2085ns
TS=864.773359323 loop=5333     P=  -5.08 R=   2.13 Y= -21.35 jitter=2047ns
TS=864.778359211 loop=5334     P=  -4.95 R=   2.26 Y= -21.72 jitter=1935ns
TS=864.783359839 loop=5335     P=  -4.81 R=   2.41 Y= -22.10 jitter=2563ns
TS=864.788359153 loop=5336     P=  -4.62 R=   2.46 Y= -22.49 jitter=1877ns
TS=864.793359096 loop=5337     P=  -4.43 R=   2.56 Y= -22.88 jitter=1820ns
TS=864.798359558 loop=5338     P=  -4.30 R=   2.67 Y= -23.28 jitter=2282ns
TS=864.803359428 loop=5339     P=  -4.17 R=   2.69 Y= -23.68 jitter=2152ns
TS=864.808359260 loop=5340     P=  -4.06 R=   2.75 Y= -24.10 jitter=1984ns
TS=864.813359185 loop=5341     P=  -3.96 R=   2.79 Y= -24.53 jitter=1909ns
TS=864.818359850 loop=5342     P=  -3.86 R=   2.90 Y= -24.96 jitter=2574ns
TS=864.823359942 loop=5343     P=  -3.80 R=   3.01 Y= -25.41 jitter=2666ns
TS=864.828358737 loop=5344     P=  -3.70 R=   3.13 Y= -25.88 jitter=1461ns
TS=864.833359051 loop=5345     P=  -3.62 R=   3.25 Y= -26.36 jitter=1775ns
TS=864.838358624 loop=5346     P=  -3.53 R=   3.37 Y= -26.84 jitter=1348ns
TS=864.843358641 loop=5347     P=  -3.46 R=   3.51 Y= -27.33 jitter=1365ns
TS=864.848359492 loop=5348     P=  -3.36 R=   3.64 Y= -27.83 jitter=2216ns
TS=864.853358991 loop=5349     P=  -3.33 R=   3.77 Y= -28.33 jitter=1715ns
TS=864.858358675 loop=5350     P=  -3.35 R=   3.87 Y= -28.83 jitter=1399ns
TS=864.863358600 loop=5351     P=  -3.37 R=   3.94 Y= -29.34 jitter=1324ns
TS=864.868359061 loop=5352     P=  -3.41 R=   4.02 Y= -29.84 jitter=1785ns
TS=864.873358690 loop=5353     P=  -3.46 R=   4.07 Y= -30.35 jitter=1414ns
TS=864.878358578 loop=5354     P=  -3.47 R=   4.05 Y= -30.85 jitter=1302ns
TS=864.883358614 loop=5355     P=  -3.43 R=   4.08 Y= -31.35 jitter=1338ns
TS=864.888359076 loop=5356     P=  -3.37 R=   4.18 Y= -31.85 jitter=1800ns
TS=864.893358593 loop=5357     P=  -3.37 R=   4.30 Y= -32.36 jitter=1317ns
TS=864.898359277 loop=5358     P=  -3.38 R=   4.38 Y= -32.88 jitter=2001ns
TS=864.903358980 loop=5359     P=  -3.44 R=   4.51 Y= -33.40 jitter=1704ns
TS=864.908358645 loop=5360     P=  -3.54 R=   4.65 Y= -33.93 jitter=1369ns
TS=864.913358663 loop=5361     P=  -3.68 R=   4.81 Y= -34.47 jitter=1387ns
TS=864.918358643 loop=5362     P=  -3.84 R=   4.99 Y= -35.02 jitter=1367ns
TS=864.923359049 loop=5363     P=  -4.03 R=   5.20 Y= -35.58 jitter=1773ns
TS=864.928358660 loop=5364     P=  -4.22 R=   5.45 Y= -36.13 jitter=1384ns
TS=864.933358621 loop=5365     P=  -4.35 R=   5.68 Y= -36.68 jitter=1345ns
TS=864.938358750 loop=5366     P=  -4.43 R=   5.90 Y= -37.23 jitter=1474ns
TS=864.943359045 loop=5367     P=  -4.41 R=   6.12 Y= -37.78 jitter=1769ns
TS=864.948359100 loop=5368     P=  -4.38 R=   6.37 Y= -38.34 jitter=1824ns
TS=864.953358599 loop=5369     P=  -4.25 R=   6.56 Y= -38.91 jitter=1323ns
TS=864.958358597 loop=5370     P=  -4.09 R=   6.71 Y= -39.50 jitter=1321ns
TS=864.963358559 loop=5371     P=  -3.95 R=   6.79 Y= -40.09 jitter=1283ns
TS=864.968359003 loop=5372     P=  -3.84 R=   6.79 Y= -40.69 jitter=1727ns
TS=864.973358594 loop=5373     P=  -3.80 R=   6.79 Y= -41.30 jitter=1318ns
TS=864.978358593 loop=5374     P=  -3.83 R=   6.79 Y= -41.92 jitter=1317ns
TS=864.983359703 loop=5375     P=  -3.86 R=   6.77 Y= -42.54 jitter=2427ns
TS=864.988358665 loop=5376     P=  -3.89 R=   6.80 Y= -43.17 jitter=1389ns
TS=864.993358645 loop=5377     P=  -3.97 R=   6.88 Y= -43.81 jitter=1369ns
TS=864.998360033 loop=5378     P=  -4.01 R=   6.99 Y= -44.46 jitter=2757ns
TS=865.003359014 loop=5379     P=  -4.07 R=   7.12 Y= -45.12 jitter=1738ns
TS=865.008358624 loop=5380     P=  -4.13 R=   7.31 Y= -45.78 jitter=1348ns
TS=865.013358660 loop=5381     P=  -4.17 R=   7.46 Y= -46.46 jitter=1384ns
TS=865.018358677 loop=5382     P=  -4.17 R=   7.59 Y= -47.14 jitter=1401ns
TS=865.023358750 loop=5383     P=  -4.17 R=   7.72 Y= -47.81 jitter=1474ns
TS=865.028358675 loop=5384     P=  -4.17 R=   7.80 Y= -48.48 jitter=1399ns
TS=865.033358581 loop=5385     P=  -4.17 R=   7.82 Y= -49.15 jitter=1305ns
TS=865.038358598 loop=5386     P=  -4.07 R=   7.84 Y= -49.81 jitter=1322ns
TS=865.043358986 loop=5387     P=  -3.94 R=   7.86 Y= -50.44 jitter=1710ns
TS=865.048359781 loop=5388     P=  -3.74 R=   7.82 Y= -51.06 jitter=2505ns
TS=865.053358577 loop=5389     P=  -3.53 R=   7.79 Y= -51.66 jitter=1301ns
TS=865.058358613 loop=5390     P=  -3.31 R=   7.78 Y= -52.23 jitter=1337ns
TS=865.063358926 loop=5391     P=  -3.12 R=   7.77 Y= -52.78 jitter=1650ns
TS=865.068358629 loop=5392     P=  -2.93 R=   7.78 Y= -53.30 jitter=1353ns
TS=865.073358628 loop=5393     P=  -2.76 R=   7.83 Y= -53.80 jitter=1352ns
TS=865.078358627 loop=5394     P=  -2.63 R=   7.90 Y= -54.27 jitter=1351ns
TS=865.083358977 loop=5395     P=  -2.48 R=   7.92 Y= -54.71 jitter=1701ns
TS=865.088358661 loop=5396     P=  -2.34 R=   7.95 Y= -55.11 jitter=1385ns
TS=865.093358586 loop=5397     P=  -2.23 R=   7.90 Y= -55.48 jitter=1310ns
TS=865.098359233 loop=5398     P=  -2.17 R=   7.81 Y= -55.81 jitter=1957ns
TS=865.103359010 loop=5399     P=  -2.12 R=   7.77 Y= -56.08 jitter=1734ns
TS=865.108358750 loop=5400     P=  -2.04 R=   7.72 Y= -56.31 jitter=1474ns
TS=865.113358656 loop=5401     P=  -1.99 R=   7.65 Y= -56.49 jitter=1380ns
TS=865.118358636 loop=5402     P=  -1.97 R=   7.59 Y= -56.62 jitter=1360ns
TS=865.123358617 loop=5403     P=  -1.97 R=   7.56 Y= -56.71 jitter=1341ns
TS=865.128358597 loop=5404     P=  -2.04 R=   7.53 Y= -56.75 jitter=1321ns
TS=865.133358614 loop=5405     P=  -2.13 R=   7.50 Y= -56.74 jitter=1338ns
TS=865.138358613 loop=5406     P=  -2.23 R=   7.48 Y= -56.69 jitter=1337ns
TS=865.143359001 loop=5407     P=  -2.33 R=   7.47 Y= -56.58 jitter=1725ns
TS=865.148359852 loop=5408     P=  -2.43 R=   7.47 Y= -56.42 jitter=2576ns
TS=865.153358628 loop=5409     P=  -2.48 R=   7.46 Y= -56.19 jitter=1352ns
TS=865.158358609 loop=5410     P=  -2.54 R=   7.45 Y= -55.91 jitter=1333ns
TS=865.163358645 loop=5411     P=  -2.58 R=   7.44 Y= -55.56 jitter=1369ns
TS=865.168358644 loop=5412     P=  -2.48 R=   7.24 Y= -55.16 jitter=1368ns
TS=865.173358642 loop=5413     P=  -2.36 R=   7.06 Y= -54.71 jitter=1366ns
TS=865.178358586 loop=5414     P=  -2.30 R=   6.85 Y= -54.21 jitter=1310ns
TS=865.183358603 loop=5415     P=  -2.27 R=   6.66 Y= -53.66 jitter=1327ns
TS=865.188358639 loop=5416     P=  -2.30 R=   6.57 Y= -53.07 jitter=1363ns
TS=865.193358638 loop=5417     P=  -2.35 R=   6.50 Y= -52.45 jitter=1362ns
TS=865.198359266 loop=5418     P=  -2.42 R=   6.43 Y= -51.79 jitter=1990ns
TS=865.203359265 loop=5419     P=  -2.47 R=   6.38 Y= -51.09 jitter=1989ns
TS=865.208358616 loop=5420     P=  -2.55 R=   6.22 Y= -50.36 jitter=1340ns
TS=865.213359393 loop=5421     P=  -2.65 R=   6.11 Y= -49.55 jitter=2117ns
TS=865.218358836 loop=5422     P=  -2.75 R=   6.06 Y= -48.68 jitter=1560ns
TS=865.223358668 loop=5423     P=  -2.87 R=   6.05 Y= -47.74 jitter=1392ns
TS=865.228358797 loop=5424     P=  -2.99 R=   6.05 Y= -46.75 jitter=1521ns
TS=865.233359092 loop=5425     P=  -3.13 R=   6.08 Y= -45.71 jitter=1816ns
TS=865.238358776 loop=5426     P=  -3.23 R=   6.14 Y= -44.62 jitter=1500ns
TS=865.243359664 loop=5427     P=  -3.38 R=   6.25 Y= -43.48 jitter=2388ns
TS=865.248359459 loop=5428     P=  -3.44 R=   6.28 Y= -42.30 jitter=2183ns
TS=865.253358643 loop=5429     P=  -3.55 R=   6.37 Y= -41.06 jitter=1367ns
TS=865.258358883 loop=5430     P=  -3.63 R=   6.48 Y= -39.81 jitter=1607ns
TS=865.263358641 loop=5431     P=  -3.70 R=   6.59 Y= -38.56 jitter=1365ns
TS=865.268359029 loop=5432     P=  -3.68 R=   6.65 Y= -37.31 jitter=1753ns
TS=865.273358676 loop=5433     P=  -3.61 R=   6.77 Y= -36.06 jitter=1400ns
TS=865.278358989 loop=5434     P=  -3.54 R=   6.90 Y= -34.81 jitter=1713ns
TS=865.283358710 loop=5435     P=  -3.47 R=   7.03 Y= -33.56 jitter=1434ns
TS=865.288359283 loop=5436     P=  -3.35 R=   7.16 Y= -32.31 jitter=2007ns
TS=865.293358727 loop=5437     P=  -3.33 R=   7.07 Y= -31.06 jitter=1451ns
TS=865.298358614 loop=5438     P=  -3.27 R=   6.98 Y= -29.81 jitter=1338ns
TS=865.303358799 loop=5439     P=  -3.28 R=   6.92 Y= -28.56 jitter=1523ns
TS=865.308359297 loop=5440     P=  -3.26 R=   6.82 Y= -27.30 jitter=2021ns
TS=865.313359130 loop=5441     P=  -3.27 R=   6.74 Y= -26.05 jitter=1854ns
TS=865.318358795 loop=5442     P=  -3.30 R=   6.66 Y= -24.80 jitter=1519ns
TS=865.323358701 loop=5443     P=  -3.36 R=   6.68 Y= -23.55 jitter=1425ns
TS=865.328358645 loop=5444     P=  -3.48 R=   6.66 Y= -22.30 jitter=1369ns
TS=865.333359033 loop=5445     P=  -3.56 R=   6.49 Y= -21.05 jitter=1757ns
TS=865.338358661 loop=5446     P=  -3.60 R=   6.33 Y= -19.80 jitter=1385ns
TS=865.343358641 loop=5447     P=  -3.63 R=   6.16 Y= -18.55 jitter=1365ns
TS=865.348359400 loop=5448     P=  -3.69 R=   5.93 Y= -17.30 jitter=2124ns
TS=865.353358713 loop=5449     P=  -3.75 R=   5.67 Y= -16.07 jitter=1437ns
TS=865.358358620 loop=5450     P=  -3.80 R=   5.39 Y= -14.86 jitter=1344ns
TS=865.363358581 loop=5451     P=  -3.84 R=   5.13 Y= -13.67 jitter=1305ns
TS=865.368358617 loop=5452     P=  -3.85 R=   4.85 Y= -12.50 jitter=1341ns
TS=865.373358635 loop=5453     P=  -3.87 R=   4.63 Y= -11.35 jitter=1359ns
TS=865.378358597 loop=5454     P=  -3.87 R=   4.45 Y= -10.22 jitter=1321ns
TS=865.383358614 loop=5455     P=  -3.91 R=   4.35 Y=  -9.09 jitter=1338ns
TS=865.388358631 loop=5456     P=  -3.96 R=   4.31 Y=  -7.98 jitter=1355ns
TS=865.393358982 loop=5457     P=  -3.98 R=   4.28 Y=  -6.89 jitter=1706ns
TS=865.398359555 loop=5458     P=  -4.02 R=   4.32 Y=  -5.82 jitter=2279ns
TS=865.403359017 loop=5459     P=  -4.07 R=   4.37 Y=  -4.77 jitter=1741ns
TS=865.408358627 loop=5460     P=  -4.08 R=   4.39 Y=  -3.74 jitter=1351ns
TS=865.413358626 loop=5461     P=  -4.10 R=   4.42 Y=  -2.74 jitter=1350ns
TS=865.418358643 loop=5462     P=  -4.11 R=   4.43 Y=  -1.77 jitter=1367ns
TS=865.423358661 loop=5463     P=  -4.14 R=   4.46 Y=  -0.82 jitter=1385ns
TS=865.428359363 loop=5464     P=  -4.16 R=   4.47 Y=   0.12 jitter=2087ns
TS=865.433358640 loop=5465     P=  -4.20 R=   4.49 Y=   1.04 jitter=1364ns
TS=865.438358602 loop=5466     P=  -4.26 R=   4.55 Y=   1.96 jitter=1326ns
TS=865.443358601 loop=5467     P=  -4.29 R=   4.57 Y=   2.86 jitter=1325ns
TS=865.448359340 loop=5468     P=  -4.40 R=   4.68 Y=   3.75 jitter=2064ns
TS=865.453359024 loop=5469     P=  -4.50 R=   4.83 Y=   4.62 jitter=1748ns
TS=865.458358616 loop=5470     P=  -4.59 R=   5.03 Y=   5.47 jitter=1340ns
TS=865.463358596 loop=5471     P=  -4.65 R=   5.22 Y=   6.31 jitter=1320ns
TS=865.468358613 loop=5472     P=  -4.71 R=   5.41 Y=   7.13 jitter=1337ns
TS=865.473358612 loop=5473     P=  -4.75 R=   5.60 Y=   7.93 jitter=1336ns
TS=865.478358685 loop=5474     P=  -4.83 R=   5.77 Y=   8.71 jitter=1409ns
TS=865.483358777 loop=5475     P=  -4.93 R=   5.92 Y=   9.47 jitter=1501ns
TS=865.488358683 loop=5476     P=  -5.02 R=   6.03 Y=  10.21 jitter=1407ns
TS=865.493358997 loop=5477     P=  -5.10 R=   6.13 Y=  10.95 jitter=1721ns
TS=865.498359310 loop=5478     P=  -5.16 R=   6.18 Y=  11.66 jitter=2034ns
TS=865.503359013 loop=5479     P=  -5.22 R=   6.23 Y=  12.37 jitter=1737ns
TS=865.508358642 loop=5480     P=  -5.31 R=   6.31 Y=  13.07 jitter=1366ns
TS=865.513358622 loop=5481     P=  -5.38 R=   6.37 Y=  13.77 jitter=1346ns
TS=865.518358602 loop=5482     P=  -5.49 R=   6.46 Y=  14.47 jitter=1326ns
TS=865.523358601 loop=5483     P=  -5.57 R=   6.55 Y=  15.17 jitter=1325ns
TS=865.528358619 loop=5484     P=  -5.71 R=   6.66 Y=  15.88 jitter=1343ns
TS=865.533358617 loop=5485     P=  -5.87 R=   6.76 Y=  16.58 jitter=1341ns
TS=865.538358598 loop=5486     P=  -6.11 R=   6.89 Y=  17.28 jitter=1322ns
TS=865.543358967 loop=5487     P=  -6.33 R=   7.00 Y=  17.96 jitter=1691ns
TS=865.548359596 loop=5488     P=  -6.57 R=   7.12 Y=  18.65 jitter=2320ns
TS=865.553358613 loop=5489     P=  -6.81 R=   7.21 Y=  19.31 jitter=1337ns
TS=865.558358612 loop=5490     P=  -7.08 R=   7.29 Y=  19.97 jitter=1336ns
TS=865.563358574 loop=5491     P=  -7.34 R=   7.35 Y=  20.63 jitter=1298ns
TS=865.568358628 loop=5492     P=  -7.57 R=   7.39 Y=  21.28 jitter=1352ns
TS=865.573358608 loop=5493     P=  -7.81 R=   7.40 Y=  21.92 jitter=1332ns
TS=865.578358644 loop=5494     P=  -8.00 R=   7.36 Y=  22.56 jitter=1368ns
TS=865.583358643 loop=5495     P=  -8.20 R=   7.35 Y=  23.20 jitter=1367ns
TS=865.588359013 loop=5496     P=  -8.38 R=   7.34 Y=  23.86 jitter=1737ns
TS=865.593358882 loop=5497     P=  -8.54 R=   7.35 Y=  24.53 jitter=1606ns
TS=865.598358992 loop=5498     P=  -8.73 R=   7.40 Y=  25.20 jitter=1716ns
TS=865.603358972 loop=5499     P=  -8.90 R=   7.43 Y=  25.88 jitter=1696ns
TS=865.608358656 loop=5500     P=  -9.08 R=   7.45 Y=  26.58 jitter=1380ns
TS=865.613358637 loop=5501     P=  -9.25 R=   7.52 Y=  27.28 jitter=1361ns
TS=865.618358617 loop=5502     P=  -9.43 R=   7.59 Y=  28.00 jitter=1341ns
TS=865.623358616 loop=5503     P=  -9.63 R=   7.61 Y=  28.72 jitter=1340ns
TS=865.628358670 loop=5504     P=  -9.84 R=   7.64 Y=  29.45 jitter=1394ns
TS=865.633358632 loop=5505     P= -10.09 R=   7.69 Y=  30.19 jitter=1356ns
TS=865.638358742 loop=5506     P= -10.33 R=   7.71 Y=  30.93 jitter=1466ns
TS=865.643360611 loop=5507     P= -10.58 R=   7.70 Y=  31.68 jitter=3335ns
TS=865.648359351 loop=5508     P= -10.85 R=   7.69 Y=  32.44 jitter=2075ns
TS=865.653358646 loop=5509     P= -11.11 R=   7.63 Y=  33.20 jitter=1370ns
TS=865.658358626 loop=5510     P= -11.39 R=   7.56 Y=  33.97 jitter=1350ns
TS=865.663359070 loop=5511     P= -11.63 R=   7.47 Y=  34.73 jitter=1794ns
TS=865.668358680 loop=5512     P= -11.87 R=   7.42 Y=  35.51 jitter=1404ns
TS=865.673358642 loop=5513     P= -12.11 R=   7.37 Y=  36.28 jitter=1366ns
TS=865.678358641 loop=5514     P= -12.35 R=   7.30 Y=  37.06 jitter=1365ns
TS=865.683358602 loop=5515     P= -12.57 R=   7.25 Y=  37.84 jitter=1326ns
TS=865.688358638 loop=5516     P= -12.70 R=   7.22 Y=  38.63 jitter=1362ns
TS=865.693358989 loop=5517     P= -12.81 R=   7.23 Y=  39.42 jitter=1713ns
TS=865.698359006 loop=5518     P= -12.87 R=   7.30 Y=  40.20 jitter=1730ns
TS=865.703358968 loop=5519     P= -12.92 R=   7.38 Y=  40.99 jitter=1692ns
TS=865.708358652 loop=5520     P= -12.94 R=   7.47 Y=  41.79 jitter=1376ns
TS=865.713359318 loop=5521     P= -12.96 R=   7.57 Y=  42.60 jitter=2042ns
TS=865.718359039 loop=5522     P= -13.00 R=   7.70 Y=  43.41 jitter=1763ns
TS=865.723359501 loop=5523     P= -13.04 R=   7.79 Y=  44.23 jitter=2225ns
TS=865.728358740 loop=5524     P= -13.11 R=   7.86 Y=  45.06 jitter=1464ns
TS=865.733358962 loop=5525     P= -13.19 R=   7.84 Y=  45.89 jitter=1686ns
TS=865.738359035 loop=5526     P= -13.28 R=   7.80 Y=  46.72 jitter=1759ns
TS=865.743358811 loop=5527     P= -13.38 R=   7.78 Y=  47.56 jitter=1535ns
TS=865.748358717 loop=5528     P= -13.50 R=   7.73 Y=  48.40 jitter=1441ns
TS=865.753358809 loop=5529     P= -13.62 R=   7.67 Y=  49.24 jitter=1533ns
TS=865.758358937 loop=5530     P= -13.75 R=   7.60 Y=  50.09 jitter=1661ns
TS=865.763358899 loop=5531     P= -13.89 R=   7.51 Y=  50.94 jitter=1623ns
TS=865.768358972 loop=5532     P= -14.04 R=   7.39 Y=  51.79 jitter=1696ns
TS=865.773359175 loop=5533     P= -14.18 R=   7.29 Y=  52.66 jitter=1899ns
TS=865.778358785 loop=5534     P= -14.29 R=   7.19 Y=  53.55 jitter=1509ns
TS=865.783359469 loop=5535     P= -14.39 R=   7.07 Y=  54.44 jitter=2193ns
TS=865.788358875 loop=5536     P= -14.46 R=   6.95 Y=  55.34 jitter=1599ns
TS=865.793359448 loop=5537     P= -14.51 R=   6.81 Y=  56.24 jitter=2172ns
TS=865.798359132 loop=5538     P= -14.54 R=   6.65 Y=  57.15 jitter=1856ns
TS=865.803358964 loop=5539     P= -14.54 R=   6.51 Y=  58.06 jitter=1688ns
TS=865.808359019 loop=5540     P= -14.58 R=   6.37 Y=  58.98 jitter=1743ns
TS=865.813358592 loop=5541     P= -14.64 R=   6.18 Y=  59.90 jitter=1316ns
TS=865.818359183 loop=5542     P= -14.69 R=   5.96 Y=  60.84 jitter=1907ns
TS=865.823358867 loop=5543     P= -14.73 R=   5.71 Y=  61.79 jitter=1591ns
TS=865.828358774 loop=5544     P= -14.79 R=   5.45 Y=  62.75 jitter=1498ns
TS=865.833358606 loop=5545     P= -14.83 R=   5.17 Y=  63.71 jitter=1330ns
TS=865.838359123 loop=5546     P= -14.88 R=   4.88 Y=  64.69 jitter=1847ns
TS=865.843358937 loop=5547     P= -14.93 R=   4.63 Y=  65.66 jitter=1661ns
TS=865.848359288 loop=5548     P= -14.94 R=   4.38 Y=  66.64 jitter=2012ns
TS=865.853358583 loop=5549     P= -14.93 R=   4.14 Y=  67.62 jitter=1307ns
TS=865.858358637 loop=5550     P= -14.92 R=   3.92 Y=  68.60 jitter=1361ns
TS=865.863359229 loop=5551     P= -14.94 R=   3.72 Y=  69.58 jitter=1953ns
TS=865.868358654 loop=5552     P= -14.94 R=   3.52 Y=  70.55 jitter=1378ns
TS=865.873358615 loop=5553     P= -14.95 R=   3.34 Y=  71.52 jitter=1339ns
TS=865.878358633 loop=5554     P= -14.96 R=   3.16 Y=  72.47 jitter=1357ns
TS=865.883358984 loop=5555     P= -14.93 R=   2.97 Y=  73.42 jitter=1708ns
TS=865.888358668 loop=5556     P= -14.91 R=   2.75 Y=  74.37 jitter=1392ns
TS=865.893358611 loop=5557     P= -14.86 R=   2.52 Y=  75.31 jitter=1335ns
TS=865.898359425 loop=5558     P= -14.78 R=   2.27 Y=  76.26 jitter=2149ns
TS=865.903359016 loop=5559     P= -14.73 R=   1.99 Y=  77.21 jitter=1740ns
TS=865.908358663 loop=5560     P= -14.66 R=   1.70 Y=  78.17 jitter=1387ns
TS=865.913358662 loop=5561     P= -14.61 R=   1.41 Y=  79.12 jitter=1386ns
TS=865.918358624 loop=5562     P= -14.54 R=   1.12 Y=  80.08 jitter=1348ns
TS=865.923358993 loop=5563     P= -14.47 R=   0.89 Y=  81.02 jitter=1717ns
TS=865.928358640 loop=5564     P= -14.38 R=   0.66 Y=  81.94 jitter=1364ns
TS=865.933358732 loop=5565     P= -14.27 R=   0.43 Y=  82.82 jitter=1456ns
TS=865.938358638 loop=5566     P= -14.12 R=   0.24 Y=  83.67 jitter=1362ns
TS=865.943359044 loop=5567     P= -13.97 R=   0.10 Y=  84.49 jitter=1768ns
TS=865.948359247 loop=5568     P= -13.84 R=  -0.06 Y=  85.27 jitter=1971ns
TS=865.953358598 loop=5569     P= -13.71 R=  -0.24 Y=  86.02 jitter=1322ns
TS=865.958358633 loop=5570     P= -13.59 R=  -0.44 Y=  86.76 jitter=1357ns
TS=865.963358614 loop=5571     P= -13.46 R=  -0.60 Y=  87.49 jitter=1338ns
TS=865.968358613 loop=5572     P= -13.37 R=  -0.81 Y=  88.20 jitter=1337ns
TS=865.973358630 loop=5573     P= -13.27 R=  -0.98 Y=  88.91 jitter=1354ns
TS=865.978358629 loop=5574     P= -13.21 R=  -1.14 Y=  89.60 jitter=1353ns
TS=865.983358739 loop=5575     P= -13.09 R=  -1.32 Y=  90.27 jitter=1463ns
TS=865.988358942 loop=5576     P= -13.06 R=  -1.41 Y=  90.92 jitter=1666ns
TS=865.993358644 loop=5577     P= -12.98 R=  -1.50 Y=  91.55 jitter=1368ns
TS=865.998359476 loop=5578     P= -12.84 R=  -1.64 Y=  92.16 jitter=2200ns
TS=866.003358994 loop=5579     P= -12.73 R=  -1.82 Y=  92.73 jitter=1718ns
TS=866.008358641 loop=5580     P= -12.57 R=  -1.99 Y=  93.27 jitter=1365ns
TS=866.013359621 loop=5581     P= -12.45 R=  -2.24 Y=  93.80 jitter=2345ns
TS=866.018358620 loop=5582     P= -12.33 R=  -2.47 Y=  94.34 jitter=1344ns
TS=866.023358637 loop=5583     P= -12.25 R=  -2.68 Y=  94.88 jitter=1361ns
TS=866.028358655 loop=5584     P= -12.05 R=  -2.94 Y=  95.43 jitter=1379ns
TS=866.033358617 loop=5585     P= -11.82 R=  -3.26 Y=  95.97 jitter=1341ns
TS=866.038358986 loop=5586     P= -11.60 R=  -3.43 Y=  96.52 jitter=1710ns
TS=866.043358929 loop=5587     P= -11.41 R=  -3.60 Y=  97.08 jitter=1653ns
TS=866.048359336 loop=5588     P= -11.25 R=  -3.68 Y=  97.63 jitter=2060ns
TS=866.053359001 loop=5589     P= -11.09 R=  -3.83 Y=  98.16 jitter=1725ns
TS=866.058358611 loop=5590     P= -11.02 R=  -3.97 Y=  98.67 jitter=1335ns
TS=866.063358591 loop=5591     P= -10.98 R=  -4.15 Y=  99.16 jitter=1315ns
TS=866.068358646 loop=5592     P= -10.91 R=  -4.44 Y=  99.61 jitter=1370ns
TS=866.073358608 loop=5593     P= -10.88 R=  -4.79 Y= 100.05 jitter=1332ns
TS=866.078358569 loop=5594     P= -10.86 R=  -5.13 Y= 100.47 jitter=1293ns
TS=866.083358624 loop=5595     P= -10.78 R=  -5.58 Y= 100.90 jitter=1348ns
TS=866.088358993 loop=5596     P= -10.68 R=  -6.00 Y= 101.33 jitter=1717ns
TS=866.093358936 loop=5597     P= -10.56 R=  -6.38 Y= 101.79 jitter=1660ns
TS=866.098359657 loop=5598     P= -10.38 R=  -6.75 Y= 102.27 jitter=2381ns
TS=866.103358971 loop=5599     P= -10.21 R=  -7.09 Y= 102.77 jitter=1695ns
TS=866.108358637 loop=5600     P= -10.12 R=  -7.38 Y= 103.28 jitter=1361ns
TS=866.113358672 loop=5601     P=  -9.98 R=  -7.61 Y= 103.82 jitter=1396ns
TS=866.118358579 loop=5602     P=  -9.89 R=  -7.76 Y= 104.36 jitter=1303ns
TS=866.123358596 loop=5603     P=  -9.67 R=  -7.93 Y= 104.91 jitter=1320ns
TS=866.128358632 loop=5604     P=  -9.47 R=  -8.04 Y= 105.48 jitter=1356ns
TS=866.133358612 loop=5605     P=  -9.27 R=  -8.16 Y= 106.05 jitter=1336ns
TS=866.138358630 loop=5606     P=  -9.14 R=  -8.26 Y= 106.62 jitter=1354ns
TS=866.143358943 loop=5607     P=  -8.96 R=  -8.29 Y= 107.21 jitter=1667ns
TS=866.148359331 loop=5608     P=  -8.63 R=  -8.32 Y= 107.81 jitter=2055ns
TS=866.153358608 loop=5609     P=  -8.20 R=  -8.37 Y= 108.44 jitter=1332ns
TS=866.158358699 loop=5610     P=  -7.59 R=  -8.41 Y= 109.08 jitter=1423ns
TS=866.163359383 loop=5611     P=  -7.16 R=  -8.44 Y= 109.72 jitter=2107ns
TS=866.168359104 loop=5612     P=  -6.84 R=  -8.46 Y= 110.36 jitter=1828ns
TS=866.173358640 loop=5613     P=  -6.61 R=  -8.50 Y= 110.97 jitter=1364ns
TS=866.178358602 loop=5614     P=  -6.43 R=  -8.49 Y= 111.57 jitter=1326ns
TS=866.183358990 loop=5615     P=  -6.12 R=  -8.50 Y= 112.14 jitter=1714ns
TS=866.188358655 loop=5616     P=  -5.78 R=  -8.39 Y= 112.71 jitter=1379ns
TS=866.193358950 loop=5617     P=  -5.62 R=  -8.28 Y= 113.25 jitter=1674ns
TS=866.198359023 loop=5618     P=  -5.49 R=  -8.24 Y= 113.78 jitter=1747ns
TS=866.203359022 loop=5619     P=  -5.20 R=  -8.21 Y= 114.29 jitter=1746ns
TS=866.208358651 loop=5620     P=  -5.01 R=  -8.15 Y= 114.80 jitter=1375ns
TS=866.213358612 loop=5621     P=  -4.94 R=  -8.09 Y= 115.31 jitter=1336ns
TS=866.218358648 loop=5622     P=  -4.67 R=  -8.09 Y= 115.82 jitter=1372ns
TS=866.223361110 loop=5623     P=  -4.49 R=  -8.06 Y= 116.34 jitter=3834ns
TS=866.228358776 loop=5624     P=  -4.18 R=  -8.03 Y= 116.87 jitter=1500ns
TS=866.233358700 loop=5625     P=  -4.00 R=  -7.94 Y= 117.40 jitter=1424ns
TS=866.238359014 loop=5626     P=  -3.81 R=  -7.88 Y= 117.92 jitter=1738ns
TS=866.243358717 loop=5627     P=  -3.65 R=  -7.82 Y= 118.44 jitter=1441ns
TS=866.248359308 loop=5628     P=  -3.48 R=  -7.80 Y= 118.96 jitter=2032ns
TS=866.253359177 loop=5629     P=  -3.29 R=  -7.74 Y= 119.46 jitter=1901ns
TS=866.258359306 loop=5630     P=  -3.10 R=  -7.73 Y= 119.95 jitter=2030ns
TS=866.263359342 loop=5631     P=  -2.94 R=  -7.73 Y= 120.41 jitter=2066ns
TS=866.268358859 loop=5632     P=  -2.81 R=  -7.71 Y= 120.86 jitter=1583ns
TS=866.273358710 loop=5633     P=  -2.66 R=  -7.68 Y= 121.29 jitter=1434ns
TS=866.278358801 loop=5634     P=  -2.51 R=  -7.57 Y= 121.69 jitter=1525ns
TS=866.283359300 loop=5635     P=  -2.33 R=  -7.40 Y= 122.06 jitter=2024ns
TS=866.288358873 loop=5636     P=  -2.17 R=  -7.19 Y= 122.41 jitter=1597ns
TS=866.293358761 loop=5637     P=  -2.03 R=  -6.92 Y= 122.71 jitter=1485ns
TS=866.298361889 loop=5638     P=  -1.94 R=  -6.61 Y= 122.97 jitter=4613ns
TS=866.303359296 loop=5639     P=  -1.85 R=  -6.36 Y= 123.19 jitter=2020ns
TS=866.308358924 loop=5640     P=  -1.75 R=  -6.12 Y= 123.36 jitter=1648ns
TS=866.313358830 loop=5641     P=  -1.66 R=  -5.92 Y= 123.50 jitter=1554ns
TS=866.318358903 loop=5642     P=  -1.61 R=  -5.77 Y= 123.59 jitter=1627ns
TS=866.323358809 loop=5643     P=  -1.56 R=  -5.67 Y= 123.64 jitter=1533ns
TS=866.328358771 loop=5644     P=  -1.52 R=  -5.58 Y= 123.65 jitter=1495ns
TS=866.333359603 loop=5645     P=  -1.49 R=  -5.51 Y= 123.62 jitter=2327ns
TS=866.338359158 loop=5646     P=  -1.46 R=  -5.45 Y= 123.56 jitter=1882ns
TS=866.343359472 loop=5647     P=  -1.44 R=  -5.40 Y= 123.47 jitter=2196ns
TS=866.348359656 loop=5648     P=  -1.41 R=  -5.35 Y= 123.33 jitter=2380ns
TS=866.353359025 loop=5649     P=  -1.36 R=  -5.28 Y= 123.16 jitter=1749ns
TS=866.358358616 loop=5650     P=  -1.31 R=  -5.22 Y= 122.96 jitter=1340ns
TS=866.363358578 loop=5651     P=  -1.24 R=  -5.14 Y= 122.72 jitter=1302ns
TS=866.368358651 loop=5652     P=  -1.18 R=  -5.04 Y= 122.45 jitter=1375ns
TS=866.373358613 loop=5653     P=  -1.08 R=  -4.94 Y= 122.15 jitter=1337ns
TS=866.378358964 loop=5654     P=  -1.01 R=  -4.77 Y= 121.82 jitter=1688ns
TS=866.383358592 loop=5655     P=  -0.98 R=  -4.60 Y= 121.45 jitter=1316ns
TS=866.388358609 loop=5656     P=  -0.93 R=  -4.48 Y= 121.04 jitter=1333ns
TS=866.393358997 loop=5657     P=  -0.88 R=  -4.41 Y= 120.58 jitter=1721ns
TS=866.398359200 loop=5658     P=  -0.83 R=  -4.33 Y= 120.09 jitter=1924ns
TS=866.403359013 loop=5659     P=  -0.77 R=  -4.25 Y= 119.55 jitter=1737ns
TS=866.408358660 loop=5660     P=  -0.68 R=  -4.14 Y= 118.99 jitter=1384ns
TS=866.413358622 loop=5661     P=  -0.58 R=  -4.06 Y= 118.39 jitter=1346ns
TS=866.418358640 loop=5662     P=  -0.47 R=  -3.93 Y= 117.76 jitter=1364ns
TS=866.423358638 loop=5663     P=  -0.33 R=  -3.82 Y= 117.10 jitter=1362ns
TS=866.428358674 loop=5664     P=  -0.19 R=  -3.71 Y= 116.42 jitter=1398ns
TS=866.433358692 loop=5665     P=  -0.05 R=  -3.65 Y= 115.71 jitter=1416ns
TS=866.438358839 loop=5666     P=   0.06 R=  -3.58 Y= 114.98 jitter=1563ns
TS=866.443359041 loop=5667     P=   0.14 R=  -3.53 Y= 114.23 jitter=1765ns
TS=866.448359336 loop=5668     P=   0.20 R=  -3.49 Y= 113.46 jitter=2060ns
TS=866.453358613 loop=5669     P=   0.30 R=  -3.49 Y= 112.68 jitter=1337ns
TS=866.458358593 loop=5670     P=   0.38 R=  -3.52 Y= 111.90 jitter=1317ns
TS=866.463358981 loop=5671     P=   0.42 R=  -3.57 Y= 111.11 jitter=1705ns
TS=866.468358628 loop=5672     P=   0.46 R=  -3.60 Y= 110.33 jitter=1352ns
TS=866.473358645 loop=5673     P=   0.53 R=  -3.65 Y= 109.56 jitter=1369ns
TS=866.478358663 loop=5674     P=   0.63 R=  -3.64 Y= 108.79 jitter=1387ns
TS=866.483358995 loop=5675     P=   0.76 R=  -3.64 Y= 108.03 jitter=1719ns
TS=866.488358753 loop=5676     P=   0.89 R=  -3.62 Y= 107.28 jitter=1477ns
TS=866.493359178 loop=5677     P=   1.02 R=  -3.53 Y= 106.55 jitter=1902ns
TS=866.498359232 loop=5678     P=   1.17 R=  -3.46 Y= 105.81 jitter=1956ns
TS=866.503358620 loop=5679     P=   1.30 R=  -3.38 Y= 105.08 jitter=1344ns
TS=866.508358656 loop=5680     P=   1.40 R=  -3.28 Y= 104.34 jitter=1380ns
TS=866.513359155 loop=5681     P=   1.53 R=  -3.22 Y= 103.60 jitter=1879ns
TS=866.518358617 loop=5682     P=   1.63 R=  -3.18 Y= 102.84 jitter=1341ns
TS=866.523358597 loop=5683     P=   1.72 R=  -3.10 Y= 102.09 jitter=1321ns
TS=866.528359077 loop=5684     P=   1.80 R=  -3.02 Y= 101.33 jitter=1801ns
TS=866.533358632 loop=5685     P=   1.86 R=  -2.89 Y= 100.59 jitter=1356ns
TS=866.538358593 loop=5686     P=   1.94 R=  -2.79 Y=  99.84 jitter=1317ns
TS=866.543358944 loop=5687     P=   2.01 R=  -2.67 Y=  99.11 jitter=1668ns
TS=866.548359202 loop=5688     P=   2.05 R=  -2.59 Y=  98.38 jitter=1926ns
TS=866.553358627 loop=5689     P=   2.06 R=  -2.55 Y=  97.65 jitter=1351ns
TS=866.558358626 loop=5690     P=   2.05 R=  -2.53 Y=  96.94 jitter=1350ns
TS=866.563358625 loop=5691     P=   2.00 R=  -2.51 Y=  96.23 jitter=1349ns
TS=866.568358624 loop=5692     P=   1.95 R=  -2.46 Y=  95.52 jitter=1348ns
TS=866.573358641 loop=5693     P=   1.93 R=  -2.47 Y=  94.82 jitter=1365ns
TS=866.578358640 loop=5694     P=   1.90 R=  -2.43 Y=  94.12 jitter=1364ns
TS=866.583358713 loop=5695     P=   1.85 R=  -2.40 Y=  93.42 jitter=1437ns
TS=866.588358952 loop=5696     P=   1.79 R=  -2.36 Y=  92.73 jitter=1676ns
TS=866.593358988 loop=5697     P=   1.74 R=  -2.33 Y=  92.04 jitter=1712ns
TS=866.598359098 loop=5698     P=   1.67 R=  -2.22 Y=  91.34 jitter=1822ns
TS=866.603358967 loop=5699     P=   1.65 R=  -2.17 Y=  90.64 jitter=1691ns
TS=866.608358596 loop=5700     P=   1.61 R=  -2.07 Y=  89.94 jitter=1320ns
TS=866.613358613 loop=5701     P=   1.58 R=  -2.03 Y=  89.23 jitter=1337ns
TS=866.618358631 loop=5702     P=   1.53 R=  -1.95 Y=  88.52 jitter=1355ns
TS=866.623358630 loop=5703     P=   1.44 R=  -1.86 Y=  87.81 jitter=1354ns
TS=866.628358665 loop=5704     P=   1.38 R=  -1.77 Y=  87.11 jitter=1389ns
TS=866.633358627 loop=5705     P=   1.29 R=  -1.73 Y=  86.41 jitter=1351ns
TS=866.638358608 loop=5706     P=   1.19 R=  -1.76 Y=  85.70 jitter=1332ns
TS=866.643358995 loop=5707     P=   1.10 R=  -1.77 Y=  84.99 jitter=1719ns
TS=866.648359235 loop=5708     P=   0.99 R=  -1.74 Y=  84.28 jitter=1959ns
TS=866.653359234 loop=5709     P=   0.91 R=  -1.76 Y=  83.57 jitter=1958ns
TS=866.658358603 loop=5710     P=   0.83 R=  -1.75 Y=  82.86 jitter=1327ns
TS=866.663358583 loop=5711     P=   0.77 R=  -1.75 Y=  82.16 jitter=1307ns
TS=866.668358619 loop=5712     P=   0.71 R=  -1.70 Y=  81.45 jitter=1343ns
TS=866.673358618 loop=5713     P=   0.66 R=  -1.64 Y=  80.75 jitter=1342ns
TS=866.678358635 loop=5714     P=   0.61 R=  -1.62 Y=  80.05 jitter=1359ns
TS=866.683358616 loop=5715     P=   0.55 R=  -1.54 Y=  79.35 jitter=1340ns
TS=866.688358652 loop=5716     P=   0.48 R=  -1.52 Y=  78.63 jitter=1376ns
TS=866.693359002 loop=5717     P=   0.38 R=  -1.48 Y=  77.92 jitter=1726ns
TS=866.698359779 loop=5718     P=   0.27 R=  -1.51 Y=  77.20 jitter=2503ns
TS=866.703358982 loop=5719     P=   0.13 R=  -1.56 Y=  76.48 jitter=1706ns
TS=866.708358647 loop=5720     P=  -0.01 R=  -1.59 Y=  75.75 jitter=1371ns
TS=866.713358609 loop=5721     P=  -0.17 R=  -1.65 Y=  75.00 jitter=1333ns
TS=866.718358608 loop=5722     P=  -0.33 R=  -1.66 Y=  74.26 jitter=1332ns
TS=866.723358570 loop=5723     P=  -0.47 R=  -1.72 Y=  73.49 jitter=1294ns
TS=866.728358772 loop=5724     P=  -0.60 R=  -1.74 Y=  72.73 jitter=1496ns
TS=866.733359104 loop=5725     P=  -0.69 R=  -1.75 Y=  71.96 jitter=1828ns
TS=866.738358603 loop=5726     P=  -0.77 R=  -1.79 Y=  71.19 jitter=1327ns
TS=866.743358787 loop=5727     P=  -0.83 R=  -1.74 Y=  70.41 jitter=1511ns
TS=866.748359490 loop=5728     P=  -0.86 R=  -1.73 Y=  69.62 jitter=2214ns
TS=866.753358748 loop=5729     P=  -0.89 R=  -1.74 Y=  68.83 jitter=1472ns
TS=866.758359062 loop=5730     P=  -0.92 R=  -1.72 Y=  68.04 jitter=1786ns
TS=866.763359375 loop=5731     P=  -0.96 R=  -1.70 Y=  67.26 jitter=2099ns
TS=866.768359226 loop=5732     P=  -1.01 R=  -1.68 Y=  66.47 jitter=1950ns
TS=866.773359095 loop=5733     P=  -1.05 R=  -1.66 Y=  65.67 jitter=1819ns
TS=866.778358835 loop=5734     P=  -1.09 R=  -1.61 Y=  64.89 jitter=1559ns
TS=866.783359685 loop=5735     P=  -1.11 R=  -1.55 Y=  64.10 jitter=2409ns
TS=866.788359018 loop=5736     P=  -1.12 R=  -1.49 Y=  63.32 jitter=1742ns
TS=866.793358776 loop=5737     P=  -1.17 R=  -1.41 Y=  62.54 jitter=1500ns
TS=866.798358978 loop=5738     P=  -1.20 R=  -1.29 Y=  61.78 jitter=1702ns
TS=866.803358699 loop=5739     P=  -1.22 R=  -1.20 Y=  61.02 jitter=1423ns
TS=866.808358846 loop=5740     P=  -1.28 R=  -1.10 Y=  60.27 jitter=1570ns
TS=866.813359123 loop=5741     P=  -1.31 R=  -1.04 Y=  59.50 jitter=1847ns
TS=866.818359363 loop=5742     P=  -1.33 R=  -1.02 Y=  58.73 jitter=2087ns
TS=866.823358898 loop=5743     P=  -1.34 R=  -0.99 Y=  57.95 jitter=1622ns
TS=866.828359194 loop=5744     P=  -1.34 R=  -0.96 Y=  57.17 jitter=1918ns
TS=866.833358711 loop=5745     P=  -1.38 R=  -0.89 Y=  56.38 jitter=1435ns
TS=866.838359617 loop=5746     P=  -1.36 R=  -0.89 Y=  55.58 jitter=2341ns
TS=866.843358616 loop=5747     P=  -1.36 R=  -0.83 Y=  54.78 jitter=1340ns
TS=866.848359319 loop=5748     P=  -1.38 R=  -0.77 Y=  53.99 jitter=2043ns
TS=866.853358966 loop=5749     P=  -1.39 R=  -0.71 Y=  53.20 jitter=1690ns
TS=866.858358687 loop=5750     P=  -1.38 R=  -0.67 Y=  52.42 jitter=1411ns
TS=866.863359000 loop=5751     P=  -1.39 R=  -0.63 Y=  51.65 jitter=1724ns
TS=866.868358814 loop=5752     P=  -1.41 R=  -0.65 Y=  50.89 jitter=1538ns
TS=866.873358720 loop=5753     P=  -1.43 R=  -0.66 Y=  50.13 jitter=1444ns
TS=866.878358867 loop=5754     P=  -1.50 R=  -0.71 Y=  49.38 jitter=1591ns
TS=866.883359903 loop=5755     P=  -1.58 R=  -0.81 Y=  48.63 jitter=2627ns
TS=866.888358661 loop=5756     P=  -1.68 R=  -0.84 Y=  47.89 jitter=1385ns
TS=866.893358642 loop=5757     P=  -1.76 R=  -0.92 Y=  47.15 jitter=1366ns
TS=866.898358770 loop=5758     P=  -1.85 R=  -1.01 Y=  46.41 jitter=1494ns
TS=866.903358621 loop=5759     P=  -1.92 R=  -1.09 Y=  45.67 jitter=1345ns
TS=866.908358638 loop=5760     P=  -1.99 R=  -1.13 Y=  44.93 jitter=1362ns
TS=866.913358656 loop=5761     P=  -2.06 R=  -1.20 Y=  44.18 jitter=1380ns
TS=866.918358617 loop=5762     P=  -2.11 R=  -1.23 Y=  43.44 jitter=1341ns
TS=866.923358598 loop=5763     P=  -2.16 R=  -1.20 Y=  42.70 jitter=1322ns
TS=866.928358634 loop=5764     P=  -2.20 R=  -1.19 Y=  41.96 jitter=1358ns
TS=866.933358614 loop=5765     P=  -2.27 R=  -1.16 Y=  41.22 jitter=1338ns
TS=866.938358631 loop=5766     P=  -2.32 R=  -1.16 Y=  40.47 jitter=1355ns
TS=866.943359001 loop=5767     P=  -2.41 R=  -1.13 Y=  39.72 jitter=1725ns
TS=866.948359148 loop=5768     P=  -2.47 R=  -1.09 Y=  38.96 jitter=1872ns
TS=866.953358813 loop=5769     P=  -2.55 R=  -1.06 Y=  38.19 jitter=1537ns
TS=866.958358645 loop=5770     P=  -2.67 R=  -1.03 Y=  37.43 jitter=1369ns
TS=866.963358607 loop=5771     P=  -2.80 R=  -1.06 Y=  36.66 jitter=1331ns
TS=866.968358661 loop=5772     P=  -2.93 R=  -1.08 Y=  35.89 jitter=1385ns
TS=866.973358642 loop=5773     P=  -3.05 R=  -1.12 Y=  35.11 jitter=1366ns
TS=866.978358604 loop=5774     P=  -3.16 R=  -1.16 Y=  34.35 jitter=1328ns
TS=866.983358621 loop=5775     P=  -3.26 R=  -1.17 Y=  33.59 jitter=1345ns
TS=866.988358972 loop=5776     P=  -3.32 R=  -1.24 Y=  32.85 jitter=1696ns
TS=866.993358971 loop=5777     P=  -3.39 R=  -1.32 Y=  32.13 jitter=1695ns
TS=866.998359210 loop=5778     P=  -3.50 R=  -1.37 Y=  31.44 jitter=1934ns
TS=867.003359376 loop=5779     P=  -3.62 R=  -1.46 Y=  30.76 jitter=2100ns
TS=867.008358671 loop=5780     P=  -3.81 R=  -1.55 Y=  30.10 jitter=1395ns
TS=867.013359040 loop=5781     P=  -4.08 R=  -1.62 Y=  29.46 jitter=1764ns
TS=867.018358631 loop=5782     P=  -4.37 R=  -1.63 Y=  28.83 jitter=1355ns
TS=867.023358612 loop=5783     P=  -4.64 R=  -1.59 Y=  28.20 jitter=1336ns
TS=867.028358629 loop=5784     P=  -4.93 R=  -1.50 Y=  27.56 jitter=1353ns
TS=867.033359054 loop=5785     P=  -5.16 R=  -1.40 Y=  26.91 jitter=1778ns
TS=867.038358627 loop=5786     P=  -5.36 R=  -1.25 Y=  26.25 jitter=1351ns
TS=867.043358941 loop=5787     P=  -5.52 R=  -1.10 Y=  25.58 jitter=1665ns
TS=867.048359532 loop=5788     P=  -5.62 R=  -0.95 Y=  24.91 jitter=2256ns
TS=867.053359012 loop=5789     P=  -5.67 R=  -0.83 Y=  24.24 jitter=1736ns
TS=867.058358641 loop=5790     P=  -5.70 R=  -0.73 Y=  23.58 jitter=1365ns
TS=867.063358621 loop=5791     P=  -5.74 R=  -0.59 Y=  22.95 jitter=1345ns
TS=867.068358638 loop=5792     P=  -5.79 R=  -0.40 Y=  22.34 jitter=1362ns
TS=867.073358619 loop=5793     P=  -5.85 R=  -0.14 Y=  21.74 jitter=1343ns
TS=867.078359006 loop=5794     P=  -5.69 R=   0.60 Y=  21.13 jitter=1730ns
TS=867.083358635 loop=5795     P=  -5.51 R=   1.05 Y=  20.48 jitter=1359ns
TS=867.088358634 loop=5796     P=  -5.50 R=   1.27 Y=  19.77 jitter=1358ns
TS=867.093358947 loop=5797     P=  -5.60 R=   1.46 Y=  19.04 jitter=1671ns
TS=867.098359113 loop=5798     P=  -5.73 R=   1.60 Y=  18.31 jitter=1837ns
TS=867.103358964 loop=5799     P=  -5.87 R=   1.73 Y=  17.58 jitter=1688ns
TS=867.108358666 loop=5800     P=  -5.99 R=   1.76 Y=  16.83 jitter=1390ns
TS=867.113359017 loop=5801     P=  -6.16 R=   1.71 Y=  16.07 jitter=1741ns
TS=867.118358664 loop=5802     P=  -6.37 R=   1.63 Y=  15.30 jitter=1388ns
TS=867.123358626 loop=5803     P=  -6.60 R=   1.45 Y=  14.52 jitter=1350ns
TS=867.128359106 loop=5804     P=  -6.88 R=   1.24 Y=  13.73 jitter=1830ns
TS=867.133358679 loop=5805     P=  -7.07 R=   0.98 Y=  12.94 jitter=1403ns
TS=867.138358640 loop=5806     P=  -7.28 R=   0.87 Y=  12.17 jitter=1364ns
TS=867.143359028 loop=5807     P=  -7.49 R=   0.82 Y=  11.40 jitter=1752ns
TS=867.148359157 loop=5808     P=  -7.68 R=   0.77 Y=  10.63 jitter=1881ns
TS=867.153358600 loop=5809     P=  -7.86 R=   0.75 Y=   9.87 jitter=1324ns
TS=867.158358599 loop=5810     P=  -8.03 R=   0.76 Y=   9.12 jitter=1323ns
TS=867.163358598 loop=5811     P=  -8.16 R=   0.77 Y=   8.37 jitter=1322ns
TS=867.168358633 loop=5812     P=  -8.37 R=   0.85 Y=   7.64 jitter=1357ns
TS=867.173358595 loop=5813     P=  -8.60 R=   0.97 Y=   6.90 jitter=1319ns
TS=867.178358631 loop=5814     P=  -8.82 R=   1.08 Y=   6.17 jitter=1355ns
TS=867.183358630 loop=5815     P=  -9.06 R=   1.23 Y=   5.44 jitter=1354ns
TS=867.188358981 loop=5816     P=  -9.30 R=   1.36 Y=   4.70 jitter=1705ns
TS=867.193358961 loop=5817     P=  -9.53 R=   1.43 Y=   3.96 jitter=1685ns
TS=867.198359015 loop=5818     P=  -9.83 R=   1.47 Y=   3.21 jitter=1739ns
TS=867.203359051 loop=5819     P= -10.09 R=   1.50 Y=   2.46 jitter=1775ns
TS=867.208358643 loop=5820     P= -10.36 R=   1.50 Y=   1.71 jitter=1367ns
TS=867.213359030 loop=5821     P= -10.57 R=   1.50 Y=   0.96 jitter=1754ns
TS=867.218358622 loop=5822     P= -10.72 R=   1.48 Y=   0.21 jitter=1346ns
TS=867.223358621 loop=5823     P= -10.90 R=   1.47 Y=  -0.53 jitter=1345ns
TS=867.228358601 loop=5824     P= -11.04 R=   1.45 Y=  -1.25 jitter=1325ns
TS=867.233359674 loop=5825     P= -11.07 R=   1.43 Y=  -1.97 jitter=2398ns
TS=867.238359950 loop=5826     P= -11.11 R=   1.43 Y=  -2.68 jitter=2674ns
TS=867.243358764 loop=5827     P= -11.06 R=   1.44 Y=  -3.36 jitter=1488ns
TS=867.248359504 loop=5828     P= -11.09 R=   1.51 Y=  -4.02 jitter=2228ns
TS=867.253358780 loop=5829     P= -11.05 R=   1.58 Y=  -4.67 jitter=1504ns
TS=867.258359446 loop=5830     P= -11.03 R=   1.64 Y=  -5.31 jitter=2170ns
TS=867.263358796 loop=5831     P= -11.05 R=   1.86 Y=  -5.94 jitter=1520ns
TS=867.268359351 loop=5832     P= -11.13 R=   2.07 Y=  -6.59 jitter=2075ns
TS=867.273359535 loop=5833     P= -11.09 R=   2.21 Y=  -7.25 jitter=2259ns
TS=867.278359200 loop=5834     P= -11.00 R=   2.28 Y=  -7.91 jitter=1924ns
TS=867.283359143 loop=5835     P= -10.80 R=   2.31 Y=  -8.55 jitter=1867ns
TS=867.288358809 loop=5836     P= -10.55 R=   2.35 Y=  -9.17 jitter=1533ns
TS=867.293359215 loop=5837     P= -10.35 R=   2.36 Y=  -9.76 jitter=1939ns
TS=867.298359918 loop=5838     P= -10.28 R=   2.48 Y= -10.35 jitter=2642ns
TS=867.303359139 loop=5839     P= -10.16 R=   2.62 Y= -10.94 jitter=1863ns
TS=867.308358656 loop=5840     P= -10.07 R=   2.70 Y= -11.54 jitter=1380ns
TS=867.313359062 loop=5841     P=  -9.84 R=   2.82 Y= -12.13 jitter=1786ns
TS=867.318359561 loop=5842     P=  -9.63 R=   2.87 Y= -12.71 jitter=2285ns
TS=867.323358671 loop=5843     P=  -9.36 R=   2.90 Y= -13.29 jitter=1395ns
TS=867.328359929 loop=5844     P=  -8.99 R=   2.91 Y= -13.85 jitter=2653ns
TS=867.333358761 loop=5845     P=  -8.73 R=   2.93 Y= -14.38 jitter=1485ns
TS=867.338358705 loop=5846     P=  -8.48 R=   3.01 Y= -14.91 jitter=1429ns
TS=867.343359092 loop=5847     P=  -8.22 R=   3.06 Y= -15.44 jitter=1816ns
TS=867.348359295 loop=5848     P=  -7.98 R=   3.13 Y= -15.96 jitter=2019ns
TS=867.353359053 loop=5849     P=  -7.56 R=   3.18 Y= -16.49 jitter=1777ns
TS=867.358358663 loop=5850     P=  -7.20 R=   3.19 Y= -17.01 jitter=1387ns
TS=867.363358606 loop=5851     P=  -6.86 R=   3.27 Y= -17.51 jitter=1330ns
TS=867.368359068 loop=5852     P=  -6.59 R=   3.36 Y= -18.02 jitter=1792ns
TS=867.373358696 loop=5853     P=  -6.40 R=   3.48 Y= -18.54 jitter=1420ns
TS=867.378358621 loop=5854     P=  -6.16 R=   3.57 Y= -19.06 jitter=1345ns
TS=867.383358583 loop=5855     P=  -5.79 R=   3.58 Y= -19.59 jitter=1307ns
TS=867.388358989 loop=5856     P=  -5.43 R=   3.65 Y= -20.11 jitter=1713ns
TS=867.393358988 loop=5857     P=  -5.09 R=   3.76 Y= -20.60 jitter=1712ns
TS=867.398359579 loop=5858     P=  -4.81 R=   3.96 Y= -21.10 jitter=2303ns
TS=867.403359023 loop=5859     P=  -4.58 R=   4.17 Y= -21.59 jitter=1747ns
TS=867.408358614 loop=5860     P=  -4.40 R=   4.27 Y= -22.09 jitter=1338ns
TS=867.413359002 loop=5861     P=  -3.93 R=   4.45 Y= -22.58 jitter=1726ns
TS=867.418358612 loop=5862     P=  -3.35 R=   4.59 Y= -23.08 jitter=1336ns
TS=867.423358611 loop=5863     P=  -2.95 R=   4.65 Y= -23.56 jitter=1335ns
TS=867.428358683 loop=5864     P=  -2.84 R=   4.66 Y= -24.03 jitter=1407ns
TS=867.433358664 loop=5865     P=  -2.74 R=   4.64 Y= -24.48 jitter=1388ns
TS=867.438358607 loop=5866     P=  -2.45 R=   4.65 Y= -24.91 jitter=1331ns
TS=867.443358643 loop=5867     P=  -2.08 R=   4.70 Y= -25.33 jitter=1367ns
TS=867.448359438 loop=5868     P=  -1.85 R=   4.71 Y= -25.73 jitter=2162ns
TS=867.453358937 loop=5869     P=  -1.66 R=   4.67 Y= -26.09 jitter=1661ns
TS=867.458358621 loop=5870     P=  -1.43 R=   4.55 Y= -26.42 jitter=1345ns
TS=867.463359009 loop=5871     P=  -1.17 R=   4.47 Y= -26.70 jitter=1733ns
TS=867.468358637 loop=5872     P=  -0.94 R=   4.43 Y= -26.93 jitter=1361ns
TS=867.473358636 loop=5873     P=  -0.84 R=   4.34 Y= -27.12 jitter=1360ns
TS=867.478358653 loop=5874     P=  -0.61 R=   4.23 Y= -27.26 jitter=1377ns
TS=867.483358985 loop=5875     P=  -0.36 R=   4.15 Y= -27.35 jitter=1709ns
TS=867.488358651 loop=5876     P=  -0.15 R=   4.08 Y= -27.40 jitter=1375ns
TS=867.493358631 loop=5877     P=   0.01 R=   4.00 Y= -27.41 jitter=1355ns
TS=867.498359297 loop=5878     P=   0.10 R=   3.93 Y= -27.38 jitter=2021ns
TS=867.503359018 loop=5879     P=   0.16 R=   3.86 Y= -27.32 jitter=1742ns
TS=867.508358609 loop=5880     P=   0.22 R=   3.83 Y= -27.24 jitter=1333ns
TS=867.513358608 loop=5881     P=   0.25 R=   3.84 Y= -27.12 jitter=1332ns
TS=867.518358662 loop=5882     P=   0.22 R=   3.91 Y= -26.97 jitter=1386ns
TS=867.523358624 loop=5883     P=   0.16 R=   4.02 Y= -26.79 jitter=1348ns
TS=867.528358975 loop=5884     P=   0.10 R=   4.15 Y= -26.58 jitter=1699ns
TS=867.533358751 loop=5885     P=   0.04 R=   4.29 Y= -26.32 jitter=1475ns
TS=867.538358621 loop=5886     P=  -0.05 R=   4.45 Y= -26.02 jitter=1345ns
TS=867.543358619 loop=5887     P=  -0.16 R=   4.60 Y= -25.68 jitter=1343ns
TS=867.548359285 loop=5888     P=  -0.28 R=   4.75 Y= -25.29 jitter=2009ns
TS=867.553358617 loop=5889     P=  -0.38 R=   4.92 Y= -24.85 jitter=1341ns
TS=867.558358597 loop=5890     P=  -0.48 R=   5.14 Y= -24.37 jitter=1321ns
TS=867.563358874 loop=5891     P=  -0.57 R=   5.40 Y= -23.84 jitter=1598ns
TS=867.568358651 loop=5892     P=  -0.63 R=   5.61 Y= -23.27 jitter=1375ns
TS=867.573358631 loop=5893     P=  -0.76 R=   5.79 Y= -22.67 jitter=1355ns
TS=867.578358593 loop=5894     P=  -0.94 R=   5.91 Y= -22.02 jitter=1317ns
TS=867.583358610 loop=5895     P=  -1.08 R=   6.02 Y= -21.34 jitter=1334ns
TS=867.588358998 loop=5896     P=  -1.22 R=   6.12 Y= -20.63 jitter=1722ns
TS=867.593359015 loop=5897     P=  -1.31 R=   6.28 Y= -19.89 jitter=1739ns
TS=867.598359532 loop=5898     P=  -1.39 R=   6.41 Y= -19.12 jitter=2256ns
TS=867.603359013 loop=5899     P=  -1.47 R=   6.52 Y= -18.31 jitter=1737ns
TS=867.608358641 loop=5900     P=  -1.53 R=   6.57 Y= -17.47 jitter=1365ns
TS=867.613358955 loop=5901     P=  -1.59 R=   6.61 Y= -16.58 jitter=1679ns
TS=867.618358620 loop=5902     P=  -1.66 R=   6.64 Y= -15.66 jitter=1344ns
TS=867.623358601 loop=5903     P=  -1.69 R=   6.64 Y= -14.71 jitter=1325ns
TS=867.628358822 loop=5904     P=  -1.70 R=   6.62 Y= -13.74 jitter=1546ns
TS=867.633359098 loop=5905     P=  -1.79 R=   6.58 Y= -12.75 jitter=1822ns
TS=867.638358634 loop=5906     P=  -1.92 R=   6.63 Y= -11.74 jitter=1358ns
TS=867.643358633 loop=5907     P=  -2.11 R=   6.67 Y= -10.72 jitter=1357ns
TS=867.648359372 loop=5908     P=  -2.30 R=   6.70 Y=  -9.69 jitter=2096ns
TS=867.653358612 loop=5909     P=  -2.48 R=   6.72 Y=  -8.65 jitter=1336ns
TS=867.658358592 loop=5910     P=  -2.59 R=   6.63 Y=  -7.59 jitter=1316ns
TS=867.663358591 loop=5911     P=  -2.77 R=   6.63 Y=  -6.52 jitter=1315ns
TS=867.668358664 loop=5912     P=  -2.98 R=   6.71 Y=  -5.44 jitter=1388ns
TS=867.673358644 loop=5913     P=  -3.16 R=   6.75 Y=  -4.34 jitter=1368ns
TS=867.678358625 loop=5914     P=  -3.32 R=   6.74 Y=  -3.25 jitter=1349ns
TS=867.683358605 loop=5915     P=  -3.50 R=   6.79 Y=  -2.14 jitter=1329ns
TS=867.688358641 loop=5916     P=  -3.71 R=   6.89 Y=  -1.03 jitter=1365ns
TS=867.693358603 loop=5917     P=  -3.87 R=   6.96 Y=   0.06 jitter=1327ns
TS=867.698359194 loop=5918     P=  -3.99 R=   6.96 Y=   1.16 jitter=1918ns
TS=867.703358989 loop=5919     P=  -4.14 R=   7.02 Y=   2.26 jitter=1713ns
TS=867.708358618 loop=5920     P=  -4.28 R=   7.11 Y=   3.36 jitter=1342ns
TS=867.713358783 loop=5921     P=  -4.42 R=   7.25 Y=   4.45 jitter=1507ns
TS=867.718358634 loop=5922     P=  -4.52 R=   7.33 Y=   5.54 jitter=1358ns
TS=867.723358596 loop=5923     P=  -4.64 R=   7.46 Y=   6.60 jitter=1320ns
TS=867.728358613 loop=5924     P=  -4.74 R=   7.48 Y=   7.63 jitter=1337ns
TS=867.733359130 loop=5925     P=  -4.78 R=   7.38 Y=   8.65 jitter=1854ns
TS=867.738358814 loop=5926     P=  -4.80 R=   7.21 Y=   9.67 jitter=1538ns
TS=867.743358869 loop=5927     P=  -4.88 R=   7.10 Y=  10.68 jitter=1593ns
TS=867.748358738 loop=5928     P=  -5.00 R=   7.00 Y=  11.68 jitter=1462ns
TS=867.753359348 loop=5929     P=  -5.08 R=   6.93 Y=  12.67 jitter=2072ns
TS=867.758358828 loop=5930     P=  -5.18 R=   6.83 Y=  13.64 jitter=1552ns
TS=867.763359105 loop=5931     P=  -5.32 R=   6.74 Y=  14.59 jitter=1829ns
TS=867.768359233 loop=5932     P=  -5.44 R=   6.58 Y=  15.52 jitter=1957ns
TS=867.773358973 loop=5933     P=  -5.51 R=   6.37 Y=  16.41 jitter=1697ns
TS=867.778358879 loop=5934     P=  -5.63 R=   6.21 Y=  17.30 jitter=1603ns
TS=867.783359822 loop=5935     P=  -5.75 R=   6.08 Y=  18.17 jitter=2546ns
TS=867.788358710 loop=5936     P=  -5.80 R=   5.87 Y=  19.01 jitter=1434ns
TS=867.793358987 loop=5937     P=  -5.90 R=   5.71 Y=  19.84 jitter=1711ns
TS=867.798359504 loop=5938     P=  -6.01 R=   5.56 Y=  20.66 jitter=2228ns
TS=867.803358873 loop=5939     P=  -6.09 R=   5.40 Y=  21.45 jitter=1597ns
TS=867.808359279 loop=5940     P=  -6.11 R=   5.19 Y=  22.23 jitter=2003ns
TS=867.813359241 loop=5941     P=  -6.12 R=   5.01 Y=  23.02 jitter=1965ns
TS=867.818359110 loop=5942     P=  -6.11 R=   4.86 Y=  23.81 jitter=1834ns
TS=867.823359276 loop=5943     P=  -6.10 R=   4.73 Y=  24.61 jitter=2000ns
TS=867.828359015 loop=5944     P=  -6.07 R=   4.64 Y=  25.40 jitter=1739ns
TS=867.833359533 loop=5945     P=  -6.04 R=   4.55 Y=  26.19 jitter=2257ns
TS=867.838359161 loop=5946     P=  -6.05 R=   4.47 Y=  26.98 jitter=1885ns
TS=867.843358882 loop=5947     P=  -6.05 R=   4.43 Y=  27.77 jitter=1606ns
TS=867.848358825 loop=5948     P=  -6.06 R=   4.34 Y=  28.54 jitter=1549ns
TS=867.853358917 loop=5949     P=  -6.06 R=   4.25 Y=  29.31 jitter=1641ns
TS=867.858358712 loop=5950     P=  -6.09 R=   4.19 Y=  30.07 jitter=1436ns
TS=867.863358914 loop=5951     P=  -6.09 R=   4.07 Y=  30.83 jitter=1638ns
TS=867.868358710 loop=5952     P=  -6.10 R=   3.95 Y=  31.58 jitter=1434ns
TS=867.873359857 loop=5953     P=  -6.13 R=   3.80 Y=  32.32 jitter=2581ns
TS=867.878358689 loop=5954     P=  -6.22 R=   3.71 Y=  33.05 jitter=1413ns
TS=867.883359243 loop=5955     P=  -6.28 R=   3.52 Y=  33.75 jitter=1967ns
TS=867.888358816 loop=5956     P=  -6.32 R=   3.31 Y=  34.45 jitter=1540ns
TS=867.893358741 loop=5957     P=  -6.35 R=   3.08 Y=  35.16 jitter=1465ns
TS=867.898358925 loop=5958     P=  -6.38 R=   2.94 Y=  35.88 jitter=1649ns
TS=867.903359164 loop=5959     P=  -6.39 R=   2.78 Y=  36.61 jitter=1888ns
TS=867.908358719 loop=5960     P=  -6.43 R=   2.72 Y=  37.34 jitter=1443ns
TS=867.913358773 loop=5961     P=  -6.51 R=   2.68 Y=  38.06 jitter=1497ns
TS=867.918358957 loop=5962     P=  -6.56 R=   2.62 Y=  38.76 jitter=1681ns
TS=867.923358604 loop=5963     P=  -6.60 R=   2.57 Y=  39.47 jitter=1328ns
TS=867.928358714 loop=5964     P=  -6.62 R=   2.59 Y=  40.17 jitter=1438ns
TS=867.933359083 loop=5965     P=  -6.63 R=   2.59 Y=  40.87 jitter=1807ns
TS=867.938358804 loop=5966     P=  -6.61 R=   2.52 Y=  41.57 jitter=1528ns
TS=867.943358896 loop=5967     P=  -6.63 R=   2.43 Y=  42.24 jitter=1620ns
TS=867.948359191 loop=5968     P=  -6.66 R=   2.30 Y=  42.90 jitter=1915ns
TS=867.953358856 loop=5969     P=  -6.67 R=   2.13 Y=  43.56 jitter=1580ns
TS=867.958358614 loop=5970     P=  -6.68 R=   2.00 Y=  44.22 jitter=1338ns
TS=867.963358798 loop=5971     P=  -6.64 R=   1.85 Y=  44.88 jitter=1522ns
TS=867.968359853 loop=5972     P=  -6.65 R=   1.75 Y=  45.54 jitter=2577ns
TS=867.973358666 loop=5973     P=  -6.62 R=   1.61 Y=  46.19 jitter=1390ns
TS=867.978358684 loop=5974     P=  -6.59 R=   1.47 Y=  46.82 jitter=1408ns
TS=867.983358960 loop=5975     P=  -6.57 R=   1.32 Y=  47.47 jitter=1684ns
TS=867.988359126 loop=5976     P=  -6.54 R=   1.23 Y=  48.11 jitter=1850ns
TS=867.993358773 loop=5977     P=  -6.52 R=   1.17 Y=  48.76 jitter=1497ns
TS=867.998358790 loop=5978     P=  -6.47 R=   1.13 Y=  49.40 jitter=1514ns
TS=868.003359493 loop=5979     P=  -6.41 R=   1.11 Y=  50.03 jitter=2217ns
TS=868.008359269 loop=5980     P=  -6.35 R=   1.15 Y=  50.65 jitter=1993ns
TS=868.013360101 loop=5981     P=  -6.24 R=   1.15 Y=  51.27 jitter=2825ns
TS=868.018358971 loop=5982     P=  -6.13 R=   1.15 Y=  51.86 jitter=1695ns
TS=868.023358729 loop=5983     P=  -6.02 R=   1.13 Y=  52.45 jitter=1453ns
TS=868.028358783 loop=5984     P=  -5.92 R=   1.14 Y=  53.01 jitter=1507ns
TS=868.033358708 loop=5985     P=  -5.81 R=   1.11 Y=  53.57 jitter=1432ns
TS=868.038358781 loop=5986     P=  -5.69 R=   1.10 Y=  54.10 jitter=1505ns
TS=868.043358928 loop=5987     P=  -5.57 R=   1.06 Y=  54.61 jitter=1652ns
TS=868.048359278 loop=5988     P=  -5.46 R=   0.98 Y=  55.10 jitter=2002ns
TS=868.053359259 loop=5989     P=  -5.37 R=   0.90 Y=  55.57 jitter=1983ns
TS=868.058358739 loop=5990     P=  -5.31 R=   0.84 Y=  56.02 jitter=1463ns
TS=868.063359164 loop=5991     P=  -5.26 R=   0.77 Y=  56.46 jitter=1888ns
TS=868.068358644 loop=5992     P=  -5.21 R=   0.71 Y=  56.88 jitter=1368ns
TS=868.073358846 loop=5993     P=  -5.17 R=   0.66 Y=  57.28 jitter=1570ns
TS=868.078358808 loop=5994     P=  -5.12 R=   0.64 Y=  57.68 jitter=1532ns
TS=868.083358733 loop=5995     P=  -5.05 R=   0.63 Y=  58.06 jitter=1457ns
TS=868.088358713 loop=5996     P=  -4.98 R=   0.65 Y=  58.43 jitter=1437ns
TS=868.093360138 loop=5997     P=  -4.91 R=   0.68 Y=  58.77 jitter=2862ns
TS=868.098359618 loop=5998     P=  -4.87 R=   0.74 Y=  59.09 jitter=2342ns
TS=868.103359395 loop=5999     P=  -4.81 R=   0.80 Y=  59.38 jitter=2119ns
TS=868.108358708 loop=6000     P=  -4.76 R=   0.83 Y=  59.63 jitter=1432ns
TS=868.113359800 loop=6001     P=  -4.69 R=   0.81 Y=  59.84 jitter=2524ns
TS=868.118358762 loop=6002     P=  -4.62 R=   0.81 Y=  60.02 jitter=1486ns
TS=868.123359057 loop=6003     P=  -4.54 R=   0.78 Y=  60.16 jitter=1781ns
TS=868.128360130 loop=6004     P=  -4.46 R=   0.76 Y=  60.26 jitter=2854ns
TS=868.133359314 loop=6005     P=  -4.40 R=   0.73 Y=  60.33 jitter=2038ns
TS=868.138358886 loop=6006     P=  -4.34 R=   0.72 Y=  60.37 jitter=1610ns
TS=868.143358996 loop=6007     P=  -4.32 R=   0.75 Y=  60.38 jitter=1720ns
TS=868.148359088 loop=6008     P=  -4.33 R=   0.80 Y=  60.35 jitter=1812ns
TS=868.153358753 loop=6009     P=  -4.37 R=   0.88 Y=  60.28 jitter=1477ns
TS=868.158358622 loop=6010     P=  -4.44 R=   1.00 Y=  60.16 jitter=1346ns
TS=868.163358603 loop=6011     P=  -4.64 R=   1.25 Y=  59.99 jitter=1327ns
TS=868.168358638 loop=6012     P=  -4.94 R=   1.56 Y=  59.74 jitter=1362ns
TS=868.173358637 loop=6013     P=  -5.30 R=   1.81 Y=  59.38 jitter=1361ns
TS=868.178358636 loop=6014     P=  -5.55 R=   1.92 Y=  58.88 jitter=1360ns
TS=868.183358598 loop=6015     P=  -5.64 R=   1.95 Y=  58.23 jitter=1322ns
TS=868.188358652 loop=6016     P=  -5.55 R=   1.89 Y=  57.47 jitter=1376ns
TS=868.193358966 loop=6017     P=  -5.29 R=   1.78 Y=  56.64 jitter=1690ns
TS=868.198359983 loop=6018     P=  -4.82 R=   1.57 Y=  55.76 jitter=2707ns
TS=868.203358982 loop=6019     P=  -4.28 R=   1.37 Y=  54.90 jitter=1706ns
TS=868.208358629 loop=6020     P=  -3.68 R=   1.18 Y=  54.07 jitter=1353ns
TS=868.213358739 loop=6021     P=  -3.00 R=   1.03 Y=  53.28 jitter=1463ns
TS=868.218358645 loop=6022     P=  -2.27 R=   0.91 Y=  52.54 jitter=1369ns
TS=868.223358625 loop=6023     P=  -1.50 R=   0.86 Y=  51.85 jitter=1349ns
TS=868.228358680 loop=6024     P=  -0.74 R=   0.87 Y=  51.22 jitter=1404ns
TS=868.233359882 loop=6025     P=   0.02 R=   0.89 Y=  50.65 jitter=2606ns
TS=868.238359585 loop=6026     P=   0.78 R=   0.93 Y=  50.17 jitter=2309ns
TS=868.243358769 loop=6027     P=   1.50 R=   1.00 Y=  49.76 jitter=1493ns
TS=868.248358712 loop=6028     P=   2.19 R=   1.09 Y=  49.43 jitter=1436ns
TS=868.253358859 loop=6029     P=   2.83 R=   1.19 Y=  49.19 jitter=1583ns
TS=868.258359135 loop=6030     P=   3.35 R=   1.22 Y=  49.03 jitter=1859ns
TS=868.263359967 loop=6031     P=   3.72 R=   1.27 Y=  48.97 jitter=2691ns
TS=868.268359540 loop=6032     P=   3.92 R=   1.37 Y=  48.99 jitter=2264ns
TS=868.273358854 loop=6033     P=   3.96 R=   1.51 Y=  49.08 jitter=1578ns
TS=868.278358816 loop=6034     P=   3.86 R=   1.67 Y=  49.21 jitter=1540ns
TS=868.283359370 loop=6035     P=   3.64 R=   1.83 Y=  49.35 jitter=2094ns
TS=868.288359239 loop=6036     P=   3.35 R=   2.00 Y=  49.49 jitter=1963ns
TS=868.293358812 loop=6037     P=   3.04 R=   2.16 Y=  49.61 jitter=1536ns
TS=868.298359274 loop=6038     P=   2.74 R=   2.33 Y=  49.69 jitter=1998ns
TS=868.303359606 loop=6039     P=   2.46 R=   2.50 Y=  49.73 jitter=2330ns
TS=868.308359901 loop=6040     P=   2.25 R=   2.67 Y=  49.73 jitter=2625ns
TS=868.313359066 loop=6041     P=   2.12 R=   2.82 Y=  49.69 jitter=1790ns
TS=868.318359806 loop=6042     P=   2.06 R=   2.92 Y=  49.63 jitter=2530ns
TS=868.323359749 loop=6043     P=   2.06 R=   2.99 Y=  49.54 jitter=2473ns
TS=868.328358952 loop=6044     P=   2.11 R=   3.02 Y=  49.46 jitter=1676ns
TS=868.333360006 loop=6045     P=   2.19 R=   3.03 Y=  49.39 jitter=2730ns
TS=868.338359153 loop=6046     P=   2.30 R=   3.04 Y=  49.34 jitter=1877ns
TS=868.343358744 loop=6047     P=   2.44 R=   3.06 Y=  49.32 jitter=1468ns
TS=868.348358614 loop=6048     P=   2.56 R=   3.10 Y=  49.32 jitter=1338ns
TS=868.353358594 loop=6049     P=   2.67 R=   3.15 Y=  49.35 jitter=1318ns
TS=868.358358630 loop=6050     P=   2.75 R=   3.22 Y=  49.39 jitter=1354ns
TS=868.363358591 loop=6051     P=   2.82 R=   3.32 Y=  49.44 jitter=1315ns
TS=868.368358646 loop=6052     P=   2.86 R=   3.44 Y=  49.50 jitter=1370ns
TS=868.373358737 loop=6053     P=   2.88 R=   3.54 Y=  49.54 jitter=1461ns
TS=868.378358625 loop=6054     P=   2.90 R=   3.63 Y=  49.58 jitter=1349ns
TS=868.383358642 loop=6055     P=   2.92 R=   3.69 Y=  49.60 jitter=1366ns
TS=868.388358678 loop=6056     P=   2.95 R=   3.71 Y=  49.60 jitter=1402ns
TS=868.393358992 loop=6057     P=   2.99 R=   3.70 Y=  49.59 jitter=1716ns
TS=868.398358824 loop=6058     P=   3.06 R=   3.66 Y=  49.57 jitter=1548ns
TS=868.403359026 loop=6059     P=   3.13 R=   3.60 Y=  49.55 jitter=1750ns
TS=868.408358673 loop=6060     P=   3.21 R=   3.53 Y=  49.53 jitter=1397ns
TS=868.413358635 loop=6061     P=   3.28 R=   3.50 Y=  49.53 jitter=1359ns
TS=868.418358615 loop=6062     P=   3.35 R=   3.50 Y=  49.55 jitter=1339ns
TS=868.423358614 loop=6063     P=   3.41 R=   3.56 Y=  49.59 jitter=1338ns
TS=868.428358631 loop=6064     P=   3.42 R=   3.67 Y=  49.64 jitter=1355ns
TS=868.433358704 loop=6065     P=   3.41 R=   3.83 Y=  49.72 jitter=1428ns
TS=868.438358610 loop=6066     P=   3.38 R=   4.01 Y=  49.79 jitter=1334ns
TS=868.443358943 loop=6067     P=   3.33 R=   4.22 Y=  49.86 jitter=1667ns
TS=868.448359701 loop=6068     P=   3.28 R=   4.45 Y=  49.92 jitter=2425ns
TS=868.453359236 loop=6069     P=   3.21 R=   4.70 Y=  49.96 jitter=1960ns
TS=868.458359032 loop=6070     P=   3.16 R=   4.95 Y=  49.98 jitter=1756ns
TS=868.463358827 loop=6071     P=   3.13 R=   5.18 Y=  49.97 jitter=1551ns
TS=868.468358640 loop=6072     P=   3.09 R=   5.41 Y=  49.93 jitter=1364ns
TS=868.473358621 loop=6073     P=   3.05 R=   5.61 Y=  49.89 jitter=1345ns
TS=868.478358638 loop=6074     P=   3.00 R=   5.79 Y=  49.83 jitter=1362ns
TS=868.483358600 loop=6075     P=   2.93 R=   5.93 Y=  49.77 jitter=1324ns
TS=868.488359117 loop=6076     P=   2.86 R=   6.02 Y=  49.71 jitter=1841ns
TS=868.493359190 loop=6077     P=   2.78 R=   6.09 Y=  49.65 jitter=1914ns
TS=868.498359207 loop=6078     P=   2.69 R=   6.11 Y=  49.60 jitter=1931ns
TS=868.503358632 loop=6079     P=   2.62 R=   6.12 Y=  49.57 jitter=1356ns
TS=868.508358631 loop=6080     P=   2.54 R=   6.13 Y=  49.56 jitter=1355ns
TS=868.513358629 loop=6081     P=   2.47 R=   6.16 Y=  49.57 jitter=1353ns
TS=868.518358610 loop=6082     P=   2.41 R=   6.19 Y=  49.59 jitter=1334ns
TS=868.523358627 loop=6083     P=   2.34 R=   6.26 Y=  49.61 jitter=1351ns
TS=868.528358996 loop=6084     P=   2.29 R=   6.34 Y=  49.65 jitter=1720ns
TS=868.533358643 loop=6085     P=   2.25 R=   6.45 Y=  49.67 jitter=1367ns
TS=868.538358642 loop=6086     P=   2.20 R=   6.59 Y=  49.69 jitter=1366ns
TS=868.543358641 loop=6087     P=   2.16 R=   6.74 Y=  49.69 jitter=1365ns
TS=868.548359954 loop=6088     P=   2.11 R=   6.92 Y=  49.68 jitter=2678ns
TS=868.553358638 loop=6089     P=   2.05 R=   7.10 Y=  49.64 jitter=1362ns
TS=868.558358619 loop=6090     P=   1.98 R=   7.25 Y=  49.58 jitter=1343ns
TS=868.563358617 loop=6091     P=   1.90 R=   7.38 Y=  49.49 jitter=1341ns
TS=868.568358931 loop=6092     P=   1.81 R=   7.50 Y=  49.40 jitter=1655ns
TS=868.573358634 loop=6093     P=   1.72 R=   7.61 Y=  49.30 jitter=1358ns
TS=868.578358632 loop=6094     P=   1.62 R=   7.71 Y=  49.20 jitter=1356ns
TS=868.583358613 loop=6095     P=   1.52 R=   7.78 Y=  49.10 jitter=1337ns
TS=868.588358963 loop=6096     P=   1.44 R=   7.83 Y=  49.01 jitter=1687ns
TS=868.593358592 loop=6097     P=   1.37 R=   7.85 Y=  48.93 jitter=1316ns
TS=868.598359294 loop=6098     P=   1.34 R=   7.87 Y=  48.86 jitter=2018ns
TS=868.603358997 loop=6099     P=   1.33 R=   7.88 Y=  48.80 jitter=1721ns
TS=868.608358662 loop=6100     P=   1.36 R=   7.87 Y=  48.76 jitter=1386ns
TS=868.613358624 loop=6101     P=   1.43 R=   7.84 Y=  48.73 jitter=1348ns
TS=868.618358641 loop=6102     P=   1.53 R=   7.81 Y=  48.72 jitter=1365ns
TS=868.623358640 loop=6103     P=   1.67 R=   7.77 Y=  48.72 jitter=1364ns
TS=868.628358954 loop=6104     P=   1.83 R=   7.74 Y=  48.74 jitter=1678ns
TS=868.633358619 loop=6105     P=   2.01 R=   7.70 Y=  48.76 jitter=1343ns
TS=868.638358636 loop=6106     P=   2.22 R=   7.68 Y=  48.79 jitter=1360ns
TS=868.643358635 loop=6107     P=   2.44 R=   7.68 Y=  48.83 jitter=1359ns
TS=868.648359486 loop=6108     P=   2.66 R=   7.70 Y=  48.88 jitter=2210ns
TS=868.653358614 loop=6109     P=   2.86 R=   7.75 Y=  48.93 jitter=1338ns
TS=868.658358632 loop=6110     P=   3.05 R=   7.81 Y=  48.99 jitter=1356ns
TS=868.663358575 loop=6111     P=   3.22 R=   7.86 Y=  49.05 jitter=1299ns
TS=868.668358629 loop=6112     P=   3.38 R=   7.89 Y=  49.10 jitter=1353ns
TS=868.673358665 loop=6113     P=   3.50 R=   7.92 Y=  49.15 jitter=1389ns
TS=868.678359071 loop=6114     P=   3.59 R=   7.92 Y=  49.17 jitter=1795ns
TS=868.683358718 loop=6115     P=   3.68 R=   7.89 Y=  49.17 jitter=1442ns
TS=868.688358995 loop=6116     P=   3.75 R=   7.86 Y=  49.17 jitter=1719ns
TS=868.693358605 loop=6117     P=   3.81 R=   7.87 Y=  49.16 jitter=1329ns
TS=868.698359289 loop=6118     P=   3.85 R=   7.88 Y=  49.15 jitter=2013ns
TS=868.703358621 loop=6119     P=   3.88 R=   7.91 Y=  49.14 jitter=1345ns
TS=868.708358675 loop=6120     P=   3.90 R=   7.93 Y=  49.14 jitter=1399ns
TS=868.713358618 loop=6121     P=   3.93 R=   7.98 Y=  49.14 jitter=1342ns
TS=868.718358636 loop=6122     P=   3.95 R=   8.02 Y=  49.16 jitter=1360ns
TS=868.723358597 loop=6123     P=   3.98 R=   8.06 Y=  49.18 jitter=1321ns
TS=868.728358670 loop=6124     P=   4.01 R=   8.08 Y=  49.20 jitter=1394ns
TS=868.733358577 loop=6125     P=   4.03 R=   8.07 Y=  49.23 jitter=1301ns
TS=868.738358835 loop=6126     P=   4.06 R=   8.03 Y=  49.25 jitter=1559ns
TS=868.743360537 loop=6127     P=   4.08 R=   7.95 Y=  49.27 jitter=3261ns
TS=868.748358795 loop=6128     P=   4.11 R=   7.84 Y=  49.28 jitter=1519ns
TS=868.753358757 loop=6129     P=   4.16 R=   7.71 Y=  49.29 jitter=1481ns
TS=868.758358922 loop=6130     P=   4.22 R=   7.57 Y=  49.30 jitter=1646ns
TS=868.763359273 loop=6131     P=   4.28 R=   7.43 Y=  49.30 jitter=1997ns
TS=868.768358938 loop=6132     P=   4.35 R=   7.30 Y=  49.29 jitter=1662ns
TS=868.773358882 loop=6133     P=   4.41 R=   7.17 Y=  49.29 jitter=1606ns
TS=868.778359251 loop=6134     P=   4.45 R=   7.07 Y=  49.28 jitter=1975ns
TS=868.783359046 loop=6135     P=   4.48 R=   6.97 Y=  49.29 jitter=1770ns
TS=868.788358786 loop=6136     P=   4.47 R=   6.88 Y=  49.30 jitter=1510ns
TS=868.793358729 loop=6137     P=   4.44 R=   6.81 Y=  49.32 jitter=1453ns
TS=868.798358839 loop=6138     P=   4.41 R=   6.77 Y=  49.36 jitter=1563ns
TS=868.803359023 loop=6139     P=   4.37 R=   6.74 Y=  49.40 jitter=1747ns
TS=868.808358707 loop=6140     P=   4.32 R=   6.72 Y=  49.44 jitter=1431ns
TS=868.813358779 loop=6141     P=   4.26 R=   6.68 Y=  49.48 jitter=1503ns
TS=868.818358982 loop=6142     P=   4.21 R=   6.65 Y=  49.52 jitter=1706ns
TS=868.823359351 loop=6143     P=   4.17 R=   6.62 Y=  49.56 jitter=2075ns
TS=868.828359239 loop=6144     P=   4.14 R=   6.61 Y=  49.59 jitter=1963ns
TS=868.833358701 loop=6145     P=   4.11 R=   6.58 Y=  49.62 jitter=1425ns
TS=868.838358699 loop=6146     P=   4.07 R=   6.56 Y=  49.66 jitter=1423ns
TS=868.843358606 loop=6147     P=   4.04 R=   6.53 Y=  49.70 jitter=1330ns
TS=868.848358716 loop=6148     P=   4.02 R=   6.52 Y=  49.74 jitter=1440ns
TS=868.853359381 loop=6149     P=   3.99 R=   6.53 Y=  49.78 jitter=2105ns
TS=868.858358713 loop=6150     P=   3.95 R=   6.53 Y=  49.82 jitter=1437ns
TS=868.863358749 loop=6151     P=   3.89 R=   6.52 Y=  49.85 jitter=1473ns
TS=868.868358655 loop=6152     P=   3.82 R=   6.52 Y=  49.89 jitter=1379ns
TS=868.873358709 loop=6153     P=   3.74 R=   6.52 Y=  49.91 jitter=1433ns
TS=868.878358634 loop=6154     P=   3.65 R=   6.52 Y=  49.93 jitter=1358ns
TS=868.883358614 loop=6155     P=   3.56 R=   6.51 Y=  49.94 jitter=1338ns
TS=868.888359002 loop=6156     P=   3.47 R=   6.50 Y=  49.94 jitter=1726ns
TS=868.893359019 loop=6157     P=   3.38 R=   6.47 Y=  49.93 jitter=1743ns
TS=868.898359500 loop=6158     P=   3.30 R=   6.45 Y=  49.92 jitter=2224ns
TS=868.903358980 loop=6159     P=   3.22 R=   6.42 Y=  49.91 jitter=1704ns
TS=868.908358646 loop=6160     P=   3.13 R=   6.39 Y=  49.90 jitter=1370ns
TS=868.913358978 loop=6161     P=   3.04 R=   6.37 Y=  49.89 jitter=1702ns
TS=868.918358625 loop=6162     P=   2.96 R=   6.37 Y=  49.89 jitter=1349ns
TS=868.923358623 loop=6163     P=   2.88 R=   6.38 Y=  49.90 jitter=1347ns
TS=868.928358641 loop=6164     P=   2.80 R=   6.41 Y=  49.92 jitter=1365ns
TS=868.933358621 loop=6165     P=   2.76 R=   6.46 Y=  49.94 jitter=1345ns
TS=868.938358953 loop=6166     P=   2.75 R=   6.52 Y=  49.96 jitter=1677ns
TS=868.943358989 loop=6167     P=   2.73 R=   6.54 Y=  49.99 jitter=1713ns
TS=868.948359525 loop=6168     P=   2.70 R=   6.54 Y=  50.02 jitter=2249ns
TS=868.953358579 loop=6169     P=   2.68 R=   6.54 Y=  50.05 jitter=1303ns
TS=868.958358708 loop=6170     P=   2.66 R=   6.54 Y=  50.07 jitter=1432ns
TS=868.963359077 loop=6171     P=   2.65 R=   6.55 Y=  50.09 jitter=1801ns
TS=868.968358631 loop=6172     P=   2.63 R=   6.58 Y=  50.10 jitter=1355ns
TS=868.973358593 loop=6173     P=   2.61 R=   6.62 Y=  50.11 jitter=1317ns
TS=868.978358629 loop=6174     P=   2.59 R=   6.68 Y=  50.11 jitter=1353ns
TS=868.983358609 loop=6175     P=   2.57 R=   6.74 Y=  50.11 jitter=1333ns
TS=868.988358663 loop=6176     P=   2.57 R=   6.81 Y=  50.11 jitter=1387ns
TS=868.993358995 loop=6177     P=   2.59 R=   6.88 Y=  50.10 jitter=1719ns
TS=868.998359235 loop=6178     P=   2.64 R=   6.94 Y=  50.09 jitter=1959ns
TS=869.003358956 loop=6179     P=   2.70 R=   6.99 Y=  50.07 jitter=1680ns
TS=869.008358751 loop=6180     P=   2.75 R=   7.02 Y=  50.05 jitter=1475ns
TS=869.013358657 loop=6181     P=   2.81 R=   7.04 Y=  50.03 jitter=1381ns
TS=869.018358638 loop=6182     P=   2.89 R=   7.03 Y=  50.02 jitter=1362ns
TS=869.023358636 loop=6183     P=   2.98 R=   7.01 Y=  50.02 jitter=1360ns
TS=869.028358654 loop=6184     P=   3.04 R=   6.94 Y=  50.03 jitter=1378ns
TS=869.033358597 loop=6185     P=   3.07 R=   6.86 Y=  50.07 jitter=1321ns
TS=869.038358596 loop=6186     P=   3.08 R=   6.78 Y=  50.12 jitter=1320ns
TS=869.043359002 loop=6187     P=   3.06 R=   6.71 Y=  50.18 jitter=1726ns
TS=869.048359371 loop=6188     P=   3.06 R=   6.65 Y=  50.24 jitter=2095ns
TS=869.053358981 loop=6189     P=   3.07 R=   6.60 Y=  50.30 jitter=1705ns
TS=869.058358591 loop=6190     P=   3.08 R=   6.57 Y=  50.36 jitter=1315ns
TS=869.063358608 loop=6191     P=   3.10 R=   6.53 Y=  50.40 jitter=1332ns
TS=869.068358644 loop=6192     P=   3.14 R=   6.51 Y=  50.42 jitter=1368ns
TS=869.073358624 loop=6193     P=   3.20 R=   6.48 Y=  50.43 jitter=1348ns
TS=869.078358641 loop=6194     P=   3.26 R=   6.47 Y=  50.43 jitter=1365ns
TS=869.083358770 loop=6195     P=   3.33 R=   6.47 Y=  50.42 jitter=1494ns
TS=869.088358676 loop=6196     P=   3.37 R=   6.47 Y=  50.40 jitter=1400ns
TS=869.093358971 loop=6197     P=   3.42 R=   6.48 Y=  50.38 jitter=1695ns
TS=869.098359062 loop=6198     P=   3.44 R=   6.47 Y=  50.35 jitter=1786ns
TS=869.103359024 loop=6199     P=   3.46 R=   6.45 Y=  50.32 jitter=1748ns
TS=869.108358616 loop=6200     P=   3.45 R=   6.42 Y=  50.30 jitter=1340ns
TS=869.113358633 loop=6201     P=   3.42 R=   6.39 Y=  50.28 jitter=1357ns
TS=869.118358613 loop=6202     P=   3.37 R=   6.36 Y=  50.26 jitter=1337ns
TS=869.123358593 loop=6203     P=   3.31 R=   6.35 Y=  50.24 jitter=1317ns
TS=869.128358611 loop=6204     P=   3.25 R=   6.33 Y=  50.22 jitter=1335ns
TS=869.133358758 loop=6205     P=   3.20 R=   6.29 Y=  50.20 jitter=1482ns
TS=869.138358664 loop=6206     P=   3.16 R=   6.23 Y=  50.17 jitter=1388ns
TS=869.143358607 loop=6207     P=   3.13 R=   6.17 Y=  50.14 jitter=1331ns
TS=869.148358754 loop=6208     P=   3.12 R=   6.10 Y=  50.11 jitter=1478ns
TS=869.153358660 loop=6209     P=   3.12 R=   6.03 Y=  50.09 jitter=1384ns
TS=869.158358622 loop=6210     P=   3.13 R=   5.96 Y=  50.06 jitter=1346ns
TS=869.163358639 loop=6211     P=   3.13 R=   5.89 Y=  50.04 jitter=1363ns
TS=869.168358971 loop=6212     P=   3.13 R=   5.82 Y=  50.02 jitter=1695ns
TS=869.173358637 loop=6213     P=   3.13 R=   5.74 Y=  50.00 jitter=1361ns
TS=869.178358617 loop=6214     P=   3.11 R=   5.67 Y=  49.98 jitter=1341ns
TS=869.183358782 loop=6215     P=   3.10 R=   5.58 Y=  49.96 jitter=1506ns
TS=869.188358670 loop=6216     P=   3.07 R=   5.50 Y=  49.94 jitter=1394ns
TS=869.193358613 loop=6217     P=   3.04 R=   5.41 Y=  49.92 jitter=1337ns
TS=869.198358927 loop=6218     P=   3.00 R=   5.34 Y=  49.91 jitter=1651ns
TS=869.203359000 loop=6219     P=   2.98 R=   5.28 Y=  49.90 jitter=1724ns
TS=869.208358646 loop=6220     P=   2.97 R=   5.23 Y=  49.90 jitter=1370ns
TS=869.213358627 loop=6221     P=   2.94 R=   5.19 Y=  49.90 jitter=1351ns
TS=869.218358626 loop=6222     P=   2.91 R=   5.16 Y=  49.90 jitter=1350ns
TS=869.223358606 loop=6223     P=   2.87 R=   5.14 Y=  49.90 jitter=1330ns
TS=869.228358642 loop=6224     P=   2.82 R=   5.13 Y=  49.91 jitter=1366ns
TS=869.233358640 loop=6225     P=   2.78 R=   5.14 Y=  49.91 jitter=1364ns
TS=869.238359621 loop=6226     P=   2.71 R=   5.13 Y=  49.92 jitter=2345ns
TS=869.243360101 loop=6227     P=   2.62 R=   5.12 Y=  49.93 jitter=2825ns
TS=869.248360118 loop=6228     P=   2.55 R=   5.12 Y=  49.94 jitter=2842ns
TS=869.253358858 loop=6229     P=   2.49 R=   5.12 Y=  49.94 jitter=1582ns
TS=869.258359356 loop=6230     P=   2.46 R=   5.12 Y=  49.93 jitter=2080ns
TS=869.263359170 loop=6231     P=   2.46 R=   5.10 Y=  49.92 jitter=1894ns
TS=869.268359761 loop=6232     P=   2.46 R=   5.06 Y=  49.90 jitter=2485ns
TS=869.273358686 loop=6233     P=   2.49 R=   5.01 Y=  49.89 jitter=1410ns
TS=869.278358963 loop=6234     P=   2.53 R=   4.97 Y=  49.89 jitter=1687ns
TS=869.283358776 loop=6235     P=   2.58 R=   4.92 Y=  49.88 jitter=1500ns
TS=869.288359479 loop=6236     P=   2.65 R=   4.88 Y=  49.88 jitter=2203ns
TS=869.293359996 loop=6237     P=   2.71 R=   4.85 Y=  49.88 jitter=2720ns
TS=869.298359624 loop=6238     P=   2.76 R=   4.81 Y=  49.89 jitter=2348ns
TS=869.303358882 loop=6239     P=   2.80 R=   4.78 Y=  49.90 jitter=1606ns
TS=869.308359011 loop=6240     P=   2.84 R=   4.78 Y=  49.91 jitter=1735ns
TS=869.313358935 loop=6241     P=   2.87 R=   4.80 Y=  49.92 jitter=1659ns
TS=869.318359582 loop=6242     P=   2.89 R=   4.82 Y=  49.93 jitter=2306ns
TS=869.323358989 loop=6243     P=   2.89 R=   4.85 Y=  49.94 jitter=1713ns
TS=869.328359321 loop=6244     P=   2.88 R=   4.88 Y=  49.95 jitter=2045ns
TS=869.333358893 loop=6245     P=   2.87 R=   4.92 Y=  49.96 jitter=1617ns
TS=869.338362226 loop=6246     P=   2.85 R=   4.96 Y=  49.97 jitter=4950ns
TS=869.343358873 loop=6247     P=   2.84 R=   5.00 Y=  49.98 jitter=1597ns
TS=869.348358760 loop=6248     P=   2.84 R=   5.01 Y=  49.98 jitter=1484ns
TS=869.353358611 loop=6249     P=   2.84 R=   5.02 Y=  49.99 jitter=1335ns
TS=869.358358628 loop=6250     P=   2.83 R=   5.02 Y=  49.98 jitter=1352ns
TS=869.363358590 loop=6251     P=   2.84 R=   5.00 Y=  49.97 jitter=1314ns
TS=869.368358644 loop=6252     P=   2.89 R=   4.94 Y=  49.97 jitter=1368ns
TS=869.373358624 loop=6253     P=   2.93 R=   4.89 Y=  49.99 jitter=1348ns
TS=869.378358697 loop=6254     P=   2.97 R=   4.82 Y=  50.00 jitter=1421ns
TS=869.383358881 loop=6255     P=   3.02 R=   4.78 Y=  50.01 jitter=1605ns
TS=869.388359343 loop=6256     P=   3.11 R=   4.79 Y=  50.03 jitter=2067ns
TS=869.393359231 loop=6257     P=   3.19 R=   4.80 Y=  50.05 jitter=1955ns
TS=869.398359507 loop=6258     P=   3.27 R=   4.79 Y=  50.06 jitter=2231ns
TS=869.403359098 loop=6259     P=   3.37 R=   4.77 Y=  50.07 jitter=1822ns
TS=869.408358690 loop=6260     P=   3.43 R=   4.77 Y=  50.09 jitter=1414ns
TS=869.413358966 loop=6261     P=   3.47 R=   4.81 Y=  50.12 jitter=1690ns
TS=869.418359502 loop=6262     P=   3.50 R=   4.85 Y=  50.13 jitter=2226ns
TS=869.423358631 loop=6263     P=   3.50 R=   4.89 Y=  50.14 jitter=1355ns
TS=869.428358611 loop=6264     P=   3.52 R=   4.96 Y=  50.15 jitter=1335ns
TS=869.433358610 loop=6265     P=   3.50 R=   5.03 Y=  50.17 jitter=1334ns
TS=869.438359034 loop=6266     P=   3.43 R=   5.08 Y=  50.19 jitter=1758ns
TS=869.443359070 loop=6267     P=   3.34 R=   5.15 Y=  50.20 jitter=1794ns
TS=869.448359384 loop=6268     P=   3.27 R=   5.21 Y=  50.20 jitter=2108ns
TS=869.453359086 loop=6269     P=   3.19 R=   5.26 Y=  50.19 jitter=1810ns
TS=869.458358733 loop=6270     P=   3.10 R=   5.30 Y=  50.18 jitter=1457ns
TS=869.463358713 loop=6271     P=   3.01 R=   5.32 Y=  50.17 jitter=1437ns
TS=869.468358638 loop=6272     P=   2.92 R=   5.32 Y=  50.15 jitter=1362ns
TS=869.473358989 loop=6273     P=   2.85 R=   5.32 Y=  50.13 jitter=1713ns
TS=869.478358599 loop=6274     P=   2.81 R=   5.29 Y=  50.11 jitter=1323ns
TS=869.483358782 loop=6275     P=   2.79 R=   5.22 Y=  50.08 jitter=1506ns
TS=869.488359374 loop=6276     P=   2.77 R=   5.13 Y=  50.06 jitter=2098ns
TS=869.493358965 loop=6277     P=   2.78 R=   5.02 Y=  50.04 jitter=1689ns
TS=869.498359168 loop=6278     P=   2.81 R=   4.90 Y=  50.02 jitter=1892ns
TS=869.503359203 loop=6279     P=   2.83 R=   4.77 Y=  50.02 jitter=1927ns
TS=869.508358610 loop=6280     P=   2.83 R=   4.65 Y=  50.01 jitter=1334ns
TS=869.513358794 loop=6281     P=   2.84 R=   4.54 Y=  50.01 jitter=1518ns
TS=869.518358644 loop=6282     P=   2.84 R=   4.43 Y=  50.02 jitter=1368ns
TS=869.523359032 loop=6283     P=   2.85 R=   4.33 Y=  50.03 jitter=1756ns
TS=869.528358660 loop=6284     P=   2.86 R=   4.24 Y=  50.05 jitter=1384ns
TS=869.533358622 loop=6285     P=   2.86 R=   4.17 Y=  50.08 jitter=1346ns
TS=869.538358584 loop=6286     P=   2.84 R=   4.09 Y=  50.10 jitter=1308ns
TS=869.543358601 loop=6287     P=   2.83 R=   4.02 Y=  50.13 jitter=1325ns
TS=869.548359470 loop=6288     P=   2.77 R=   3.95 Y=  50.16 jitter=2194ns
TS=869.553358599 loop=6289     P=   2.69 R=   3.88 Y=  50.19 jitter=1323ns
TS=869.558358634 loop=6290     P=   2.60 R=   3.84 Y=  50.22 jitter=1358ns
TS=869.563358578 loop=6291     P=   2.50 R=   3.82 Y=  50.25 jitter=1302ns
TS=869.568358632 loop=6292     P=   2.39 R=   3.80 Y=  50.29 jitter=1356ns
TS=869.573358612 loop=6293     P=   2.25 R=   3.79 Y=  50.32 jitter=1336ns
TS=869.578358629 loop=6294     P=   2.10 R=   3.78 Y=  50.33 jitter=1353ns
TS=869.583358610 loop=6295     P=   1.99 R=   3.76 Y=  50.34 jitter=1334ns
TS=869.588358979 loop=6296     P=   1.90 R=   3.71 Y=  50.36 jitter=1703ns
TS=869.593358978 loop=6297     P=   1.80 R=   3.65 Y=  50.39 jitter=1702ns
TS=869.598359347 loop=6298     P=   1.68 R=   3.58 Y=  50.42 jitter=2071ns
TS=869.603359012 loop=6299     P=   1.60 R=   3.50 Y=  50.45 jitter=1736ns
TS=869.608358659 loop=6300     P=   1.54 R=   3.45 Y=  50.49 jitter=1383ns
TS=869.613358621 loop=6301     P=   1.47 R=   3.40 Y=  50.54 jitter=1345ns
TS=869.618358657 loop=6302     P=   1.41 R=   3.37 Y=  50.59 jitter=1381ns
TS=869.623358637 loop=6303     P=   1.36 R=   3.34 Y=  50.63 jitter=1361ns
TS=869.628358673 loop=6304     P=   1.33 R=   3.34 Y=  50.66 jitter=1397ns
TS=869.633358597 loop=6305     P=   1.30 R=   3.37 Y=  50.70 jitter=1321ns
TS=869.638358596 loop=6306     P=   1.29 R=   3.42 Y=  50.72 jitter=1320ns
TS=869.643358965 loop=6307     P=   1.31 R=   3.48 Y=  50.73 jitter=1689ns
TS=869.648360131 loop=6308     P=   1.35 R=   3.53 Y=  50.74 jitter=2855ns
TS=869.653359018 loop=6309     P=   1.39 R=   3.56 Y=  50.75 jitter=1742ns
TS=869.658358610 loop=6310     P=   1.40 R=   3.56 Y=  50.75 jitter=1334ns
TS=869.663358609 loop=6311     P=   1.41 R=   3.57 Y=  50.75 jitter=1333ns
TS=869.668358663 loop=6312     P=   1.38 R=   3.59 Y=  50.76 jitter=1387ns
TS=869.673358643 loop=6313     P=   1.35 R=   3.62 Y=  50.78 jitter=1367ns
TS=869.678358642 loop=6314     P=   1.32 R=   3.68 Y=  50.79 jitter=1366ns
TS=869.683358622 loop=6315     P=   1.31 R=   3.75 Y=  50.80 jitter=1346ns
TS=869.688358954 loop=6316     P=   1.30 R=   3.81 Y=  50.82 jitter=1678ns
TS=869.693359009 loop=6317     P=   1.28 R=   3.86 Y=  50.84 jitter=1733ns
TS=869.698359359 loop=6318     P=   1.27 R=   3.92 Y=  50.85 jitter=2083ns
TS=869.703358988 loop=6319     P=   1.27 R=   3.99 Y=  50.87 jitter=1712ns
TS=869.708358653 loop=6320     P=   1.26 R=   4.10 Y=  50.87 jitter=1377ns
TS=869.713358800 loop=6321     P=   1.20 R=   4.17 Y=  50.84 jitter=1524ns
TS=869.718358613 loop=6322     P=   1.19 R=   4.24 Y=  50.79 jitter=1337ns
TS=869.723358594 loop=6323     P=   1.34 R=   4.35 Y=  50.75 jitter=1318ns
TS=869.728358741 loop=6324     P=   1.37 R=   4.35 Y=  50.72 jitter=1465ns
TS=869.733358721 loop=6325     P=   1.32 R=   4.32 Y=  50.70 jitter=1445ns
TS=869.738358609 loop=6326     P=   1.25 R=   4.30 Y=  50.69 jitter=1333ns
TS=869.743360015 loop=6327     P=   1.20 R=   4.31 Y=  50.68 jitter=2739ns
TS=869.748359736 loop=6328     P=   1.21 R=   4.37 Y=  50.68 jitter=2460ns
TS=869.753358901 loop=6329     P=   1.22 R=   4.43 Y=  50.69 jitter=1625ns
TS=869.758358807 loop=6330     P=   1.25 R=   4.47 Y=  50.70 jitter=1531ns
TS=869.763359121 loop=6331     P=   1.27 R=   4.49 Y=  50.72 jitter=1845ns
TS=869.768359712 loop=6332     P=   1.30 R=   4.51 Y=  50.73 jitter=2436ns
TS=869.773358933 loop=6333     P=   1.32 R=   4.52 Y=  50.74 jitter=1657ns
TS=869.778358617 loop=6334     P=   1.34 R=   4.53 Y=  50.75 jitter=1341ns
TS=869.783358801 loop=6335     P=   1.34 R=   4.58 Y=  50.76 jitter=1525ns
TS=869.788359967 loop=6336     P=   1.34 R=   4.62 Y=  50.76 jitter=2691ns
TS=869.793359151 loop=6337     P=   1.32 R=   4.69 Y=  50.76 jitter=1875ns
TS=869.798358816 loop=6338     P=   1.28 R=   4.76 Y=  50.76 jitter=1540ns
TS=869.803359593 loop=6339     P=   1.24 R=   4.85 Y=  50.76 jitter=2317ns
TS=869.808359277 loop=6340     P=   1.16 R=   4.95 Y=  50.76 jitter=2001ns
TS=869.813358720 loop=6341     P=   1.06 R=   5.05 Y=  50.76 jitter=1444ns
TS=869.818361144 loop=6342     P=   0.95 R=   5.15 Y=  50.76 jitter=3868ns
TS=869.823359199 loop=6343     P=   0.83 R=   5.23 Y=  50.75 jitter=1923ns
TS=869.828359086 loop=6344     P=   0.73 R=   5.32 Y=  50.74 jitter=1810ns
TS=869.833359344 loop=6345     P=   0.64 R=   5.39 Y=  50.73 jitter=2068ns
TS=869.838358991 loop=6346     P=   0.53 R=   5.43 Y=  50.71 jitter=1715ns
TS=869.843359009 loop=6347     P=   0.42 R=   5.46 Y=  50.70 jitter=1733ns
TS=869.848359378 loop=6348     P=   0.31 R=   5.46 Y=  50.69 jitter=2102ns
TS=869.853359210 loop=6349     P=   0.21 R=   5.46 Y=  50.67 jitter=1934ns
TS=869.858359153 loop=6350     P=   0.10 R=   5.47 Y=  50.66 jitter=1877ns
TS=869.863359133 loop=6351     P=  -0.01 R=   5.49 Y=  50.65 jitter=1857ns
TS=869.868359577 loop=6352     P=  -0.09 R=   5.51 Y=  50.64 jitter=2301ns
TS=869.873359186 loop=6353     P=  -0.18 R=   5.54 Y=  50.64 jitter=1910ns
TS=869.878359037 loop=6354     P=  -0.26 R=   5.56 Y=  50.64 jitter=1761ns
TS=869.883358999 loop=6355     P=  -0.34 R=   5.58 Y=  50.63 jitter=1723ns
TS=869.888359090 loop=6356     P=  -0.41 R=   5.60 Y=  50.63 jitter=1814ns
TS=869.893359070 loop=6357     P=  -0.45 R=   5.62 Y=  50.63 jitter=1794ns
TS=869.898360440 loop=6358     P=  -0.48 R=   5.64 Y=  50.62 jitter=3164ns
TS=869.903359531 loop=6359     P=  -0.51 R=   5.66 Y=  50.61 jitter=2255ns
TS=869.908359085 loop=6360     P=  -0.52 R=   5.67 Y=  50.59 jitter=1809ns
TS=869.913359028 loop=6361     P=  -0.53 R=   5.67 Y=  50.58 jitter=1752ns
TS=869.918359027 loop=6362     P=  -0.56 R=   5.66 Y=  50.56 jitter=1751ns
TS=869.923359193 loop=6363     P=  -0.56 R=   5.65 Y=  50.54 jitter=1917ns
TS=869.928358636 loop=6364     P=  -0.56 R=   5.64 Y=  50.52 jitter=1360ns
TS=869.933358616 loop=6365     P=  -0.56 R=   5.62 Y=  50.51 jitter=1340ns
TS=869.938358615 loop=6366     P=  -0.55 R=   5.59 Y=  50.50 jitter=1339ns
TS=869.943358984 loop=6367     P=  -0.54 R=   5.56 Y=  50.49 jitter=1708ns
TS=869.948359575 loop=6368     P=  -0.50 R=   5.53 Y=  50.49 jitter=2299ns
TS=869.953358630 loop=6369     P=  -0.48 R=   5.51 Y=  50.50 jitter=1354ns
TS=869.958358628 loop=6370     P=  -0.44 R=   5.49 Y=  50.50 jitter=1352ns
TS=869.963358998 loop=6371     P=  -0.41 R=   5.48 Y=  50.51 jitter=1722ns
TS=869.968358663 loop=6372     P=  -0.36 R=   5.46 Y=  50.52 jitter=1387ns
TS=869.973358680 loop=6373     P=  -0.33 R=   5.44 Y=  50.53 jitter=1404ns
TS=869.978358605 loop=6374     P=  -0.32 R=   5.44 Y=  50.55 jitter=1329ns
TS=869.983358622 loop=6375     P=  -0.30 R=   5.44 Y=  50.57 jitter=1346ns
TS=869.988359029 loop=6376     P=  -0.28 R=   5.45 Y=  50.58 jitter=1753ns
TS=869.993358953 loop=6377     P=  -0.25 R=   5.45 Y=  50.59 jitter=1677ns
TS=869.998359452 loop=6378     P=  -0.23 R=   5.44 Y=  50.59 jitter=2176ns
TS=870.003358988 loop=6379     P=  -0.22 R=   5.43 Y=  50.60 jitter=1712ns
TS=870.008358635 loop=6380     P=  -0.22 R=   5.42 Y=  50.60 jitter=1359ns
TS=870.013358800 loop=6381     P=  -0.23 R=   5.40 Y=  50.60 jitter=1524ns
TS=870.018359910 loop=6382     P=  -0.25 R=   5.39 Y=  50.60 jitter=2634ns
TS=870.023359224 loop=6383     P=  -0.26 R=   5.37 Y=  50.59 jitter=1948ns
TS=870.028358611 loop=6384     P=  -0.26 R=   5.37 Y=  50.59 jitter=1335ns
TS=870.033358629 loop=6385     P=  -0.27 R=   5.38 Y=  50.58 jitter=1353ns
TS=870.038358627 loop=6386     P=  -0.26 R=   5.40 Y=  50.57 jitter=1351ns
TS=870.043359145 loop=6387     P=  -0.25 R=   5.41 Y=  50.56 jitter=1869ns
TS=870.048359495 loop=6388     P=  -0.24 R=   5.40 Y=  50.55 jitter=2219ns
TS=870.053358624 loop=6389     P=  -0.22 R=   5.38 Y=  50.54 jitter=1348ns
TS=870.058358622 loop=6390     P=  -0.19 R=   5.36 Y=  50.53 jitter=1346ns
TS=870.063358584 loop=6391     P=  -0.15 R=   5.35 Y=  50.52 jitter=1308ns
TS=870.068358638 loop=6392     P=  -0.10 R=   5.33 Y=  50.52 jitter=1362ns
TS=870.073358637 loop=6393     P=  -0.06 R=   5.30 Y=  50.52 jitter=1361ns
TS=870.078358636 loop=6394     P=  -0.03 R=   5.26 Y=  50.53 jitter=1360ns
TS=870.083358616 loop=6395     P=  -0.02 R=   5.23 Y=  50.55 jitter=1340ns
TS=870.088358985 loop=6396     P=  -0.04 R=   5.19 Y=  50.57 jitter=1709ns
TS=870.093358965 loop=6397     P=  -0.07 R=   5.16 Y=  50.59 jitter=1689ns
TS=870.098359705 loop=6398     P=  -0.11 R=   5.14 Y=  50.61 jitter=2429ns
TS=870.103358981 loop=6399     P=  -0.17 R=   5.12 Y=  50.63 jitter=1705ns
TS=870.108358628 loop=6400     P=  -0.21 R=   5.10 Y=  50.65 jitter=1352ns
TS=870.113358664 loop=6401     P=  -0.25 R=   5.09 Y=  50.67 jitter=1388ns
TS=870.118358607 loop=6402     P=  -0.27 R=   5.07 Y=  50.68 jitter=1331ns
TS=870.123358606 loop=6403     P=  -0.28 R=   5.04 Y=  50.69 jitter=1330ns
TS=870.128358679 loop=6404     P=  -0.28 R=   5.01 Y=  50.70 jitter=1403ns
TS=870.133358622 loop=6405     P=  -0.29 R=   4.97 Y=  50.72 jitter=1346ns
TS=870.138358991 loop=6406     P=  -0.31 R=   4.95 Y=  50.73 jitter=1715ns
TS=870.143358619 loop=6407     P=  -0.34 R=   4.93 Y=  50.75 jitter=1343ns
TS=870.148359674 loop=6408     P=  -0.35 R=   4.91 Y=  50.76 jitter=2398ns
TS=870.153358598 loop=6409     P=  -0.36 R=   4.89 Y=  50.78 jitter=1322ns
TS=870.158358819 loop=6410     P=  -0.35 R=   4.87 Y=  50.80 jitter=1543ns
TS=870.163359133 loop=6411     P=  -0.34 R=   4.85 Y=  50.82 jitter=1857ns
TS=870.168358835 loop=6412     P=  -0.33 R=   4.81 Y=  50.83 jitter=1559ns
TS=870.173358630 loop=6413     P=  -0.32 R=   4.77 Y=  50.84 jitter=1354ns
TS=870.178358629 loop=6414     P=  -0.31 R=   4.73 Y=  50.85 jitter=1353ns
TS=870.183358628 loop=6415     P=  -0.28 R=   4.67 Y=  50.86 jitter=1352ns
TS=870.188359034 loop=6416     P=  -0.25 R=   4.63 Y=  50.88 jitter=1758ns
TS=870.193358959 loop=6417     P=  -0.24 R=   4.59 Y=  50.89 jitter=1683ns
TS=870.198359569 loop=6418     P=  -0.23 R=   4.55 Y=  50.91 jitter=2293ns
TS=870.203358975 loop=6419     P=  -0.23 R=   4.52 Y=  50.94 jitter=1699ns
TS=870.208358603 loop=6420     P=  -0.23 R=   4.50 Y=  50.97 jitter=1327ns
TS=870.213358620 loop=6421     P=  -0.23 R=   4.48 Y=  51.01 jitter=1344ns
TS=870.218358619 loop=6422     P=  -0.22 R=   4.43 Y=  51.05 jitter=1343ns
TS=870.223358655 loop=6423     P=  -0.22 R=   4.37 Y=  51.10 jitter=1379ns
TS=870.228358672 loop=6424     P=  -0.24 R=   4.31 Y=  51.16 jitter=1396ns
TS=870.233358615 loop=6425     P=  -0.27 R=   4.27 Y=  51.22 jitter=1339ns
TS=870.238358614 loop=6426     P=  -0.29 R=   4.25 Y=  51.28 jitter=1338ns
TS=870.243359428 loop=6427     P=  -0.31 R=   4.23 Y=  51.34 jitter=2152ns
TS=870.248360037 loop=6428     P=  -0.35 R=   4.20 Y=  51.39 jitter=2761ns
TS=870.253358666 loop=6429     P=  -0.37 R=   4.16 Y=  51.43 jitter=1390ns
TS=870.258358887 loop=6430     P=  -0.40 R=   4.11 Y=  51.48 jitter=1611ns
TS=870.263359126 loop=6431     P=  -0.44 R=   4.04 Y=  51.53 jitter=1850ns
TS=870.268359847 loop=6432     P=  -0.45 R=   3.98 Y=  51.59 jitter=2571ns
TS=870.273359050 loop=6433     P=  -0.48 R=   3.92 Y=  51.64 jitter=1774ns
TS=870.278358826 loop=6434     P=  -0.47 R=   3.86 Y=  51.69 jitter=1550ns
TS=870.283359029 loop=6435     P=  -0.46 R=   3.80 Y=  51.74 jitter=1753ns
TS=870.288358787 loop=6436     P=  -0.46 R=   3.75 Y=  51.79 jitter=1511ns
TS=870.293358600 loop=6437     P=  -0.49 R=   3.71 Y=  51.83 jitter=1324ns
TS=870.298358580 loop=6438     P=  -0.49 R=   3.67 Y=  51.86 jitter=1304ns
TS=870.303358987 loop=6439     P=  -0.51 R=   3.63 Y=  51.89 jitter=1711ns
TS=870.308358615 loop=6440     P=  -0.53 R=   3.59 Y=  51.93 jitter=1339ns
TS=870.313358799 loop=6441     P=  -0.54 R=   3.56 Y=  51.98 jitter=1523ns
TS=870.318360242 loop=6442     P=  -0.56 R=   3.52 Y=  52.03 jitter=2966ns
TS=870.323359111 loop=6443     P=  -0.58 R=   3.49 Y=  52.09 jitter=1835ns
TS=870.328358610 loop=6444     P=  -0.57 R=   3.46 Y=  52.14 jitter=1334ns
TS=870.333358868 loop=6445     P=  -0.53 R=   3.44 Y=  52.20 jitter=1592ns
TS=870.338358867 loop=6446     P=  -0.51 R=   3.45 Y=  52.26 jitter=1591ns
TS=870.343359014 loop=6447     P=  -0.50 R=   3.46 Y=  52.32 jitter=1738ns
TS=870.348359494 loop=6448     P=  -0.48 R=   3.48 Y=  52.37 jitter=2218ns
TS=870.353360122 loop=6449     P=  -0.48 R=   3.53 Y=  52.43 jitter=2846ns
TS=870.358359843 loop=6450     P=  -0.50 R=   3.60 Y=  52.48 jitter=2567ns
TS=870.363359027 loop=6451     P=  -0.52 R=   3.66 Y=  52.52 jitter=1751ns
TS=870.368359618 loop=6452     P=  -0.56 R=   3.71 Y=  52.55 jitter=2342ns
TS=870.373358932 loop=6453     P=  -0.57 R=   3.77 Y=  52.59 jitter=1656ns
TS=870.378358653 loop=6454     P=  -0.61 R=   3.81 Y=  52.63 jitter=1377ns
TS=870.383358615 loop=6455     P=  -0.62 R=   3.85 Y=  52.66 jitter=1339ns
TS=870.388358947 loop=6456     P=  -0.64 R=   3.87 Y=  52.68 jitter=1671ns
TS=870.393358612 loop=6457     P=  -0.66 R=   3.90 Y=  52.71 jitter=1336ns
TS=870.398358963 loop=6458     P=  -0.66 R=   3.94 Y=  52.72 jitter=1687ns
TS=870.403358591 loop=6459     P=  -0.69 R=   4.00 Y=  52.74 jitter=1315ns
TS=870.408358645 loop=6460     P=  -0.71 R=   4.06 Y=  52.74 jitter=1369ns
TS=870.413358626 loop=6461     P=  -0.72 R=   4.13 Y=  52.74 jitter=1350ns
TS=870.418358624 loop=6462     P=  -0.74 R=   4.19 Y=  52.74 jitter=1348ns
TS=870.423358623 loop=6463     P=  -0.75 R=   4.25 Y=  52.74 jitter=1347ns
TS=870.428359029 loop=6464     P=  -0.78 R=   4.33 Y=  52.74 jitter=1753ns
TS=870.433358639 loop=6465     P=  -0.81 R=   4.40 Y=  52.74 jitter=1363ns
TS=870.438358638 loop=6466     P=  -0.85 R=   4.49 Y=  52.74 jitter=1362ns
TS=870.443358618 loop=6467     P=  -0.88 R=   4.59 Y=  52.73 jitter=1342ns
TS=870.448359580 loop=6468     P=  -0.90 R=   4.71 Y=  52.73 jitter=2304ns
TS=870.453358615 loop=6469     P=  -0.93 R=   4.84 Y=  52.72 jitter=1339ns
TS=870.458358614 loop=6470     P=  -0.95 R=   5.00 Y=  52.70 jitter=1338ns
TS=870.463359354 loop=6471     P=  -0.97 R=   5.18 Y=  52.68 jitter=2078ns
TS=870.468358612 loop=6472     P=  -0.99 R=   5.37 Y=  52.64 jitter=1336ns
TS=870.473358592 loop=6473     P=  -1.03 R=   5.56 Y=  52.59 jitter=1316ns
TS=870.478358591 loop=6474     P=  -1.08 R=   5.75 Y=  52.53 jitter=1315ns
TS=870.483358645 loop=6475     P=  -1.11 R=   5.95 Y=  52.46 jitter=1369ns
TS=870.488358977 loop=6476     P=  -1.13 R=   6.17 Y=  52.37 jitter=1701ns
TS=870.493358957 loop=6477     P=  -1.10 R=   6.40 Y=  52.27 jitter=1681ns
TS=870.498359178 loop=6478     P=  -1.03 R=   6.61 Y=  52.15 jitter=1902ns
TS=870.503359029 loop=6479     P=  -0.90 R=   6.77 Y=  52.03 jitter=1753ns
TS=870.508358639 loop=6480     P=  -0.78 R=   6.85 Y=  51.92 jitter=1363ns
TS=870.513358711 loop=6481     P=  -0.67 R=   6.85 Y=  51.83 jitter=1435ns
TS=870.518358599 loop=6482     P=  -0.59 R=   6.80 Y=  51.74 jitter=1323ns
TS=870.523358635 loop=6483     P=  -0.53 R=   6.74 Y=  51.68 jitter=1359ns
TS=870.528358634 loop=6484     P=  -0.49 R=   6.68 Y=  51.63 jitter=1358ns
TS=870.533358595 loop=6485     P=  -0.46 R=   6.64 Y=  51.60 jitter=1319ns
TS=870.538358613 loop=6486     P=  -0.44 R=   6.62 Y=  51.59 jitter=1337ns
TS=870.543358982 loop=6487     P=  -0.43 R=   6.60 Y=  51.58 jitter=1706ns
TS=870.548359129 loop=6488     P=  -0.40 R=   6.59 Y=  51.58 jitter=1853ns
TS=870.553358627 loop=6489     P=  -0.38 R=   6.57 Y=  51.58 jitter=1351ns
TS=870.558358626 loop=6490     P=  -0.35 R=   6.55 Y=  51.58 jitter=1350ns
TS=870.563358606 loop=6491     P=  -0.33 R=   6.52 Y=  51.57 jitter=1330ns
TS=870.568358642 loop=6492     P=  -0.31 R=   6.49 Y=  51.55 jitter=1366ns
TS=870.573358622 loop=6493     P=  -0.29 R=   6.47 Y=  51.53 jitter=1346ns
TS=870.578359047 loop=6494     P=  -0.29 R=   6.45 Y=  51.51 jitter=1771ns
TS=870.583358583 loop=6495     P=  -0.29 R=   6.44 Y=  51.48 jitter=1307ns
TS=870.588358637 loop=6496     P=  -0.30 R=   6.45 Y=  51.46 jitter=1361ns
TS=870.593358895 loop=6497     P=  -0.31 R=   6.47 Y=  51.42 jitter=1619ns
TS=870.598359894 loop=6498     P=  -0.33 R=   6.48 Y=  51.39 jitter=2618ns
TS=870.603358985 loop=6499     P=  -0.33 R=   6.48 Y=  51.36 jitter=1709ns
TS=870.608358651 loop=6500     P=  -0.35 R=   6.48 Y=  51.32 jitter=1375ns
TS=870.613359223 loop=6501     P=  -0.39 R=   6.48 Y=  51.28 jitter=1947ns
TS=870.618358611 loop=6502     P=  -0.43 R=   6.47 Y=  51.25 jitter=1335ns
TS=870.623358610 loop=6503     P=  -0.49 R=   6.45 Y=  51.21 jitter=1334ns
TS=870.628358645 loop=6504     P=  -0.56 R=   6.43 Y=  51.18 jitter=1369ns
TS=870.633359052 loop=6505     P=  -0.64 R=   6.41 Y=  51.15 jitter=1776ns
TS=870.638358643 loop=6506     P=  -0.72 R=   6.39 Y=  51.12 jitter=1367ns
TS=870.643359012 loop=6507     P=  -0.80 R=   6.37 Y=  51.09 jitter=1736ns
TS=870.648359103 loop=6508     P=  -0.89 R=   6.34 Y=  51.06 jitter=1827ns
TS=870.653359047 loop=6509     P=  -0.95 R=   6.31 Y=  51.04 jitter=1771ns
TS=870.658358731 loop=6510     P=  -1.00 R=   6.26 Y=  51.01 jitter=1455ns
TS=870.663358618 loop=6511     P=  -1.03 R=   6.21 Y=  50.99 jitter=1342ns
TS=870.668359043 loop=6512     P=  -1.04 R=   6.16 Y=  50.96 jitter=1767ns
TS=870.673358634 loop=6513     P=  -1.03 R=   6.10 Y=  50.94 jitter=1358ns
TS=870.678358651 loop=6514     P=  -1.00 R=   6.03 Y=  50.92 jitter=1375ns
TS=870.683358632 loop=6515     P=  -0.98 R=   5.97 Y=  50.90 jitter=1356ns
TS=870.688359075 loop=6516     P=  -0.96 R=   5.91 Y=  50.89 jitter=1799ns
TS=870.693358611 loop=6517     P=  -0.94 R=   5.87 Y=  50.87 jitter=1335ns
TS=870.698358943 loop=6518     P=  -0.95 R=   5.86 Y=  50.87 jitter=1667ns
TS=870.703359034 loop=6519     P=  -0.97 R=   5.85 Y=  50.86 jitter=1758ns
TS=870.708358681 loop=6520     P=  -0.99 R=   5.84 Y=  50.85 jitter=1405ns
TS=870.713358624 loop=6521     P=  -1.04 R=   5.83 Y=  50.85 jitter=1348ns
TS=870.718358641 loop=6522     P=  -1.11 R=   5.83 Y=  50.85 jitter=1365ns
TS=870.723358622 loop=6523     P=  -1.20 R=   5.84 Y=  50.85 jitter=1346ns
TS=870.728358639 loop=6524     P=  -1.30 R=   5.85 Y=  50.84 jitter=1363ns
TS=870.733358619 loop=6525     P=  -1.41 R=   5.87 Y=  50.84 jitter=1343ns
TS=870.738358988 loop=6526     P=  -1.52 R=   5.89 Y=  50.84 jitter=1712ns
TS=870.743358617 loop=6527     P=  -1.63 R=   5.91 Y=  50.84 jitter=1341ns
TS=870.748359708 loop=6528     P=  -1.75 R=   5.94 Y=  50.83 jitter=2432ns
TS=870.753359744 loop=6529     P=  -1.86 R=   5.96 Y=  50.82 jitter=2468ns
TS=870.758358594 loop=6530     P=  -1.97 R=   5.97 Y=  50.80 jitter=1318ns
TS=870.763359278 loop=6531     P=  -2.06 R=   5.97 Y=  50.78 jitter=2002ns
TS=870.768359332 loop=6532     P=  -2.13 R=   5.97 Y=  50.76 jitter=2056ns
TS=870.773359331 loop=6533     P=  -2.18 R=   5.94 Y=  50.74 jitter=2055ns
TS=870.778359108 loop=6534     P=  -2.22 R=   5.91 Y=  50.71 jitter=1832ns
TS=870.783358718 loop=6535     P=  -2.22 R=   5.86 Y=  50.69 jitter=1442ns
TS=870.788359087 loop=6536     P=  -2.22 R=   5.82 Y=  50.66 jitter=1811ns
TS=870.793359400 loop=6537     P=  -2.20 R=   5.75 Y=  50.63 jitter=2124ns
TS=870.798359880 loop=6538     P=  -2.18 R=   5.69 Y=  50.62 jitter=2604ns
TS=870.803358787 loop=6539     P=  -2.15 R=   5.62 Y=  50.60 jitter=1511ns
TS=870.808359322 loop=6540     P=  -2.13 R=   5.57 Y=  50.59 jitter=2046ns
TS=870.813358951 loop=6541     P=  -2.10 R=   5.54 Y=  50.59 jitter=1675ns
TS=870.818358709 loop=6542     P=  -2.09 R=   5.50 Y=  50.58 jitter=1433ns
TS=870.823358615 loop=6543     P=  -2.07 R=   5.49 Y=  50.58 jitter=1339ns
TS=870.828359132 loop=6544     P=  -2.04 R=   5.47 Y=  50.57 jitter=1856ns
TS=870.833359501 loop=6545     P=  -2.01 R=   5.46 Y=  50.56 jitter=2225ns
TS=870.838359667 loop=6546     P=  -1.97 R=   5.45 Y=  50.55 jitter=2391ns
TS=870.843358702 loop=6547     P=  -1.93 R=   5.43 Y=  50.54 jitter=1426ns
TS=870.848359053 loop=6548     P=  -1.92 R=   5.42 Y=  50.53 jitter=1777ns
TS=870.853358663 loop=6549     P=  -1.93 R=   5.42 Y=  50.51 jitter=1387ns
TS=870.858359828 loop=6550     P=  -1.97 R=   5.44 Y=  50.49 jitter=2552ns
TS=870.863361049 loop=6551     P=  -2.01 R=   5.49 Y=  50.46 jitter=3773ns
TS=870.868359326 loop=6552     P=  -2.02 R=   5.58 Y=  50.42 jitter=2050ns
TS=870.873359065 loop=6553     P=  -2.01 R=   5.62 Y=  50.36 jitter=1789ns
TS=870.878358786 loop=6554     P=  -1.98 R=   5.63 Y=  50.30 jitter=1510ns
TS=870.883359118 loop=6555     P=  -1.89 R=   5.61 Y=  50.23 jitter=1842ns
TS=870.888359247 loop=6556     P=  -1.80 R=   5.57 Y=  50.16 jitter=1971ns
TS=870.893358690 loop=6557     P=  -1.70 R=   5.51 Y=  50.09 jitter=1414ns
TS=870.898358874 loop=6558     P=  -1.60 R=   5.43 Y=  50.03 jitter=1598ns
TS=870.903358595 loop=6559     P=  -1.50 R=   5.33 Y=  49.97 jitter=1319ns
TS=870.908358631 loop=6560     P=  -1.38 R=   5.24 Y=  49.92 jitter=1355ns
TS=870.913358759 loop=6561     P=  -1.25 R=   5.14 Y=  49.87 jitter=1483ns
TS=870.918358628 loop=6562     P=  -1.10 R=   5.06 Y=  49.84 jitter=1352ns
TS=870.923358645 loop=6563     P=  -0.92 R=   4.95 Y=  49.82 jitter=1369ns
