packed,counter,value,time_of_day
399603797343232,1,68.76,11:08:43.392
1201164953861325,4,43.81,11:08:43.597
1433488324836661,5,15.2,11:08:43.701
1762156402195770,6,42.67,11:08:43.706
2001008123460927,7,17.86,11:08:43.711
2340963374873924,8,51.9,11:08:43.716
2607732383563081,9,43.34,11:08:43.721
2909496785780046,10,55.15,11:08:43.726
3210110136761683,11,66.29,11:08:43.731
3409070201781592,12,18.26,11:08:43.736
3810512205004125,13,88.09,11:08:43.741
3996432749313378,14,32.47,11:08:43.746
4344222021074279,15,71.07,11:08:43.751
4549160680570220,16,26.52,11:08:43.756
4852746148920689,17,39.39,11:08:43.761
5069453018807670,18,1.69,11:08:43.766
5495204536925563,19,85.67,11:08:43.771
5787227953315200,20,91.81,11:08:43.776
6035975279230341,21,72.76,11:08:43.781
6294515130580362,22,59.41,11:08:43.786
6587466259905935,23,66.09,11:08:43.791
6820751703555476,24,38.04,11:08:43.796
7204257923349913,25,97.43,11:08:43.801
7385093226380702,26,38.85,11:08:43.806
7680655695822243,27,47.05,11:08:43.811
7912257512291752,28,18.02,11:08:43.816
8198508492635565,29,20.8,11:08:43.821
8540456608873906,30,56.0,11:08:43.826
8858627786161591,31,77.36,11:08:43.831
9101310618254780,32,54.78,11:08:43.836
9382630976142785,33,54.69,11:08:43.841
9587191678516678,34,9.92,11:08:43.846
10002515016039883,35,87.83,11:08:43.851
10249595894644176,36,67.81,11:08:43.856
10451510897163733,37,21.5,11:08:43.861
10772104436006362,38,44.27,11:08:43.866
11128243124190687,39,87.73,11:08:43.871
11327357808033252,40,39.79,11:08:43.876
11637935483141609,41,56.73,11:08:43.881
11885531757821422,42,37.01,11:08:43.886
12234626699640307,43,76.37,11:08:43.891
12392733035740664,44,4.56,11:08:43.896
12701747342753277,45,20.59,11:08:43.901
13084446108696066,46,79.51,11:08:43.906
13353207982210567,47,72.11,11:08:43.911
13558352800136716,48,27.68,11:08:43.916
13875647804096017,49,48.53,11:08:43.921
14137503370198550,50,37.11,11:08:43.926
14366339227729435,51,6.47,11:08:43.931
14788139375935008,52,88.15,11:08:43.936
15029533717839397,53,64.82,11:08:43.941
15316265734520362,54,67.88,11:08:43.946
15547317795175983,55,38.53,11:08:43.951
15933847671946804,56,99.68,11:08:43.956
16077265219894841,57,19.32,11:08:43.961
16490973649714750,58,96.29,11:08:43.966
16728262002884163,59,70.57,11:08:43.971
16913100215434824,60,14.32,11:08:43.976
17214280502099533,61,25.79,11:08:43.981
17565368308743762,62,66.31,11:08:43.986
17763916056903255,63,18.04,11:08:43.991
18141134444576348,64,73.77,11:08:43.996
18328395018681953,65,18.93,11:08:44.001
18680290279177830,66,59.92,11:08:44.006
18915139090923115,67,32.78,11:08:44.011
19312045608681072,68,99.97,11:08:44.016
19567699242008181,69,84.94,11:08:44.021
19733330360811130,70,17.51,11:08:44.026
20106786357132927,71,71.05,11:08:44.031
20408482039873156,72,82.82,11:08:44.036
20645529874873993,73,56.96,11:08:44.041
20913827891920526,74,49.29,11:08:44.046
21199683735273107,75,51.84,11:08:44.051
21485934715616920,76,54.62,11:08:44.056
21718893741751965,77,26.38,11:08:44.061
22002670820933282,78,27.72,11:08:44.066
22280950341975719,79,25.86,11:08:44.071
22617108842299052,80,57.69,11:08:44.076
22946567193640625,81,85.62,11:08:44.081
23098162359320246,82,10.02,11:08:44.086
23520993299676859,83,92.3,11:08:44.091
23815593696444096,84,99.94,11:08:44.096
23998834181160645,85,42.76,11:08:44.101
24280188898787018,86,42.69,11:08:44.106
24580664810815183,87,53.75,11:08:44.111
24831851678154452,88,36.12,11:08:44.116
25147170997157593,89,55.82,11:08:44.121
25464122403733214,90,76.47,11:08:44.126
25693164419694307,91,45.95,11:08:44.131
26046004572995304,92,87.49,11:08:44.136
26190882409823981,93,7.98,11:08:44.141
26627543144873714,94,98.31,11:08:44.146
26788604418473719,95,28.22,11:08:44.151
27136737287618300,96,67.02,11:08:44.156
27435649831550721,97,77.17,11:08:44.161
27732088474320646,98,85.88,11:08:44.166
27952214138175243,99,50.17,11:08:44.171
28180500239892240,100,19.21,11:08:44.176
28600015465496341,101,99.56,11:08:44.181
28774081900068634,102,37.04,11:08:44.186
29133433223790367,103,82.37,11:08:44.191
29362251901452068,104,51.72,11:08:44.196
29717754934476585,105,94.81,11:08:44.201
29935458236776238,106,57.69,11:08:44.206
30135225755647795,107,10.13,11:08:44.211
30422078031413048,108,13.26,11:08:44.216
30692695330799421,109,6.94,11:08:44.221
31058093968473922,110,55.79,11:08:44.226
31408683558911815,111,96.02,11:08:44.231
31599088049078092,112,43.01,11:08:44.236
31895097195118417,113,51.47,11:08:44.241
32112869216894806,114,14.39,11:08:44.246
32540029484285787,115,99.19,11:08:44.251
32680938771332960,116,17.37,11:08:44.256
33074271876300645,117,82.48,11:08:44.261
33236243682967402,118,12.92,11:08:44.266
33595165509959535,119,58.0,11:08:44.271
33849753991397236,120,42.35,11:08:44.276
34194622685396857,121,79.25,11:08:44.281
34429127899758462,122,51.91,11:08:44.286
34731802835042179,123,64.25,11:08:44.291
34951052325568392,124,28.03,11:08:44.296
35190728680554381,125,3.7,11:08:44.301
35475141414895506,126,5.41,11:08:44.306
35767508428668823,127,11.75,11:08:44.311
36053020674637724,128,14.1,11:08:44.316
36353943263264673,129,25.42,11:08:44.321
36680257698545574,130,51.52,11:08:44.326
36943762532089771,131,41.06,11:08:44.331
37213795715923888,132,34.4,11:08:44.336
37550452432453557,133,66.52,11:08:44.341
37864878398259130,134,85.7,11:08:44.346
38133554372427711,135,78.25,11:08:44.351
38440438375661508,136,93.04,11:08:44.356
38637852252454857,137,44.11,11:08:44.361
38873096201191374,138,17.2,11:08:44.366
39127289545637843,139,1.32,11:08:44.371
39504971789778904,140,57.32,11:08:44.376
39789934279933917,141,59.35,11:08:44.381
40122107050606562,142,88.86,11:08:44.386
40292531352911847,143,24.22,11:08:44.391
40574951222427628,144,24.77,11:08:44.396
40872334758002673,145,34.03,11:08:44.401
41106307396419574,146,6.38,11:08:44.406
41468149801172987,147,53.16,11:08:44.411
41787815627079680,148,75.39,11:08:44.416
42088033841070085,149,86.3,11:08:44.421
42294862286176266,150,42.85,11:08:44.426
42664899488530447,151,94.4,11:08:44.431
42885866965975060,152,59.18,11:08:44.436
43221888027344921,153,90.93,11:08:44.441
43490821699551262,154,83.63,11:08:44.446
43784425663905827,155,90.69,11:08:44.451
44066416036692008,156,90.99,11:08:44.456
44266733311377453,157,43.75,11:08:44.461
44474936146018354,158,1.1,11:08:44.466
44872014462468151,159,68.39,11:08:44.471
45039191769497660,160,1.86,11:08:44.476
45377205695692865,161,34.77,11:08:44.481
45652959775965254,162,31.44,11:08:44.486
45955394193080395,163,43.64,11:08:44.491
46238776135270480,164,44.75,11:08:44.496
46519340578914389,165,44.22,11:08:44.501
46829677735854170,166,61.02,11:08:44.506
47079095076667487,167,42.36,11:08:44.511
47336277718351972,168,28.22,11:08:44.516
47705799524630633,169,79.47,11:08:44.521
47983924426850414,170,77.52,11:08:44.526
48295756232409203,171,95.19,11:08:44.531
48551203707306104,172,80.04,11:08:44.536
48732520046674045,173,21.74,11:08:44.541
49087988719960194,174,64.81,11:08:44.546
49275799049879687,175,10.29,11:08:44.551
49597285941919884,176,33.58,11:08:44.556
49962220723126417,177,82.16,11:08:44.561
50183274099916950,178,46.99,11:08:44.566
50486138013761691,179,59.44,11:08:44.571
50774794175791264,180,63.62,11:08:44.576
50961058317484197,181,8.2,11:08:44.581
51271653172461738,182,25.15,11:08:44.586
51610955588845743,183,58.81,11:08:44.591
51897292468535476,184,61.64,11:08:44.596
52217336251564217,185,84.09,11:08:44.601
52450741954298046,186,56.11,11:08:44.606
52730172526575811,187,54.92,11:08:44.611
52921453190070472,188,2.42,11:08:44.616
53353252022141133,189,89.92,11:08:44.621
53533056533020882,190,30.74,11:08:44.626
53813346098757847,191,30.05,11:08:44.631
54074737808392412,192,18.36,11:08:44.636
54467899114668257,193,83.37,11:08:44.641
54658578482741478,194,30.52,11:08:44.646
54947406443462891,195,34.8,11:08:44.651
55281091042623728,196,65.19,11:08:44.656
55565950453563637,197,67.16,11:08:44.661
55837220587979002,198,61.22,11:08:44.666
56061228902269183,199,27.77,11:08:44.671
56423432084275460,200,74.76,11:08:44.676
56646718844059913,201,40.89,11:08:44.681
56896857739378958,202,22.65,11:08:44.686
57292149349433619,203,88.9,11:08:44.691
57492294825427224,204,41.56,11:08:44.696
57764939349377309,205,36.42,11:08:44.701
58072922864238882,206,51.85,11:08:44.706
58328507778089255,207,36.78,11:08:44.711
58594641131618604,208,27.85,11:08:44.716
58908173744226609,209,46.51,11:08:44.721
59273744180592950,210,95.46,11:08:44.726
59438705284497723,211,27.64,11:08:44.731
59708326151471424,212,20.74,11:08:44.736
60119388881436997,213,96.17,11:08:44.741
60275364913758538,214,23.12,11:08:44.746
60679950833041743,215,94.78,11:08:44.751
60822440668053844,216,13.88,11:08:44.756
61242024613134681,217,94.27,11:08:44.761
61508827981562206,218,85.73,11:08:44.766
61739416185749859,219,56.11,11:08:44.771
61963149622133096,220,22.5,11:08:44.776
62349885657334125,221,83.77,11:08:44.781
62550787047571826,222,36.87,11:08:44.786
62782165525741943,223,7.71,11:08:44.791
63062042774618492,224,6.78,11:08:44.796
63342005922840961,225,5.9,11:08:44.801
63697715114295686,226,49.11,11:08:44.806
63990563164406155,227,55.73,11:08:44.811
64187392925647248,228,6.46,11:08:44.816
64524255800607125,229,38.7,11:08:44.821
64825401727533466,230,50.15,11:08:44.826
65175853879017887,231,90.3,11:08:44.831
65320491197677988,232,10.65,11:08:44.836
65661013384774057,233,45.02,11:08:44.841
66023525804425646,234,92.19,11:08:44.846
66199155607093683,235,30.58,11:08:44.851
66578195060900280,236,87.37,11:08:44.856
66727659922801085,237,10.53,11:08:44.861
67053390242529730,238,36.29,11:08:44.866
67397468662546887,239,72.73,11:08:44.871
67635031893623244,240,47.17,11:08:44.876
67891716319101393,241,32.74,11:08:44.881
68208702085415382,242,53.41,11:08:44.886
68404002838299099,243,3.25,11:08:44.891
68692366942552544,244,7.26,11:08:44.896
69023457381466597,245,36.14,11:08:44.901
69349411039494634,246,62.03,11:08:44.906
69609153481687535,247,49.38,11:08:44.911
69908925019079156,248,60.03,11:08:44.916
70144976421667321,249,33.59,11:08:44.921
70498898906726910,250,75.76,11:08:44.926
70704284242821635,251,31.47,11:08:44.931
70986996170113544,252,32.19,11:08:44.936
71370622648992269,253,91.65,11:08:44.941
71500605539238418,254,3.47,11:08:44.946
71834358857875991,255,33.9,11:08:44.951
72132910624555548,256,43.84,11:08:44.956
72502896287302177,257,95.36,11:08:44.961
72727059220415014,258,62.0,11:08:44.966
72961804952945195,259,34.8,11:08:44.971
73318991613149744,260,78.87,11:08:44.976
73574817045168693,261,63.94,11:08:44.981
73747526270075450,262,0.63,11:08:44.986
74031853105070655,263,2.29,11:08:44.991
74364163314696772,264,31.88,11:08:44.996
74597826715468361,265,4.05,11:08:45.001
74945255209976398,266,42.44,11:08:45.006
75253530782614099,267,58.04,11:08:45.011
75594087329448536,268,92.43,11:08:45.016
75778994261475933,269,36.22,11:08:45.021
76140063572116066,270,82.55,11:08:45.026
76382815123685991,271,60.01,11:08:45.031
76659153319510636,272,57.02,11:08:45.036
76947276905595505,273,60.89,11:08:45.041
77236551542915702,274,65.43,11:08:45.046
77494868055966331,275,51.95,11:08:45.051
77854769135501952,276,97.6,11:08:45.056
77975217198350981,277,3.87,11:08:45.061
78383015753171594,278,77.4,11:08:45.066
78699864080532111,279,97.99,11:08:45.071
78952219178975892,280,81.04,11:08:45.076
79254481797399193,281,93.14,11:08:45.081
79427551799558814,282,30.04,11:08:45.086
79727477955773091,283,40.78,11:08:45.091
79983131589100200,284,25.75,11:08:45.096
80332243710788269,285,65.12,11:08:45.101
80543607641359026,286,24.31,11:08:45.106
80868650766320311,287,49.67,11:08:45.111
81068418285191868,288,2.11,11:08:45.116
81512208665952961,289,96.59,11:08:45.121
81729276313092806,290,59.1,11:08:45.126
81994000917349067,291,49.35,11:08:45.131
82309818452558544,292,69.34,11:08:45.136
82526044286108373,293,31.36,11:08:45.141
82782728711586522,294,16.93,11:08:45.146
83063396234445535,295,16.46,11:08:45.151
83481657329599204,296,96.08,11:08:45.156
83697573925503721,297,57.92,11:08:45.161
83916995214721774,298,21.8,11:08:45.166
84291121225941747,299,75.73,11:08:45.171
84465496898159352,300,13.39,11:08:45.176
84869498701890301,301,84.71,11:08:45.181
85073595547796226,302,39.67,11:08:45.186
85394962180752135,303,62.89,11:08:45.191
85593750447080204,304,14.76,11:08:45.196
85939357875454737,305,52.09,11:08:45.201
86296613255136022,306,96.2,11:08:45.206
86493528915723035,307,46.98,11:08:45.211
86842039741989664,308,86.0,11:08:45.216
86986264743789349,309,6.11,11:08:45.221
87281500795716394,310,14.12,11:08:45.226
87633172717912879,311,54.98,11:08:45.231
87890922295280436,312,41.17,11:08:45.236
88262763383898937,313,93.77,11:08:45.241
88384637375890238,314,0.87,11:08:45.246
88692792689443651,315,16.4,11:08:45.251
89093650577113928,316,85.89,11:08:45.256
89321971038569293,317,54.95,11:08:45.261
89660912677700434,318,88.4,11:08:45.266
89936048282682199,319,84.71,11:08:45.271
90114736102064988,320,24.88,11:08:45.276
90517586854560609,321,95.53,11:08:45.281
90664990132159334,322,17.49,11:08:45.286
91006560291275627,323,52.47,11:08:45.291
91228180603749232,324,17.63,11:08:45.296
91532333007782773,325,30.83,11:08:45.301
91815852388926330,326,32.02,11:08:45.306
92151100356182911,327,63.32,11:08:45.311
92487894511666052,328,95.52,11:08:45.316
92643114629743497,329,22.03,11:08:45.321
92905021735453582,330,10.64,11:08:45.326
93174436443997075,331,3.62,11:08:45.331
93496627710673816,332,27.32,11:08:45.336
93798374933021597,333,39.12,11:08:45.341
94106100749845410,334,54.4,11:08:45.346
94346893796328359,335,30.72,11:08:45.351
94640497760682924,336,37.78,11:08:45.356
94905188005200817,337,28.01,11:08:45.361
95296287727174582,338,91.82,11:08:45.366
95528215961158587,339,62.98,11:08:45.371
95830925256180672,340,75.34,11:08:45.376
95987021547586501,341,2.36,11:08:45.381
96380406192161738,342,67.5,11:08:45.386
96651951204484047,343,61.72,11:08:45.391
96870255802205140,344,24.95,11:08:45.396
97192378349405145,345,48.61,11:08:45.401
97436280952210398,346,26.74,11:08:45.406
97768024226153443,347,56.0,11:08:45.411
98012665563333608,348,34.56,11:08:45.416
98284622892516333,349,29.02,11:08:45.421
98684175110128626,350,97.75,11:08:45.426
98829722961855479,351,18.63,11:08:45.431
99116884475266044,352,21.94,11:08:45.436
99492625394189313,353,76.81,11:08:45.441
99687805887988742,354,26.58,11:08:45.446
100028070377047051,355,60.8,11:08:45.451
100222735474770960,356,10.27,11:08:45.456
100521012363543573,357,20.05,11:08:45.461
100792986872595482,358,14.52,11:08:45.466
101099149321323551,359,28.89,11:08:45.471
101422955495703588,360,53.53,11:08:45.476
101741813867758633,361,75.29,11:08:45.481
102006727450575918,362,65.65,11:08:45.486
102224791530128435,363,28.74,11:08:45.491
102536039220134968,364,46.07,11:08:45.496
102753673802957885,365,8.91,11:08:45.501
103021284625237058,366,0.84,11:08:45.506
103368008745108551,367,38.82,11:08:45.511
103674841208734796,368,53.58,11:08:45.516
103997410432533585,369,77.5,11:08:45.521
104256843637081174,370,64.67,11:08:45.526
104435960953193563,371,5.09,11:08:45.531
104795209197700192,372,50.36,11:08:45.536
105075756461474917,373,49.82,11:08:45.541
105301998158759018,374,17.67,11:08:45.546
105637813061698671,375,49.3,11:08:45.551
105982252258968692,376,85.95,11:08:45.556
106265307783644281,377,86.87,11:08:45.561
106559272525251710,378,94.14,11:08:45.566
106743973298848899,379,37.81,11:08:45.571
107083773931439240,380,71.76,11:08:45.576
107375951966651533,381,77.99,11:08:45.581
107631073024033938,382,62.65,11:08:45.586
107924951866295447,383,69.87,11:08:45.591
108239566810662044,384,89.16,11:08:45.596
108535713395655841,385,97.7,11:08:45.601
108755254943958182,386,61.65,11:08:45.606
109059630686291115,387,74.98,11:08:45.611
109273313899201712,388,35.52,11:08:45.616
109627940758897845,389,78.1,11:08:45.621
109852447289394362,390,44.94,11:08:45.626
110224546076050623,391,97.69,11:08:45.631
110366967191585988,392,16.75,11:08:45.636
110734977169376457,393,67.12,11:08:45.641
110980082363024590,394,45.95,11:08:45.646
111303390321198291,395,70.3,11:08:45.651
111537551938176216,396,42.76,11:08:45.656
111878847219385565,397,77.58,11:08:45.661
112051333105992930,398,14.14,11:08:45.666
112464113822876903,399,90.57,11:08:45.671
112654432413697260,400,37.51,11:08:45.676
112960027926742257,401,51.55,11:08:45.681
113182816470320374,402,17.39,11:08:45.686
113590804003702011,403,91.03,11:08:45.691
113817835974968576,404,59.34,11:08:45.696
114086546308875525,405,51.91,11:08:45.701
114417086991975690,406,80.47,11:08:45.706
114587442574804239,407,15.79,11:08:45.711
114984555250992404,408,83.1,11:08:45.716
115264707377775897,409,82.33,11:08:45.721
115430613374485790,410,15.06,11:08:45.726
115853908171310371,411,97.61,11:08:45.731
116073398180005160,412,61.53,11:08:45.736
116376090295158061,413,73.88,11:08:45.741
116598037025146162,414,39.23,11:08:45.746
116883154134123831,415,41.35,11:08:45.751
117167944825587004,416,43.28,11:08:45.756
117426003640599873,417,29.65,11:08:45.761
117770786435253574,418,66.5,11:08:45.766
117962685574038859,419,14.36,11:08:45.771
118350572660475216,420,76.3,11:08:45.776
118647818757096789,421,85.48,11:08:45.781
118835405748716890,422,30.83,11:08:45.786
119164005106599263,423,58.26,11:08:45.791
119397204650902884,424,30.16,11:08:45.796
119652033650509161,425,14.65,11:08:45.801
120022569069069678,426,66.49,11:08:45.806
120318440776156531,427,74.87,11:08:45.811
120589229874234744,428,68.65,11:08:45.816
120753057106773373,429,0.17,11:08:45.821
121106962411963778,430,42.33,11:08:45.826
121407352424646023,431,53.34,11:08:45.831
121706539846485388,432,63.65,11:08:45.836
121937694986356113,433,34.36,11:08:45.841
122254938450707862,434,55.18,11:08:45.846
122543096396531099,435,59.07,11:08:45.851
122886195564004768,436,94.94,11:08:45.856
123022328847418789,437,10.34,11:08:45.861
123313733788517802,438,16.12,11:08:45.866
123642126987969967,439,43.43,11:08:45.871
123854951207421364,440,3.47,11:08:45.876
124174307795682745,441,25.52,11:08:45.881
124436953635767742,442,14.56,11:08:45.886
124742291450774979,443,28.45,11:08:45.891
125075409114252744,444,58.51,11:08:45.896
125336508766111181,445,46.65,11:08:45.901
125554108989195730,446,9.47,11:08:45.906
125915848314734039,447,56.19,11:08:45.911
126179026730763740,448,45.54,11:08:45.916
126445984718013921,449,37.09,11:08:45.921
126670250730341862,450,3.79,11:08:45.926
127073101482837483,451,74.44,11:08:45.931
127374522287670768,452,86.05,11:08:45.936
127667851374118389,453,92.95,11:08:45.941
127896738771256826,454,62.34,11:08:45.946
128181409203635711,455,64.2,11:08:45.951
128413921553171972,456,35.7,11:08:45.956
128655229995730441,457,12.32,11:08:45.961
128943439481161230,458,16.24,11:08:45.966
129330622192961043,459,77.77,11:08:45.971
129597580180211224,460,69.32,11:08:45.976
129829937910924829,461,40.73,11:08:45.981
130118250475570722,462,44.71,11:08:45.986
130378662932661799,463,32.45,11:08:45.991
130767477732034092,464,94.93,11:08:45.996
131020159247992369,465,78.17,11:08:46.001
131229100817008182,466,35.95,11:08:46.006
131564761101125179,467,67.49,11:08:46.011
131764013223921216,468,19.63,11:08:46.016
132126680262395461,469,66.89,11:08:46.021
132393174393177674,470,58.17,11:08:46.026
132698649647138383,471,72.14,11:08:46.031
133013470749935188,472,91.55,11:08:46.036
133283040077301337,473,84.62,11:08:46.041
133579392820725342,474,93.28,11:08:46.046
133862036028540515,475,93.96,11:08:46.051
134074190233093736,476,53.61,11:08:46.056
134397377932183149,477,77.89,11:08:46.061
134657807569143410,478,65.64,11:08:46.066
134911348078560887,479,49.38,11:08:46.071
135172980306364028,480,37.83,11:08:46.076
135452496777987713,481,36.69,11:08:46.081
135811590403671686,482,81.87,11:08:46.086
136094182071879307,483,82.52,11:08:46.091
136405068984632976,484,99.64,11:08:46.096
136521703116523157,485,3.69,11:08:46.101
136926684172797594,486,75.58,11:08:46.106
137197387371529887,487,69.31,11:08:46.111
137429504584074916,488,40.58,11:08:46.116
137677444456138409,489,21.06,11:08:46.121
138056518269683374,490,77.87,11:08:46.126
138219623947716275,491,8.97,11:08:46.131
138565832671512248,492,46.65,11:08:46.136
138914893253592765,493,85.99,11:08:46.141
139214802229937858,494,96.72,11:08:46.146
139330250950854343,495,0.08,11:08:46.151
139679552051103436,496,39.56,11:08:46.156
139921702307251921,497,16.67,11:08:46.161
140180293698209494,498,3.35,11:08:46.166
140511092079347419,499,32.06,11:08:46.171
140860135481558752,500,71.39,11:08:46.176
141151952739518181,501,77.41,11:08:46.181
141444027695515370,502,83.58,11:08:46.186
141665252870997743,503,48.51,11:08:46.191
141890206078093044,504,15.61,11:08:46.196
142302711917070073,505,91.88,11:08:46.201
142489457095100158,506,36.74,11:08:46.206
142822591938447107,507,66.81,11:08:46.211
143007842467858184,508,10.8,11:08:46.216
143399371686561549,509,74.86,11:08:46.221
143721666032453394,510,98.62,11:08:46.226
143983796476462871,511,87.36,11:08:46.231
144127935578916636,512,7.42,11:08:46.236
144531559425525537,513,78.52,11:08:46.241
144790202356090662,514,65.23,11:08:46.246
144968288880052011,515,5.05,11:08:46.251
145297798771001136,516,33.01,11:08:46.256
145555221930854197,517,19.01,11:08:46.261
145836576648480570,518,18.94,11:08:46.266
146239100983461695,519,89.4,11:08:46.271
146507484899854148,520,81.78,11:08:46.276
146792172512102217,521,83.65,11:08:46.281
147067548635252558,522,80.1,11:08:46.286
147267711291115347,523,32.77,11:08:46.291
147558686735484760,524,38.3,11:08:46.296
147801678805223261,525,15.9,11:08:46.301
148057538596980578,526,0.99,11:08:46.306
148380399878555495,527,25.08,11:08:46.311
148681185028228972,528,36.32,11:08:46.316
149044504901732209,529,83.96,11:08:46.321
149296688201484150,530,66.91,11:08:46.326
149523599913666427,531,35.15,11:08:46.331
149915266571323264,532,99.29,11:08:46.336
150144016529508229,533,68.6,11:08:46.341
150346550007318410,534,22.65,11:08:46.346
150671266714765199,535,47.82,11:08:46.351
150928518075926420,536,33.72,11:08:46.356
151236999806994329,537,49.44,11:08:46.361
151542835838207902,538,63.62,11:08:46.366
151840305273128867,539,72.93,11:08:46.371
152160709833410472,540,95.59,11:08:46.376
152434282070296493,541,90.99,11:08:46.381
152620357233428402,542,35.46,11:08:46.386
152909391352580023,543,39.86,11:08:46.391
153176761656690620,544,31.65,11:08:46.396
153535099368130497,545,76.39,11:08:46.401
153702826430973894,546,10.18,11:08:46.406
154104526132234187,547,80.16,11:08:46.411
154317882927630288,548,40.51,11:08:46.416
154673403140523989,549,83.61,11:08:46.421
154873222199003098,550,36.08,11:08:46.426
155113774727317471,551,12.26,11:08:46.431
155431653846829028,552,33.45,11:08:46.436
155795746814445545,553,81.54,11:08:46.441
155950846673438702,554,7.98,11:08:46.446
156345468268595187,555,73.84,11:08:46.451
156585591300179960,556,49.77,11:08:46.456
156899467510171645,557,68.63,11:08:46.461
157215783261587458,558,88.91,11:08:46.466
157387856831334407,559,25.23,11:08:46.471
157656670244456460,560,17.86,11:08:46.476
157941168878143505,561,19.62,11:08:46.481
158270713128830998,562,47.6,11:08:46.486
158631456021956635,563,93.74,11:08:46.491
158819833287559200,564,39.55,11:08:46.496
159146834917607461,565,66.05,11:08:46.501
159486549650851882,566,99.95,11:08:46.506
159734884659906607,567,80.66,11:08:46.511
159974698453846068,568,56.41,11:08:46.516
160213051958904889,569,31.31,11:08:46.521
160589583151810622,570,86.64,11:08:46.526
160841560293132355,571,69.47,11:08:46.531
161071134885038152,572,39.26,11:08:46.536
161393360511453261,573,62.98,11:08:46.541
161626955192748114,574,35.11,11:08:46.546
161961962641836119,575,66.27,11:08:46.551
162250172127266908,576,70.19,11:08:46.556
162433275173029985,577,12.93,11:08:46.561
162833583304886374,578,82.1,11:08:46.566
163009865942583403,579,20.87,11:08:46.571
163360713231059056,580,61.25,11:08:46.576
163561717700511861,581,14.41,11:08:46.581
163843759612905594,582,14.74,11:08:46.586
164112040450082943,583,7.06,11:08:46.591
164504583281068164,584,71.71,11:08:46.596
164788411899857033,585,73.08,11:08:46.601
165078528350767246,586,78.11,11:08:46.606
165260823942678675,587,20.38,11:08:46.611
165595779852159128,588,51.51,11:08:46.616
165935992801609885,589,85.7,11:08:46.621
166144865651148962,590,43.44,11:08:46.626
166457281572260007,591,61.45,11:08:46.631
166792632618731692,592,92.81,11:08:46.636
166924144517335217,593,5.52,11:08:46.641
167266968806901942,594,41.23,11:08:46.646
167568767568857275,595,53.06,11:08:46.651
167763827803572416,596,2.76,11:08:46.656
168203821433243845,597,95.03,11:08:46.661
168349283385624778,598,15.86,11:08:46.666
168744265758034127,599,81.93,11:08:46.671
168910893309249748,600,15.08,11:08:46.676
169237894939298009,601,41.58,11:08:46.681
169548403894929630,602,58.48,11:08:46.686
169893135149975779,603,95.3,11:08:46.691
170085618404313320,604,43.5,11:08:46.696
170340911260387565,605,28.26,11:08:46.701
170618572306139378,606,26.04,11:08:46.706
170967426729789687,607,65.26,11:08:46.711
171150839013198076,608,8.18,11:08:46.716
171519639264971009,609,59.01,11:08:46.721
171823688589789446,610,72.15,11:08:46.726
172121690600655115,611,81.77,11:08:46.731
172433075729615120,612,99.18,11:08:46.736
172684829532637461,613,81.88,11:08:46.741
172859531622369562,614,19.73,11:08:46.746
173268756106332447,615,94.09,11:08:46.751
173477766394824996,616,51.91,11:08:46.756
173820865562298665,617,87.78,11:08:46.761
174000240576448814,618,28.35,11:08:46.766
174374091709761843,619,82.12,11:08:46.771
174593289660680504,620,45.87,11:08:46.776
174812934288197949,621,9.88,11:08:46.781
175187077479287106,622,63.82,11:08:46.786
175405450796484935,623,27.09,11:08:46.791
175659781579884876,624,11.29,11:08:46.796
175965892489005393,625,25.63,11:08:46.801
176372024596515158,626,98.19,11:08:46.806
176612989441689947,627,74.61,11:08:46.811
176920199862438240,628,89.59,11:08:46.816
177084353512491365,629,21.3,11:08:46.821
177351174060788074,630,12.77,11:08:46.826
177702038529132911,631,53.16,11:08:46.831
177979459056716148,632,50.8,11:08:46.836
178200907570497913,633,15.86,11:08:46.841
178530417461447038,634,43.82,11:08:46.846
178855134168893827,635,68.99,11:08:46.851
179022053777885576,636,2.31,11:08:46.856
179379412236781965,637,46.48,11:08:46.861
179699163962034578,638,68.76,11:08:46.866
179975089840998807,639,65.53,11:08:46.871
180254417334061468,640,64.28,11:08:46.876
180587139860548001,641,94.11,11:08:46.881
180757289284946342,642,29.31,11:08:46.886
181091918776912299,643,60.25,11:08:46.891
181283062001453488,644,7.67,11:08:46.896
181562028717263285,645,6.21,11:08:46.901
181843074197244346,646,5.96,11:08:46.906
182131988057311679,647,10.29,11:08:46.911
182519033330158020,648,71.74,11:08:46.916
182725724336310729,649,28.21,11:08:46.921
183128935866059214,650,99.07,11:08:46.926
183332843733404115,651,53.92,11:08:46.931
183546595665791448,652,14.5,11:08:46.936
183859234925201885,653,32.64,11:08:46.941
184120076879022562,654,20.63,11:08:46.946
184454053535959527,655,51.19,11:08:46.951
184659937088260588,656,7.19,11:08:46.956
184941343345494513,657,7.15,11:08:46.961
185358487749151222,658,86.12,11:08:46.966
185660973705873915,659,98.35,11:08:46.971
185810507287251456,660,21.55,11:08:46.976
186058876656044549,661,2.28,11:08:46.981
186380982023375370,662,25.93,11:08:46.986
186777974440479247,663,93.17,11:08:46.991
186961781860878868,664,36.32,11:08:46.996
187339893601749529,665,92.57,11:08:47.001
187503256977820190,666,23.82,11:08:47.006
187905283096594979,667,93.99,11:08:47.011
188117420121279016,668,53.63,11:08:47.016
188390854919211565,669,48.95,11:08:47.021
188722099976948274,670,77.92,11:08:47.026
188901474991098423,671,18.49,11:08:47.031
189273281719978556,672,71.07,11:08:47.036
189486020040084033,673,31.06,11:08:47.041
189728891850738246,674,8.59,11:08:47.046
190065393948445259,675,40.62,11:08:47.051
190278922542533200,676,1.07,11:08:47.056
190595942668585557,677,21.76,11:08:47.061
190852249136941658,678,7.11,11:08:47.066
191164269921061471,679,24.89,11:08:47.071
191488333793479268,680,49.68,11:08:47.076
191818874476579433,681,78.24,11:08:47.081
192082241871170158,682,67.7,11:08:47.086
192357446195628659,683,64.05,11:08:47.091
192623957506280056,684,55.34,11:08:47.096
192883888927033981,685,42.8,11:08:47.101
193210014383753858,686,68.79,11:08:47.106
193389269138819719,687,9.29,11:08:47.111
193738346900769420,688,48.64,11:08:47.116
194080295017007761,689,83.84,11:08:47.121
194248571835665046,690,17.95,11:08:47.126
194528397544934043,691,16.99,11:08:47.131
194821417393736352,692,23.71,11:08:47.136
195196350858807973,693,78.11,11:08:47.141
195448963655289514,694,61.31,11:08:47.146
195735180275894959,695,64.07,11:08:47.151
196005247819467444,696,57.43,11:08:47.156
196292495232223929,697,60.79,11:08:47.161
196573008136260286,698,60.23,11:08:47.166
196911262580624067,699,93.28,11:08:47.171
197151505871293128,700,69.28,11:08:47.176
197334677636532941,701,12.06,11:08:47.181
197662418000956114,702,38.99,11:08:47.186
197899379936611031,703,13.08,11:08:47.191
198216417242532572,704,33.78,11:08:47.196
198537405918366433,705,56.78,11:08:47.201
198755246659619558,706,19.74,11:08:47.206
199157083799833323,707,89.8,11:08:47.211
199427804178434800,708,83.54,11:08:47.216
199657224151517941,709,53.24,11:08:47.221
199882538135866106,710,20.55,11:08:47.226
200284650153986815,711,90.77,11:08:47.231
200448219688487684,712,22.14,11:08:47.236
200714902797830921,713,13.53,11:08:47.241
200974404721855246,714,0.74,11:08:47.246
201300633257790227,715,26.79,11:08:47.251
201554208126946072,716,10.55,11:08:47.256
201953433927043869,717,79.09,11:08:47.261
202140213464812322,718,23.97,11:08:47.266
202486387828869927,719,61.63,11:08:47.271
202741285547952940,720,46.16,11:08:47.276
203084968830978865,721,82.37,11:08:47.281
203240841784085302,722,9.26,11:08:47.286
203577739018783547,723,41.52,11:08:47.291
203928259889744704,724,81.71,11:08:47.296
204191111888259909,725,70.87,11:08:47.301
204514282407480138,726,95.14,11:08:47.306
204662252620761935,727,17.43,11:08:47.311
204924589223201620,728,6.29,11:08:47.316
205219773735521113,729,14.27,11:08:47.321
205610821917887326,730,78.05,11:08:47.326
205836221801581411,731,45.41,11:08:47.331
206072015506131816,732,18.82,11:08:47.336
206451106499545965,733,75.64,11:08:47.341
206664875611802482,734,36.23,11:08:47.346
207031631459142519,735,85.87,11:08:47.351
207182865847569276,736,10.06,11:08:47.356
207578775932914561,737,76.67,11:08:47.361
207817507395095430,738,51.79,11:08:47.366
208095993074568075,739,50.05,11:08:47.371
208297753458264976,740,3.65,11:08:47.376
208738314023619477,741,96.25,11:08:47.381
208886988611537818,742,18.95,11:08:47.386
209154066857872287,743,10.57,11:08:47.391
209490156638718884,744,42.36,11:08:47.396
209719370453371817,745,11.94,11:08:47.401
210056645645192110,746,44.42,11:08:47.406
210392271569570739,747,75.94,11:08:47.411
210559362977254328,748,9.36,11:08:47.416
210834343963413437,749,5.58,11:08:47.421
211149457123986370,750,25.16,11:08:47.426
211473916133395399,751,50.18,11:08:47.431
211763517188230092,752,54.91,11:08:47.436
211993521276865489,753,24.95,11:08:47.441
212332669074426838,754,58.52,11:08:47.446
212541765262265307,755,16.39,11:08:47.451
212795185512598496,756,0.06,11:08:47.456
213247462748736485,757,99.48,11:08:47.461
213416100344646634,758,33.8,11:08:47.466
213674124799921135,759,20.15,11:08:47.471
213963365077502964,760,24.67,11:08:47.476
214265868214094841,761,36.91,11:08:47.481
214583816053083134,762,58.14,11:08:47.486
214876750002539523,763,64.81,11:08:47.491
215149136828451848,764,59.52,11:08:47.496
215445695730306061,765,68.3,11:08:47.501
215614230247001106,766,2.56,11:08:47.506
216021702384307223,767,75.9,11:08:47.511
216222414795983900,768,28.89,11:08:47.516
216557078647688225,769,59.85,11:08:47.521
216785742706527270,770,29.11,11:08:47.526
217020969475394603,771,2.19,11:08:47.531
217330018142145584,772,18.24,11:08:47.536
217615032171908149,773,20.3,11:08:47.541
217911092857556026,774,28.79,11:08:47.546
218201501366242367,775,33.99,11:08:47.551
218496290741570628,776,41.74,11:08:47.556
218733407296048201,777,15.92,11:08:47.561
219073551526022222,778,50.07,11:08:47.566
219417750205123667,779,86.58,11:08:47.571
219663250535763032,780,65.64,11:08:47.576
219899319118220381,781,39.21,11:08:47.581
220188095539334242,782,43.46,11:08:47.586
220441756307836007,783,27.27,11:08:47.591
220741459125750892,784,37.88,11:08:47.596
221107630857538673,785,87.18,11:08:47.601
221389930467970166,786,87.66,11:08:47.606
221674154223750267,787,89.26,11:08:47.611
221926440602717312,788,72.27,11:08:47.616
222206884787276933,789,71.67,11:08:47.621
222394196900990090,790,16.86,11:08:47.626
222808781504138383,791,94.34,11:08:47.631
223001367837691028,792,42.6,11:08:47.636
223256969931410585,793,27.54,11:08:47.641
223632126734781598,794,82.07,11:08:47.646
223801073568337059,795,16.57,11:08:47.651
224065351495994536,796,6.56,11:08:47.656
224357254653299885,797,12.63,11:08:47.661
224653195079863474,798,21.05,11:08:47.666
224994352922119351,799,55.79,11:08:47.671
225276240215690428,800,56.03,11:08:47.676
225551822497270977,801,52.6,11:08:47.681
225908837358783686,802,96.57,11:08:47.686
226157601864568011,803,77.53,11:08:47.691
226357901959384272,804,30.28,11:08:47.696
226613847650487509,805,15.42,11:08:47.701
226986083876097242,806,68.25,11:08:47.706
227273365648592095,807,71.63,11:08:47.711
227462189590793444,808,17.7,11:08:47.716
227727326511910121,809,8.19,11:08:47.721
228047816971537646,810,30.9,11:08:47.726
228392462327237875,811,67.67,11:08:47.731
228610182809406712,812,30.56,11:08:47.736
228878996222528765,813,23.19,11:08:47.741
229264375048064258,814,83.67,11:08:47.746
229570984173391111,815,98.3,11:08:47.751
229731547230784780,816,27.92,11:08:47.756
230038723291794705,817,42.88,11:08:47.761
230317707187473686,818,41.43,11:08:47.766
230535977425456411,819,4.64,11:08:47.771
230843239385812256,820,19.65,11:08:47.776
231248718658293029,821,91.83,11:08:47.781
231501400174251306,822,75.07,11:08:47.786
231687131739999535,823,19.34,11:08:47.791
231952818416930100,824,10.15,11:08:47.796
232334726908890425,825,68.61,11:08:47.801
232542603326016830,826,25.77,11:08:47.806
232887042523286851,827,62.42,11:08:47.811
233189992336477512,828,74.92,11:08:47.816
233395652550479181,829,30.79,11:08:47.821
233718754350222674,830,55.02,11:08:47.826
233947521488276823,831,24.34,11:08:47.831
234243788332354908,832,32.95,11:08:47.836
234522188112481633,833,31.16,11:08:47.841
234775574003076454,834,14.81,11:08:47.846
235140680582974827,835,63.49,11:08:47.851
235315193694145904,836,1.23,11:08:47.856
235630461473541493,837,20.9,11:08:47.861
236031697318333818,838,90.61,11:08:47.866
236303671827385727,839,85.08,11:08:47.871
236597619389123972,840,92.34,11:08:47.876
236872789353844105,841,88.67,11:08:47.881
237071148123442574,842,40.29,11:08:47.886
237445428753485203,843,94.31,11:08:47.891
237585461867203992,844,11.98,11:08:47.896
237904715376250269,845,33.97,11:08:47.901
238144357371497890,846,9.62,11:08:47.906
238516026661424551,847,62.12,11:08:47.911
238774875750419884,848,48.95,11:08:47.916
239039291117030833,849,39.02,11:08:47.921
239265962311044534,850,7.12,11:08:47.926
239642562223427003,851,62.49,11:08:47.931
239987757334941120,852,99.58,11:08:47.936
240139575838920133,853,24.11,11:08:47.941
240449054002400714,854,40.41,11:08:47.946
240776760007085519,855,67.32,11:08:47.951
241029939739250132,856,50.85,11:08:47.956
241392950375108057,857,98.31,11:08:47.961
241654599782780382,858,86.77,11:08:47.966
241957137279110627,859,99.03,11:08:47.971
242100967143919080,860,18.91,11:08:47.976
242451402115534317,861,59.05,11:08:47.981
242704616207437298,862,42.6,11:08:47.986
243030329347296759,863,68.35,11:08:47.991
243361900822547964,864,97.51,11:08:47.996
243541533534735873,865,38.23,11:08:48.001
243848692415876614,866,53.18,11:08:48.006
244137571916205579,867,57.49,11:08:48.011
244456447468129808,868,79.26,11:08:48.016
244619793664331285,869,10.5,11:08:48.021
244910666029485594,870,15.97,11:08:48.026
245316299920789023,871,88.24,11:08:48.031
245558587615890980,872,65.43,11:08:48.036
245876672893832745,873,86.74,11:08:48.041
246115644874182190,874,62.0,11:08:48.046
246303266225540659,875,7.37,11:08:48.051
246703591537266232,876,76.55,11:08:48.056
246881574982012477,877,16.31,11:08:48.061
247257796937272898,878,71.46,11:08:48.066
247468989069151815,879,30.55,11:08:48.071
247813325187206732,880,67.14,11:08:48.076
248130980968418897,881,88.2,11:08:48.081
248429756073397846,882,98.27,11:08:48.086
248550685172584027,883,4.82,11:08:48.091
248907373616582240,884,48.6,11:08:48.096
249191288134717029,885,50.02,11:08:48.101
249439159287303786,886,30.46,11:08:48.106
249679007440981615,887,6.23,11:08:48.111
249992041837383284,888,24.6,11:08:48.116
250328767273389689,889,56.76,11:08:48.121
250561623220309630,890,28.46,11:08:48.126
250806453536050819,891,7.13,11:08:48.131
251106448411741832,892,17.91,11:08:48.136
251435477266353805,893,45.59,11:08:48.141
251749267576999570,894,64.4,11:08:48.146
251970424033005207,895,29.29,11:08:48.151
252227074098744988,896,14.84,11:08:48.156
252648152692444833,897,96.1,11:08:48.161
252919440006729382,898,90.17,11:08:48.166
253049543156059819,899,2.06,11:08:48.171
253382196963069616,900,31.85,11:08:48.176
253756030916513461,901,85.61,11:08:48.181
254038845923020474,902,86.39,11:08:48.186
254287885306711743,903,67.51,11:08:48.191
254517185020710596,904,37.14,11:08:48.196
254865867645669065,905,76.26,11:08:48.201
255055035185254094,906,22.53,11:08:48.206
255424041595457235,907,73.48,11:08:48.211
255682907864321752,908,60.32,11:08:48.216
256023189533249245,909,94.55,11:08:48.221
256209316235988706,910,39.05,11:08:48.226
256539049465237223,911,67.14,11:08:48.231
256817655403794156,912,65.47,11:08:48.236
257080936899038961,913,54.88,11:08:48.241
257271203950251766,914,1.79,11:08:48.246
257666409660960507,915,67.99,11:08:48.251
257965201945808640,916,78.07,11:08:48.256
258226284417797893,917,66.2,11:08:48.261
258420176421408522,918,15.22,11:08:48.266
258839468308713231,919,95.44,11:08:48.271
259119568895889172,920,94.64,11:08:48.276
259388485388226329,921,87.33,11:08:48.281
259578786799177502,922,34.26,11:08:48.286
259907970272612131,923,62.03,11:08:48.291
260229508704259880,924,85.35,11:08:48.296
260497480303791917,925,77.49,11:08:48.301
260813624256515890,926,97.67,11:08:48.306
260992672853151543,927,38.05,11:08:48.311
261214138546802492,928,3.12,11:08:48.316
261641041116155713,929,87.77,11:08:48.321
261798889754218310,930,15.81,11:08:48.326
262126578579033931,931,42.71,11:08:48.331
262360671476535120,932,15.13,11:08:48.336
262732942061883221,933,67.98,11:08:48.341
262941677472468826,934,25.64,11:08:48.346
263217517452087135,935,22.36,11:08:48.351
263476933476765540,936,9.52,11:08:48.356
263831749315022697,937,52.21,11:08:48.361
264161843321524078,938,80.51,11:08:48.366
264386074974113651,939,47.19,11:08:48.371
264604156233535352,940,10.29,11:08:48.376
264977629409726333,941,63.84,11:08:48.381
265155956451856258,942,3.8,11:08:48.386
265524516185460615,943,54.49,11:08:48.391
265794944506285964,944,48.06,11:08:48.396
266064719992082321,945,41.25,11:08:48.401
266383062968061846,946,62.71,11:08:48.406
266666719788158875,947,63.98,11:08:48.411
266921669046849440,948,48.54,11:08:48.416
267230563094777765,949,64.5,11:08:48.421
267535918089654186,950,78.4,11:08:48.426
267822220609605551,951,81.21,11:08:48.431
268131217736748980,952,97.23,11:08:48.436
268402127093911481,953,91.08,11:08:48.441
268685302877671358,954,92.07,11:08:48.446
268976587559686083,955,97.78,11:08:48.451
269119489711558600,956,17.12,11:08:48.456
269376088237690829,957,2.64,11:08:48.461
269720733593391058,958,39.41,11:08:48.466
270070601629323223,959,79.22,11:08:48.471
270267225232134108,960,29.83,11:08:48.476
270542824693583841,961,26.41,11:08:48.481
270911899823263718,962,77.4,11:08:48.486
271086911150641131,963,15.43,11:08:48.491
271367475594285040,964,14.9,11:08:48.496
271679238680367093,965,32.53,11:08:48.501
272006240310415354,966,59.03,11:08:48.506
272252685533859839,967,38.64,11:08:48.511
272501931075981316,968,19.88,11:08:48.516
272828949885898761,969,46.39,11:08:48.521
273060946839359502,970,17.59,11:08:48.526
273483812139454483,971,99.89,11:08:48.531
273618725652156440,972,14.58,11:08:48.536
273892727385772061,973,10.23,11:08:48.541
274172329756741666,974,9.14,11:08:48.546
274556076494704679,975,68.67,11:08:48.551
274722223009583148,976,1.54,11:08:48.556
275124266308227121,977,71.72,11:08:48.561
275357208154492982,978,43.47,11:08:48.566
275596025516019771,979,18.64,11:08:48.571
275997227001073728,980,88.33,11:08:48.576
276279801489412165,981,88.97,11:08:48.581
276564042425061450,982,90.58,11:08:48.586
276694557891252303,983,2.71,11:08:48.591
277055111805816916,984,48.74,11:08:48.596
277411800249815129,985,92.52,11:08:48.601
277668501855162462,986,78.1,11:08:48.606
277930512040087651,987,66.77,11:08:48.611
278200871641436264,988,60.3,11:08:48.616
278541496907747437,989,94.73,11:08:48.621
278676942996394098,990,9.73,11:08:48.626
279023735835742327,991,47.75,11:08:48.631
279320311917465724,992,56.54,11:08:48.636
279584555485384833,993,46.51,11:08:48.641
279893294914490502,994,62.38,11:08:48.646
280213613575426187,995,84.99,11:08:48.651
280368163678605456,996,11.11,11:08:48.656
280721175630598293,997,52.75,11:08:48.661
281028059633832090,998,67.54,11:08:48.666
281195219760992415,999,1.0,11:08:48.671
281542648255500452,1000,39.39,11:08:48.676
281792873050165417,1001,21.2,11:08:48.681
282075962934579374,1002,22.14,11:08:48.686
282390577878945971,1003,41.43,11:08:48.691
282721084202307768,1004,69.97,11:08:48.696
282887574314569917,1005,3.04,11:08:48.701
283261425447882946,1006,56.81,11:08:48.706
283507784771981511,1007,36.37,11:08:48.711
283884848540831948,1008,92.01,11:08:48.716
284113684398362833,1009,61.37,11:08:48.721
284322299549864150,1010,18.96,11:08:48.726
284662976355782875,1011,53.42,11:08:48.731
284876814187516128,1012,14.05,11:08:48.736
285170693029777637,1013,21.27,11:08:48.741
285578835181981930,1014,95.0,11:08:48.746
285715913358201071,1015,10.95,11:08:48.751
286055387573276916,1016,44.71,11:08:48.756
286359900754563321,1017,58.12,11:08:48.761
286548896495456510,1018,4.29,11:08:48.766
286937195898753283,1019,66.47,11:08:48.771
287137667792261384,1020,19.32,11:08:48.776
287491057701376269,1021,61.18,11:08:48.781
287667632396849426,1022,0.12,11:08:48.786
287962232793616663,1023,7.76,11:08:48.791
288326634998878492,1024,56.03,11:08:48.796
288619723567157537,1025,62.79,11:08:48.801
288921883106365734,1026,74.83,11:08:48.806
289087016008962347,1027,7.11,11:08:48.811
289515189888635184,1028,92.5,11:08:48.816
289803657072103733,1029,96.57,11:08:48.821
289963773452898618,1030,25.93,11:08:48.826
290344599613100351,1031,83.76,11:08:48.831
290625627913212228,1032,83.5,11:08:48.836
290830858630484297,1033,39.12,11:08:48.841
291196154188943694,1034,87.91,11:08:48.846
291411349230342483,1035,49.33,11:08:48.851
291718284773183832,1036,64.15,11:08:48.856
291895598203031901,1037,3.52,11:08:48.861
292340436555813218,1038,98.61,11:08:48.866
292606947866464615,1039,89.9,11:08:48.871
292805461254885740,1040,41.61,11:08:48.876
293106057425998193,1041,52.74,11:08:48.881
293449345572032886,1042,88.72,11:08:48.886
293607262929572219,1043,16.8,11:08:48.891
293935518690070912,1044,44.03,11:08:48.896
294310812932395397,1045,98.64,11:08:48.901
294496097821544842,1046,42.65,11:08:48.906
294816571101303183,1047,65.35,11:08:48.911
295109625309843860,1048,72.09,11:08:48.916
295421113518018969,1049,89.56,11:08:48.921
295615933234565534,1050,39.12,11:08:48.926
295885468202193315,1051,32.17,11:08:48.931
296150038187626920,1052,22.33,11:08:48.936
296422734251184557,1053,17.22,11:08:48.941
296743035732251058,1054,39.82,11:08:48.946
297074263610118583,1055,68.78,11:08:48.951
297353470844096956,1056,67.46,11:08:48.956
297665989844423105,1057,85.53,11:08:48.961
297838802148544966,1058,22.28,11:08:48.966
298199081185202635,1059,68.15,11:08:48.971
298531683452604880,1060,97.91,11:08:48.976
298664363582312917,1061,11.3,11:08:48.981
299053985835536858,1062,74.25,11:08:48.986
299264507952517599,1063,32.95,11:08:48.991
299500748333666788,1064,6.62,11:08:48.996
299803062491697641,1065,18.75,11:08:49.001
300120838531994094,1066,39.88,11:08:49.006
300346702272156147,1067,7.51,11:08:49.011
300762283307717112,1068,85.57,11:08:49.016
301056935244091901,1069,93.24,11:08:49.021
301253988343632386,1070,44.1,11:08:49.026
301486535052907015,1071,15.62,11:08:49.031
301796614511809036,1072,32.27,11:08:49.036
302086473264681489,1073,37.15,11:08:49.041
302443659924886038,1074,81.22,11:08:49.046
302629683548410395,1075,25.66,11:08:49.051
302994618329616928,1076,74.24,11:08:49.056
303243245396447781,1077,55.12,11:08:49.061
303554115129332266,1078,72.23,11:08:49.066
303773742576980527,1079,36.23,11:08:49.071
304031285995917876,1080,22.3,11:08:49.076
304361946938102329,1081,50.93,11:08:49.081
304672593332687422,1082,67.91,11:08:49.086
304994750239625795,1083,91.59,11:08:49.091
305132120473621064,1084,7.71,11:08:49.096
305507019578954317,1085,62.09,11:08:49.101
305698557940486738,1086,9.74,11:08:49.106
306036485967336023,1087,42.6,11:08:49.111
306272262492017244,1088,16.0,11:08:49.116
306661867565372001,1089,78.94,11:08:49.121
306881666811712102,1090,43.04,11:08:49.126
307235245699388011,1091,85.01,11:08:49.131
307484937918108272,1092,66.51,11:08:49.136
307779314976576117,1093,74.02,11:08:49.141
308024231191663226,1094,52.74,11:08:49.146
308254166560821887,1095,22.74,11:08:49.151
308532291463041668,1096,20.79,11:08:49.156
308865288867435145,1097,50.78,11:08:49.161
309218317999297166,1098,92.43,11:08:49.166
309417449863008915,1099,44.5,11:08:49.171
309722444080632472,1100,58.19,11:08:49.176
310029173465043613,1101,72.89,11:08:49.181
310351175753159330,1102,96.48,11:08:49.186
310503784531120807,1103,21.47,11:08:49.191
310782046872294060,1104,19.6,11:08:49.196
311103482224726705,1105,42.86,11:08:49.201
311433060835152566,1106,70.86,11:08:49.206
311598571694871227,1107,3.36,11:08:49.211
311948817687925440,1108,43.39,11:08:49.216
312181828253668037,1109,15.18,11:08:49.221
312578167835742922,1110,82.04,11:08:49.226
312730656354620111,1111,6.96,11:08:49.231
313122030954500820,1112,70.93,11:08:49.236
313298244872721113,1113,9.66,11:08:49.241
313676494052545246,1114,65.99,11:08:49.246
313924193406440163,1115,46.33,11:08:49.251
314174899237442280,1116,28.42,11:08:49.256
314440225137119981,1117,19.02,11:08:49.261
314847542655603442,1118,92.27,11:08:49.266
315067152923382519,1119,56.26,11:08:49.271
315390237543256828,1120,80.48,11:08:49.276
315580727932769025,1121,27.52,11:08:49.281
315923741200896774,1122,63.34,11:08:49.286
316195509551518475,1123,57.69,11:08:49.291
316411735385068304,1124,19.71,11:08:49.296
316830202638652181,1125,99.45,11:08:49.301
317052321167332122,1126,64.9,11:08:49.306
317343073273402143,1127,70.3,11:08:49.311
317525987340604196,1128,12.93,11:08:49.316
317879188271158057,1129,54.68,11:08:49.321
318207289412834094,1130,81.82,11:08:49.326
318391938646823731,1131,25.46,11:08:49.331
318775204348449592,1132,84.71,11:08:49.336
318945216333894461,1133,19.83,11:08:49.341
319224165869835074,1134,18.36,11:08:49.346
319497171171038023,1135,13.43,11:08:49.351
319906275395916620,1136,87.72,11:08:49.356
320135403311223633,1137,57.25,11:08:49.361
320489927091704662,1138,99.77,11:08:49.366
320711925361300315,1139,65.15,11:08:49.371
320933665932858208,1140,30.38,11:08:49.376
321198356177376101,1141,20.61,11:08:49.381
321601516167517034,1142,91.44,11:08:49.386
321823583156589423,1143,56.86,11:08:49.391
322011238867686260,1144,2.25,11:08:49.396
322415893506446201,1145,73.95,11:08:49.401
322702591163388798,1146,76.99,11:08:49.406
322992329657176963,1147,81.8,11:08:49.411
323243087027786632,1148,63.92,11:08:49.416
323486061917655949,1149,41.51,11:08:49.421
323798701177066386,1150,59.65,11:08:49.426
324009240473916311,1151,18.36,11:08:49.431
324323632079983516,1152,37.52,11:08:49.436
324609075606475681,1153,39.83,11:08:49.441
324966966641316774,1154,84.31,11:08:49.446
325225403413451691,1155,70.9,11:08:49.451
325546254650332080,1156,93.82,11:08:49.456
325754079527850933,1157,50.95,11:08:49.461
325990904024552378,1158,24.96,11:08:49.466
326306807459107775,1159,45.0,11:08:49.471
326674954875851716,1160,95.45,11:08:49.476
326880082513908681,1161,51.01,11:08:49.481
327118882695566286,1162,26.17,11:08:49.486
327471533870306259,1163,67.6,11:08:49.491
327805304368813016,1164,98.04,11:08:49.496
328009057617335261,1165,52.8,11:08:49.501
328293453171807202,1166,54.5,11:08:49.506
328515210923234279,1167,19.74,11:08:49.511
328904541118682092,1168,82.52,11:08:49.516
329164180481659889,1169,69.81,11:08:49.521
329371747661140982,1170,26.79,11:08:49.526
329615134867870715,1171,4.62,11:08:49.531
329953234693411840,1172,37.58,11:08:49.536
330270804575278085,1173,58.59,11:08:49.541
330569133003658250,1174,68.4,11:08:49.546
330801937410970639,1175,40.07,11:08:49.551
331083137509774356,1176,39.91,11:08:49.556
331313055699063833,1177,9.9,11:08:49.561
331601333903971358,1178,13.86,11:08:49.566
331948178282927139,1179,51.91,11:08:49.571
332303492337390632,1180,94.89,11:08:49.576
332514134713455661,1181,53.66,11:08:49.581
332851822222136370,1182,86.38,11:08:49.586
333046676298421303,1183,35.96,11:08:49.591
333365946987336764,1184,57.96,11:08:49.596
333702277286351937,1185,89.89,11:08:49.601
333935167593010246,1186,61.61,11:08:49.606
334209272405840971,1187,57.32,11:08:49.611
334420876854580304,1188,16.65,11:08:49.616
334744116093277269,1189,40.96,11:08:49.621
334956527995868250,1190,0.76,11:08:49.626
335376077581210719,1191,81.13,11:08:49.631
335586324820284516,1192,39.67,11:08:49.636
335806124066624617,1193,3.77,11:08:49.641
336237544941573230,1194,91.05,11:08:49.646
336526201103602803,1195,95.23,11:08:49.651
336668192722408568,1196,14.04,11:08:49.656
337058553710007421,1197,77.42,11:08:49.661
337356624440349826,1198,87.08,11:08:49.666
337507498051523719,1199,11.06,11:08:49.671
337832077320017036,1200,36.15,11:08:49.676
338147156120851601,1201,55.71,11:08:49.681
338435142267982998,1202,59.5,11:08:49.686
338738779275941019,1203,72.4,11:08:49.691
338907382512112800,1204,6.7,11:08:49.696
339285597332198565,1205,63.01,11:08:49.701
339519947927737514,1206,35.58,11:08:49.706
339861037050516655,1207,70.28,11:08:49.711
340167422837544116,1208,84.78,11:08:49.716
340327659477423289,1209,14.21,11:08:49.721
340585563673613502,1210,0.49,11:08:49.726
340880645106717891,1211,8.41,11:08:49.731
341214793562346696,1212,39.07,11:08:49.736
341520200096830669,1213,53.0,11:08:49.741
341829592360965330,1214,69.25,11:08:49.746
342069148456867031,1215,44.85,11:08:49.751
342300028718830812,1216,15.4,11:08:49.756
342641839396115681,1217,50.52,11:08:49.761
342945098446951654,1218,63.2,11:08:49.766
343151205337552107,1219,19.33,11:08:49.771
343402478104237296,1220,1.75,11:08:49.776
343734685234648309,1221,31.28,11:08:49.781
344060638892676346,1222,57.17,11:08:49.786
344328541772731647,1223,49.27,11:08:49.791
344580587633530116,1224,32.14,11:08:49.796
344932946750493961,1225,73.4,11:08:49.801
345152591378011406,1226,37.41,11:08:49.806
345381169537504531,1227,6.62,11:08:49.811
345755398627939608,1228,60.61,11:08:49.816
346084685180589341,1229,88.44,11:08:49.821
346289915897861410,1230,44.06,11:08:49.826
346640093171438887,1231,84.05,11:08:49.831
346880954937398572,1232,60.41,11:08:49.836
347197339408291121,1233,80.73,11:08:49.841
347375357212775734,1234,20.51,11:08:49.846
347750239138239803,1235,74.88,11:08:49.851
348040063531373888,1236,79.74,11:08:49.856
348210419114202437,1237,15.06,11:08:49.861
348584699744245066,1238,69.08,11:08:49.866
348905241743480143,1239,91.82,11:08:49.871
349086575262717268,1240,33.53,11:08:49.876
349416325671834969,1241,61.63,11:08:49.881
349727573361841502,1242,78.96,11:08:49.886
349976028629980515,1243,59.74,11:08:49.891
350244361006765416,1244,52.09,11:08:49.896
350570349024531821,1245,78.0,11:08:49.901
350769996284319090,1246,30.37,11:08:49.906
351074629724689783,1247,43.85,11:08:49.911
351432658198484348,1248,88.41,11:08:49.916
351654106712266113,1249,53.47,11:08:49.921
351949875340137862,1250,61.79,11:08:49.926
352279264972002699,1251,89.68,11:08:49.931
352415466974893456,1252,5.12,11:08:49.936
352699140974859669,1253,6.4,11:08:49.941
353128586164852122,1254,92.53,11:08:49.946
353345911510029727,1255,55.19,11:08:49.951
353559113686603172,1256,15.45,11:08:49.956
353897780447827369,1257,48.74,11:08:49.961
354243095818425774,1258,85.9,11:08:49.966
354435407274071475,1259,34.0,11:08:49.971
354730986923382200,1260,42.21,11:08:49.976
354966316771464637,1261,15.35,11:08:49.981
355274798502532546,1262,31.07,11:08:49.986
355649113492313543,1263,85.11,11:08:49.991
355944899300054476,1264,93.44,11:08:49.996
356082544411956689,1265,9.72,11:08:50.001
356383776238228950,1266,21.22,11:08:50.006
356737836162242011,1267,63.47,11:08:50.011
357053275740329440,1268,83.24,11:08:50.016
357282781612758501,1269,52.99,11:08:50.021
357600609192662506,1270,74.15,11:08:50.026
357838893978244591,1271,49.01,11:08:50.031
358073742789989876,1272,21.87,11:08:50.036
358378616748529145,1273,35.49,11:08:50.041
358634528079894014,1274,20.61,11:08:50.046
358892844592944643,1275,7.13,11:08:50.051
359332546164839944,1276,99.23,11:08:50.056
359476444749125133,1277,19.15,11:08:50.061
359770323591386642,1278,26.37,11:08:50.066
360048414133868055,1279,24.4,11:08:50.071
360372701344585244,1280,49.32,11:08:50.076
360652149096732193,1281,48.14,11:08:50.081
361018011590874662,1282,97.26,11:08:50.086
361145486220219947,1283,7.62,11:08:50.091
361443539770693168,1284,17.27,11:08:50.096
361780488544998965,1285,49.56,11:08:50.101
362097955347650106,1286,70.51,11:08:50.106
362355704925017663,1287,56.7,11:08:50.111
362586602366850628,1288,27.26,11:08:50.116
362866702954026569,1289,26.46,11:08:50.121
363179977868596814,1290,44.97,11:08:50.126
363464682660714067,1291,46.85,11:08:50.131
363693020302038616,1292,15.92,11:08:50.136
363965974063634013,1293,10.96,11:08:50.141
364392636114818658,1294,95.47,11:08:50.146
364606284967990887,1295,55.99,11:08:50.151
364858262109312620,1296,38.82,11:08:50.156
365105892743730801,1297,19.12,11:08:50.161
365416075281847926,1298,35.83,11:08:50.166
365692310398457467,1299,32.78,11:08:50.171
365934735532512896,1300,10.05,11:08:50.176
366317606097147525,1301,69.07,11:08:50.181
366488803493566090,1302,4.88,11:08:50.186
366776875540043407,1303,8.72,11:08:50.191
367179485774370452,1304,79.23,11:08:50.196
367382105151526553,1305,33.33,11:08:50.201
367680553838991006,1306,43.21,11:08:50.206
367996886770276003,1307,63.5,11:08:50.211
368287295278962344,1308,68.7,11:08:50.216
368456499810555565,1309,3.35,11:08:50.221
368750052235302578,1310,10.38,11:08:50.226
369105400649504439,1311,53.38,11:08:50.231
369336006033561276,1312,23.77,11:08:50.236
369631276445226689,1313,31.8,11:08:50.241
369859201769690822,1314,0.63,11:08:50.246
370225493760562891,1315,50.0,11:08:50.251
370470341256173264,1316,28.68,11:08:50.256
370798133160203989,1317,55.64,11:08:50.261
371049320027543258,1318,38.01,11:08:50.266
371395013355263711,1319,75.39,11:08:50.271
371552655834896100,1320,3.31,11:08:50.276
371982856939132649,1321,89.88,11:08:50.281
372219853234525934,1322,63.99,11:08:50.286
372515965459781363,1323,72.51,11:08:50.291
372738479125452536,1324,38.19,11:08:50.296
373012154441553661,1325,33.65,11:08:50.301
373315997607941890,1326,46.67,11:08:50.306
373608725398968071,1327,53.22,11:08:50.311
373921880054454028,1328,71.66,11:08:50.316
374144084482479889,1329,37.16,11:08:50.321
374463801847994134,1330,59.42,11:08:50.326
374792761983129371,1331,87.06,11:08:50.331
374967876389721888,1332,25.15,11:08:50.336
375332192695637797,1333,73.37,11:08:50.341
375592364634560298,1334,60.97,11:08:50.346
375844479214835503,1335,43.88,11:08:50.351
376070325775128372,1336,11.5,11:08:50.356
376493569032345401,1337,94.02,11:08:50.361
376779648213997374,1338,96.7,11:08:50.366
377063476832786243,1339,98.07,11:08:50.371
377202461974484808,1340,15.13,11:08:50.376
377525117097629517,1341,39.1,11:08:50.381
377889467763283794,1342,87.34,11:08:50.386
378067141970384727,1343,26.92,11:08:50.391
378441164902389596,1344,80.79,11:08:50.396
378633029681436513,1345,28.63,11:08:50.401
379008598801667942,1346,83.4,11:08:50.406
379261056979326827,1347,66.51,11:08:50.411
379576256039245680,1348,86.14,11:08:50.416
379787860487985013,1349,45.47,11:08:50.421
380144291233945466,1350,89.1,11:08:50.426
380344144652162943,1351,41.59,11:08:50.431
380646579069278084,1352,53.79,11:08:50.436
380994918096852873,1353,92.71,11:08:50.441
381217895618992014,1354,58.66,11:08:50.446
381413213551744915,1355,8.51,11:08:50.451
381817490233382808,1356,79.99,11:08:50.456
381986763484452765,1357,14.68,11:08:50.461
382366490133026722,1358,71.87,11:08:50.466
382544336138819495,1359,11.55,11:08:50.471
382974365444364204,1360,98.02,11:08:50.476
383224933836412849,1361,80.03,11:08:50.481
383416420658337718,1362,27.65,11:08:50.486
383806764466067387,1363,91.02,11:08:50.491
383949924315977664,1364,10.51,11:08:50.496
384232619063400389,1365,11.22,11:08:50.501
384520278793017290,1366,14.82,11:08:50.506
384938917845293007,1367,94.66,11:08:50.511
385181635037124564,1368,72.1,11:08:50.516
385367005825619929,1369,16.16,11:08:50.521
385693011023255518,1370,42.08,11:08:50.526
385993108978161635,1371,52.92,11:08:50.531
386254036831328232,1372,40.96,11:08:50.536
386540614229186541,1373,43.93,11:08:50.541
386785444544927730,1374,22.6,11:08:50.546
387055443369023479,1375,15.92,11:08:50.551
387317024057219068,1376,4.34,11:08:50.556
387676701798455297,1377,49.86,11:08:50.561
387882568170887174,1378,5.85,11:08:50.566
388276519751145483,1379,71.32,11:08:50.571
388514151701698576,1380,45.8,11:08:50.576
388720825527982101,1381,2.26,11:08:50.581
389163842814629914,1382,96.29,11:08:50.586
389284445496301599,1383,2.65,11:08:50.591
389628850333833252,1384,39.28,11:08:50.596
390001309897742377,1385,92.24,11:08:50.601
390224665377003566,1386,58.41,11:08:50.606
390436785221818419,1387,18.04,11:08:50.611
390846971778455608,1388,92.96,11:08:50.616
391131040915413053,1389,94.47,11:08:50.621
391305914803836994,1390,32.42,11:08:50.626
391657758524725319,1391,73.38,11:08:50.631
391839418461476940,1392,15.28,11:08:50.636
392228783016663121,1393,78.08,11:08:50.641
392389672491571286,1394,7.89,11:08:50.646
392815406829819995,1395,91.86,11:08:50.651
393097328483129440,1396,92.12,11:08:50.656
393325305347201125,1397,60.98,11:08:50.661
393538301365344362,1398,21.12,11:08:50.666
393925947933612143,1399,82.92,11:08:50.671
394175313734817908,1400,64.23,11:08:50.676
394479019462252665,1401,77.17,11:08:50.681
394716445254375550,1402,51.53,11:08:50.686
394978489799039107,1403,40.22,11:08:50.691
395270307056998536,1404,46.24,11:08:50.696
395587636420696205,1405,67.11,11:08:50.701
395846262171392146,1406,53.81,11:08:50.706
396122583187347607,1407,50.81,11:08:50.711
396450701508892828,1408,77.96,11:08:50.716
396662134158940321,1409,37.19,11:08:50.721
396913681803532454,1410,19.77,11:08:50.726
397292996135245995,1411,76.72,11:08:50.731
397533033267484848,1412,52.6,11:08:50.736
397796108604299445,1413,41.89,11:08:50.741
398119880418941114,1414,66.51,11:08:50.746
398288225957075135,1415,0.66,11:08:50.751
398579802696865988,1416,6.54,11:08:50.756
398973152981702857,1417,71.66,11:08:50.761
399267598759647438,1418,79.21,11:08:50.766
399499973670230227,1419,50.63,11:08:50.771
399862881226873048,1420,98.03,11:08:50.776
399982865433254109,1421,4.03,11:08:50.781
400394924595632354,1422,80.04,11:08:50.786
400656951960426727,1423,68.72,11:08:50.791
400824971081046252,1424,2.68,11:08:50.796
401204749269227761,1425,59.9,11:08:50.801
401546645845858550,1426,95.07,11:08:50.806
401813981790230779,1427,86.84,11:08:50.811
402074566046013696,1428,74.68,11:08:50.816
402357965168072965,1429,75.8,11:08:50.821
402576647722916106,1430,39.25,11:08:50.826
402929694034647311,1431,80.91,11:08:50.831
403091854819875092,1432,11.46,11:08:50.836
403362592378345753,1433,5.21,11:08:50.841
403662054678092062,1434,15.68,11:08:50.846
404043413414238499,1435,73.82,11:08:50.851
404329973632227624,1436,76.78,11:08:50.856
404620502399998253,1437,82.05,11:08:50.861
404814067986094386,1438,30.88,11:08:50.866
405085681717893431,1439,25.14,11:08:50.871
405354048454416700,1440,17.51,11:08:50.876
405673765819930945,1441,39.77,11:08:50.881
406041071423084870,1442,89.73,11:08:50.886
406185519763183947,1443,9.97,11:08:50.891
406471513045490000,1444,12.6,11:08:50.896
406815144788908373,1445,48.78,11:08:50.901
407013434839030106,1446,0.36,11:08:50.906
407360399477070175,1447,38.48,11:08:50.911
407592654128568676,1448,9.83,11:08:50.916
408005847162313065,1449,86.5,11:08:50.921
408255986057632110,1450,68.26,11:08:50.926
408445651813423475,1451,14.82,11:08:50.931
408732332290496888,1452,17.85,11:08:50.936
409075448637839741,1453,53.73,11:08:50.941
409387143004445058,1454,71.32,11:08:50.946
409653465336535431,1455,62.5,11:08:50.951
409936469321603468,1456,63.39,11:08:50.956
410255276154050961,1457,85.12,11:08:50.961
410561936818985366,1458,99.78,11:08:50.966
410714356618385819,1459,24.66,11:08:50.971
411116365557291424,1460,94.82,11:08:50.976
411263786014759333,1461,16.79,11:08:50.981
411518700913711530,1462,1.33,11:08:50.986
411817355759606191,1463,11.33,11:08:50.991
412163598843140532,1464,49.03,11:08:50.996
412469864371083705,1465,63.46,11:08:51.001
412676022801291710,1466,19.62,11:08:51.006
413034875908807107,1467,64.66,11:08:51.011
413306884777597384,1468,59.15,11:08:51.016
413519451299011021,1469,19.04,11:08:51.021
413824909373102546,1470,33.0,11:08:51.026
414082830749161943,1471,19.29,11:08:51.031
414426101715327452,1472,55.26,11:08:51.036
414658992021985761,1473,26.98,11:08:51.041
415055812640397798,1474,94.12,11:08:51.046
415199109929261547,1475,13.69,11:08:51.051
415578149383068144,1476,70.48,11:08:51.056
415903450206067189,1477,95.99,11:08:51.061
416033175398275578,1478,7.66,11:08:51.066
416465541166029311,1479,95.49,11:08:51.071
416610315923642884,1480,15.92,11:08:51.076
416864663886912009,1481,0.13,11:08:51.081
417260831670295054,1482,66.89,11:08:51.086
417592952901360147,1483,96.37,11:08:51.091
417836546266520088,1484,74.32,11:08:51.096
418127006314813981,1485,79.55,11:08:51.101
418292293836233250,1486,11.92,11:08:51.106
418712118299482663,1487,92.45,11:08:51.111
418893176940812844,1488,34.0,11:08:51.116
419224799955671601,1489,63.19,11:08:51.121
419555907574454838,1490,92.08,11:08:51.126
419805668512651835,1491,73.62,11:08:51.131
420106969058400832,1492,85.16,11:08:51.136
420285725597260357,1493,25.37,11:08:51.141
420589104907180618,1494,38.12,11:08:51.146
420805141762169423,1495,0.03,11:08:51.151
421147433475791444,1496,35.43,11:08:51.156
421503125487376985,1497,78.63,11:08:51.161
421784463025134174,1498,78.55,11:08:51.166
422032780854319715,1499,59.25,11:08:51.171
422291784562137704,1500,46.17,11:08:51.176
422625331722345069,1501,76.48,11:08:51.181
422921409587862130,1502,84.98,11:08:51.186
423060927305505399,1503,2.35,11:08:51.191
423430964507859580,1504,53.9,11:08:51.196
423659559847221889,1505,23.12,11:08:51.201
424055968148773510,1506,90.02,11:08:51.206
424352200633113227,1507,98.61,11:08:51.211
424629105764620944,1508,95.95,11:08:51.216
424883728605797013,1509,80.32,11:08:51.221
425095934349957786,1510,40.0,11:08:51.226
425473633773968031,1511,96.01,11:08:51.231
425705407389129380,1512,67.08,11:08:51.236
426040861514816169,1513,98.5,11:08:51.241
426188677109275310,1514,20.7,11:08:51.246
426506985725516467,1515,42.14,11:08:51.251
426813697930058424,1516,56.83,11:08:51.256
427115840289397437,1517,68.86,11:08:51.261
427329660941261506,1518,29.48,11:08:51.266
427574731775171271,1519,8.29,11:08:51.271
427900651073460940,1520,34.16,11:08:51.276
428226054975675089,1521,59.73,11:08:51.281
428558760322292438,1522,89.55,11:08:51.286
428774951796103899,1523,51.55,11:08:51.291
429077300313873120,1524,63.7,11:08:51.296
429293079470824165,1525,25.46,11:08:51.301
429604739477691114,1526,43.03,11:08:51.306
429828112136821487,1527,9.21,11:08:51.311
430213594041572084,1528,69.75,11:08:51.316
430514035593861881,1529,80.79,11:08:51.321
430770479501171454,1530,66.22,11:08:51.326
431063757048011523,1531,73.09,11:08:51.331
431344287131917064,1532,72.54,11:08:51.336
431569480857180941,1533,39.78,11:08:51.341
431898904848784146,1534,67.69,11:08:51.346
432134681373465367,1535,41.09,11:08:51.351
432356799902145308,1536,6.54,11:08:51.356
432753397182257953,1537,73.55,11:08:51.361
432951755951856422,1538,25.17,11:08:51.366
433287639574272811,1539,56.84,11:08:51.371
433476068379482928,1540,2.68,11:08:51.376
433859385620716341,1541,61.96,11:08:51.381
434196300035283770,1542,94.23,11:08:51.386
434459718969482047,1543,83.72,11:08:51.391
434763407517047620,1544,96.65,11:08:51.396
435005076736858953,1545,73.48,11:08:51.401
435167787277900622,1546,4.35,11:08:51.406
435569298000599891,1547,74.22,11:08:51.411
435894701902814040,1548,99.79,11:08:51.416
436103145255623517,1549,57.28,11:08:51.421
436448168568445794,1550,94.27,11:08:51.426
436655014193421159,1551,50.83,11:08:51.431
436955352666495852,1552,61.81,11:08:51.436
437216984894298993,1553,50.26,11:08:51.441
437518869555600246,1554,62.14,11:08:51.446
437827677704182651,1555,78.05,11:08:51.451
438112382496299904,1556,79.93,11:08:51.456
438330790173236101,1557,43.22,11:08:51.461
438633293309827978,1558,55.46,11:08:51.466
438897519697877903,1559,45.42,11:08:51.471
439248624684391316,1560,85.95,11:08:51.476
439494365533199257,1561,65.15,11:08:51.481
439747184488111006,1562,48.47,11:08:51.486
439966468338375587,1563,12.27,11:08:51.491
440233306066541480,1564,3.75,11:08:51.496
440532905805241261,1565,14.3,11:08:51.501
440933677793565618,1566,83.74,11:08:51.506
441168303267011511,1567,56.47,11:08:51.511
441467198631074748,1568,66.61,11:08:51.516
441708696052194241,1569,43.34,11:08:51.521
442024221529627590,1570,63.16,11:08:51.526
442304270577195979,1571,62.33,11:08:51.531
442596895289007056,1572,68.82,11:08:51.536
442789584701774805,1573,17.14,11:08:51.541
443103100134513626,1574,35.79,11:08:51.546
443421443110493151,1575,57.25,11:08:51.551
443614407401167844,1576,5.73,11:08:51.556
444019525896395753,1577,77.7,11:08:51.561
444244650902182894,1578,44.9,11:08:51.566
444462268305136627,1579,7.73,11:08:51.571
444792705909021688,1580,36.23,11:08:51.576
445048823398816765,1581,21.47,11:08:51.581
445318925302127618,1582,14.85,11:08:51.586
445723614300625927,1583,86.57,11:08:51.591
445957191802051596,1584,58.69,11:08:51.596
446224665185377297,1585,50.54,11:08:51.601
446577780216585238,1586,92.24,11:08:51.606
446831853301947419,1587,76.29,11:08:51.611
447094413242686496,1588,65.28,11:08:51.616
447392037296430117,1589,74.68,11:08:51.621
447565983471918122,1590,12.09,11:08:51.626
447959625814531119,1591,77.38,11:08:51.631
448131098088856628,1592,13.35,11:08:51.636
448513710955453497,1593,72.22,11:08:51.641
448687261993950270,1594,9.4,11:08:51.646
448979783626546243,1595,15.83,11:08:51.651
449285069901945928,1596,29.69,11:08:51.656
449683642867014733,1597,97.85,11:08:51.661
449856661329566802,1598,34.72,11:08:51.666
450212215902198871,1599,77.84,11:08:51.671
450393188644183132,1600,19.34,11:08:51.676
450661452301491297,1601,11.65,11:08:51.681
451031094366854246,1602,62.97,11:08:51.686
451270238145895531,1603,38.33,11:08:51.691
451589921151671408,1604,60.57,11:08:51.696
451919894899088501,1605,88.8,11:08:51.701
452102516908514426,1606,31.26,11:08:51.706
452500711916461183,1607,99.2,11:08:51.711
452772428727475332,1608,93.52,11:08:51.716
452977264307756169,1609,48.91,11:08:51.721
453219826880765070,1610,26.26,11:08:51.726
453488245156895891,1611,18.66,11:08:51.731
453812309029313688,1612,43.45,11:08:51.736
454135994944609437,1613,68.02,11:08:51.741
454433069242539170,1614,77.1,11:08:51.746
454649174817004711,1615,39.05,11:08:51.751
454977293138549932,1616,66.2,11:08:51.756
455233170110176433,1617,51.3,11:08:51.761
455443915565456566,1618,10.13,11:08:51.766
455748549005827259,1619,23.61,11:08:51.771
456150300246695104,1620,93.62,11:08:51.776
456304970608958661,1621,19.81,11:08:51.781
456582545755364554,1622,17.54,11:08:51.786
456840226613255375,1623,3.69,11:08:51.791
457230020665171156,1624,66.74,11:08:51.796
457472274000534745,1625,43.91,11:08:51.801
457830628891843806,1626,88.66,11:08:51.806
458123683100384483,1627,95.4,11:08:51.811
458399368461180136,1628,92.03,11:08:51.816
458555739630492909,1629,19.21,11:08:51.821
458949777110097138,1630,84.73,11:08:51.826
459230771050470647,1631,84.45,11:08:51.831
459529683594403068,1632,94.6,11:08:51.836
459789168338558209,1633,81.8,11:08:51.841
459983970875235590,1634,31.35,11:08:51.846
460244159994027275,1635,18.96,11:08:51.851
460606689593548048,1636,66.14,11:08:51.856
460818826618232085,1637,25.78,11:08:51.861
461096040987385114,1638,23.3,11:08:51.866
461461164747152671,1639,71.99,11:08:51.871
461742674083601700,1640,72.01,11:08:51.876
462012569828482345,1641,65.27,11:08:51.881
462202373023227182,1642,11.91,11:08:51.886
462496200325881139,1643,19.1,11:08:51.891
462789649671413048,1644,26.07,11:08:51.896
463073753168108861,1645,27.6,11:08:51.901
463423724283256130,1646,67.47,11:08:51.906
463626429559758151,1647,21.62,11:08:51.911
464037561009200460,1648,97.09,11:08:51.916
464304106679590225,1649,88.4,11:08:51.921
464595253922651478,1650,94.03,11:08:51.926
464863603479305563,1651,86.39,11:08:51.931
465117195528330592,1652,70.16,11:08:51.936
465385390466162021,1653,62.43,11:08:51.941
465631835689606506,1654,42.04,11:08:51.946
465976085908315503,1655,78.58,11:08:51.951
466135686893034868,1656,7.64,11:08:51.956
466434702516182393,1657,17.85,11:08:51.961
466798331627330942,1658,65.67,11:08:51.966
467042354489220483,1659,43.87,11:08:51.971
467299966627634568,1660,29.98,11:08:51.976
467638959806373261,1661,63.46,11:08:51.981
467981337419341202,1662,98.91,11:08:51.986
468239121356447127,1663,85.12,11:08:51.991
468518259870948764,1664,83.76,11:08:51.996
468710605686332833,1665,31.88,11:08:52.001
469050715556568486,1666,66.01,11:08:52.006
469337825530371499,1667,69.29,11:08:52.011
469655326692761008,1668,90.26,11:08:52.016
469842432648043957,1669,35.33,11:08:52.021
470180687092407738,1670,68.38,11:08:52.026
470512035229359551,1671,97.41,11:08:52.031
470681274120691140,1672,32.08,11:08:52.036
470943748162084297,1673,21.02,11:08:52.041
471190055946575310,1674,0.55,11:08:52.046
471493572695449043,1675,13.38,11:08:52.051
471808909194321368,1676,33.09,11:08:52.056
472056075972271581,1677,13.12,11:08:52.061
472472138044169698,1678,91.46,11:08:52.066
472657199595019751,1679,35.34,11:08:52.071
472984218404937196,1680,61.85,11:08:52.076
473226385840954865,1681,38.97,11:08:52.081
473580067807845878,1682,81.0,11:08:52.086
473812666056728059,1683,52.55,11:08:52.091
474050761863749120,1684,27.3,11:08:52.096
474452427205271045,1685,97.26,11:08:52.101
474667536347323914,1686,58.63,11:08:52.106
474909909941771791,1687,35.87,11:08:52.111
475135052127428116,1688,3.08,11:08:52.116
475446471616126489,1689,20.51,11:08:52.121
475748459356642846,1690,32.45,11:08:52.126
476023852659662371,1691,28.91,11:08:52.131
476357898036076072,1692,59.51,11:08:52.136
476562544637795885,1693,14.79,11:08:52.141
476903513501490738,1694,49.42,11:08:52.146
477176931119554103,1695,44.73,11:08:52.151
477487044938194492,1696,61.4,11:08:52.156
477762386701606465,1697,57.83,11:08:52.161
478084200011161158,1698,81.31,11:08:52.166
478340265961348683,1699,66.52,11:08:52.171
478611072239296080,1700,60.31,11:08:52.176
478816715273428565,1701,16.17,11:08:52.181
479179468211248730,1702,63.48,11:08:52.186
479387705405627999,1703,20.85,11:08:52.191
479663064348909156,1704,17.29,11:08:52.196
479952304626490985,1705,21.81,11:08:52.201
480345362853551726,1706,86.76,11:08:52.206
480571278133321331,1707,54.42,11:08:52.211
480904395796799096,1708,84.48,11:08:52.216
481162007935213181,1709,70.59,11:08:52.221
481336521046384258,1710,8.33,11:08:52.226
481674277274541703,1711,41.09,11:08:52.231
481898268408962700,1712,7.63,11:08:52.236
482187783564451473,1713,12.31,11:08:52.241
482596406752992918,1714,86.32,11:08:52.246
482729670998253211,1715,0.05,11:08:52.251
483041056127213216,1716,17.46,11:08:52.256
483448803142426277,1717,90.96,11:08:52.261
483655305170017962,1718,47.32,11:08:52.266
483986344069324463,1719,76.17,11:08:52.271
484178363467194036,1720,24.1,11:08:52.276
484490556050005689,1721,41.98,11:08:52.281
484721745549614782,1722,12.71,11:08:52.286
485150915861700291,1723,98.68,11:08:52.291
485423062169444040,1724,93.25,11:08:52.296
485599138648710861,1725,31.9,11:08:52.301
485855204598898386,1726,17.11,11:08:52.306
486205192893914839,1727,56.99,11:08:52.311
486443254341197532,1728,31.72,11:08:52.316
486744245649301217,1729,43.08,11:08:52.321
487118887056596710,1730,97.31,11:08:52.326
487237273535143659,1731,2.38,11:08:52.331
487545153970790128,1732,17.75,11:08:52.336
487861744600112885,1733,38.19,11:08:52.341
488156757313740538,1734,46.07,11:08:52.346
488397928317345535,1735,22.61,11:08:52.351
488793649424129796,1736,89.11,11:08:52.356
489049526395756297,1737,74.21,11:08:52.361
489221977922625294,1738,10.75,11:08:52.366
489562740627889939,1739,45.26,11:08:52.371
489804134969794328,1740,21.93,11:08:52.376
490134572573679389,1741,50.43,11:08:52.381
490371929646325538,1742,24.75,11:08:52.386
490760383668444967,1743,87.02,11:08:52.391
490922166496550700,1744,17.35,11:08:52.396
491296000449994545,1745,71.11,11:08:52.401
491527052510650166,1746,41.76,11:08:52.406
491888980814749499,1747,88.59,11:08:52.411
492187000005484352,1748,98.22,11:08:52.416
492373401586130757,1749,42.88,11:08:52.421
492681556899684170,1750,58.41,11:08:52.426
492867425904385871,1751,2.76,11:08:52.431
493312985811672916,1752,98.27,11:08:52.436
493536959766224729,1753,64.8,11:08:52.441
493765297407549278,1754,33.87,11:08:52.446
494156087891877731,1755,97.5,11:08:52.451
494401948999769960,1756,76.77,11:08:52.456
494591288338046829,1757,23.14,11:08:52.461
494858985059671922,1758,15.12,11:08:52.466
495176881359052663,1759,36.32,11:08:52.471
495439733357567868,1760,25.48,11:08:52.476
495747768412036993,1761,40.94,11:08:52.481
496066798582783878,1762,62.8,11:08:52.486
496393439435579275,1763,89.09,11:08:52.491
496651773128499088,1764,75.62,11:08:52.496
496919916526722965,1765,67.86,11:08:52.501
497239702611713946,1766,90.16,11:08:52.506
497529166227595167,1767,94.81,11:08:52.511
497724724678516644,1768,44.8,11:08:52.516
498035319533494185,1769,61.75,11:08:52.521
498317825302355886,1770,62.35,11:08:52.526
498494399997829043,1771,1.29,11:08:52.531
498923295432007608,1772,87.1,11:08:52.536
499085370317889469,1773,17.6,11:08:52.541
499428246147063746,1774,53.34,11:08:52.546
499747362217156551,1775,75.25,11:08:52.551
500032221628096460,1776,77.22,11:08:52.556
500182734462017489,1777,0.99,11:08:52.561
500564660133846998,1778,59.46,11:08:52.566
500905474378719195,1779,94.0,11:08:52.571
501043463088005088,1780,10.48,11:08:52.576
501329799967694821,1781,13.31,11:08:52.581
501592600426602474,1782,2.44,11:08:52.586
502018059886944239,1783,86.25,11:08:52.591
502180942226677748,1784,17.22,11:08:52.596
502490368850550777,1785,33.49,11:08:52.601
502734288633225214,1786,11.63,11:08:52.606
503136933227290627,1787,82.16,11:08:52.611
503383773587726344,1788,62.0,11:08:52.616
503693904586235917,1789,78.68,11:08:52.621
503992782770429970,1790,88.81,11:08:52.626
504152830431748119,1791,18.13,11:08:52.631
504459542636290076,1792,32.82,11:08:52.636
504770412369174561,1793,49.93,11:08:52.641
505133405825163302,1794,97.38,11:08:52.646
505318707894181931,1795,41.4,11:08:52.651
505567489579835440,1796,22.37,11:08:52.656
505907324572164149,1797,56.34,11:08:52.661
506216579397345338,1798,72.51,11:08:52.666
506466409055019071,1799,54.09,11:08:52.671
506767692420898884,1800,65.62,11:08:52.676
507105225310756937,1801,98.25,11:08:52.681
507346671192268878,1802,74.95,11:08:52.686
507558155381923923,1803,34.21,11:08:52.691
507846725644607576,1804,38.34,11:08:52.696
508095043473793117,1805,19.04,11:08:52.701
508417561157984354,1806,42.93,11:08:52.706
508712814389780583,1807,50.95,11:08:52.711
509006006037274732,1808,57.77,11:08:52.716
509214689908252785,1809,15.4,11:08:52.721
509617815538655350,1810,86.21,11:08:52.726
509753021109133435,1811,1.07,11:08:52.731
510070865868906624,1812,22.24,11:08:52.736
510430096933544069,1813,67.5,11:08:52.741
510730263607926922,1814,78.38,11:08:52.746
510964459584643215,1815,50.86,11:08:52.751
511245161467240596,1816,50.41,11:08:52.756
511460854724845721,1817,12.12,11:08:52.761
511836475384684702,1818,66.92,11:08:52.766
512084930652823715,1819,47.7,11:08:52.771
512401332303585448,1820,68.03,11:08:52.776
512599708253053101,1821,19.66,11:08:52.781
512940024281718962,1822,53.91,11:08:52.786
513226034743894199,1823,56.55,11:08:52.791
513518917153743036,1824,63.19,11:08:52.796
513856518763077825,1825,95.86,11:08:52.801
514092827863703750,1826,69.57,11:08:52.806
514412339070787787,1827,91.71,11:08:52.811
514542425040249040,1828,3.59,11:08:52.816
514878961497694421,1829,35.64,11:08:52.821
515187821185884378,1830,51.58,11:08:52.826
515447151311216863,1831,38.69,11:08:52.831
515820435508846820,1832,92.13,11:08:52.836
515989777479393513,1833,26.86,11:08:52.841
516394380578545902,1834,98.53,11:08:52.846
516603768824160499,1835,56.57,11:08:52.851
516836762210033912,1836,28.35,11:08:52.856
517240849913110781,1837,99.72,11:08:52.861
517511845169619202,1838,93.62,11:08:52.866
517683626681590023,1839,29.77,11:08:52.871
518065758511849740,1840,88.36,11:08:52.876
518236234353762577,1841,23.75,11:08:52.881
518619878012510486,1842,83.22,11:08:52.886
518797500680003867,1843,22.77,11:08:52.891
519157607917969696,1844,68.54,11:08:52.896
519393573421211941,1845,42.05,11:08:52.901
519660565768200490,1846,33.62,11:08:52.906
519899091071951151,1847,8.62,11:08:52.911
520207074586812724,1848,24.05,11:08:52.916
520617656280441145,1849,99.2,11:08:52.921
520829363808395582,1850,58.59,11:08:52.926
521031192911569219,1851,12.23,11:08:52.931
521445880593932616,1852,89.77,11:08:52.936
521678616281768269,1853,61.4,11:08:52.941
521890478428545362,1854,20.88,11:08:52.946
522144036117832023,1855,4.63,11:08:52.951
522432417401954652,1856,8.65,11:08:52.956
522846520968765793,1857,85.85,11:08:52.961
523147443557392742,1858,97.17,11:08:52.966
523307405319364971,1859,26.44,11:08:52.971
523697353990103408,1860,89.58,11:08:52.976
523964002739708277,1861,80.95,11:08:52.981
524157688584888698,1862,29.85,11:08:52.986
524542912791601535,1863,90.24,11:08:52.991
524803754745422212,1864,78.23,11:08:52.996
524970691534283145,1865,11.56,11:08:53.001
525393728633069966,1866,93.96,11:08:53.006
525655893436817811,1867,82.72,11:08:53.011
525895397993111960,1868,58.29,11:08:53.016
526126020557037981,1869,28.69,11:08:53.021
526388649217253794,1870,17.72,11:08:53.026
526799488608919975,1871,93.02,11:08:53.031
527067597647405484,1872,85.24,11:08:53.036
527358813609943473,1873,90.91,11:08:53.041
527501440883909046,1874,10.09,11:08:53.046
527934493846430139,1875,98.32,11:08:53.051
528091603750117824,1876,25.93,11:08:53.056
528342739077849541,1877,8.27,11:08:53.061
528635673027305930,1878,14.94,11:08:53.066
529021000313233871,1879,75.39,11:08:53.071
529208621664592340,1880,20.76,11:08:53.076
529560516925088217,1881,61.75,11:08:53.081
529811068137267678,1882,43.75,11:08:53.086
530058853390508515,1883,24.14,11:08:53.091
530377247906095592,1884,45.63,11:08:53.096
530675576334475757,1885,55.44,11:08:53.101
530977942032114162,1886,67.6,11:08:53.106
531314444129821175,1887,99.63,11:08:53.111
531576660473176572,1888,88.42,11:08:53.116
531875658916454913,1889,98.62,11:08:53.121
532078037775442438,1890,52.58,11:08:53.126
532396741528674827,1891,74.25,11:08:53.131
532636400703791632,1892,49.91,11:08:53.136
532841786039886357,1893,5.62,11:08:53.141
533133981254967834,1894,11.86,11:08:53.146
533412827711693343,1895,10.33,11:08:53.151
533825969205830180,1896,86.97,11:08:53.156
534022111772303913,1897,37.3,11:08:53.161
534395997265355310,1898,91.09,11:08:53.166
534688690696643123,1899,97.62,11:08:53.171
534836403211887160,1900,19.76,11:08:53.176
535194105268167229,1901,64.13,11:08:53.181
535486128684556866,1902,70.27,11:08:53.186
535659422025015879,1903,7.3,11:08:53.191
535986939051139660,1904,34.1,11:08:53.196
536336033992958545,1905,73.46,11:08:53.201
536658173720027734,1906,97.13,11:08:53.206
536800216878441051,1907,15.97,11:08:53.211
537076967391126112,1908,13.22,11:08:53.216
537408452967031397,1909,42.33,11:08:53.221
537671562663584362,1910,31.64,11:08:53.226
537964548152648303,1911,38.34,11:08:53.231
538321356855730804,1912,82.19,11:08:53.236
538614909280477817,1913,89.22,11:08:53.241
538830052782269054,1914,50.61,11:08:53.246
539153721517695619,1915,75.17,11:08:53.251
539307807764406920,1916,1.02,11:08:53.256
539692946071773837,1917,61.36,11:08:53.261
539958959166218898,1918,52.36,11:08:53.266
540241722633118359,1919,53.11,11:08:53.271
540574805936857756,1920,83.15,11:08:53.276
540884438719160993,1921,99.54,11:08:53.281
541154231384826534,1922,92.74,11:08:53.286
541297975350289067,1923,12.57,11:08:53.291
541719844217971376,1924,94.29,11:08:53.296
541984122145628853,1925,84.28,11:08:53.301
542206412473000634,1926,49.83,11:08:53.306
542553291211694783,1927,87.9,11:08:53.311
542852152216019652,1928,98.02,11:08:53.316
543042659785401033,1929,45.07,11:08:53.321
543414827291534030,1930,97.86,11:08:53.326
543561904151618259,1931,19.63,11:08:53.331
543902306079630040,1932,53.93,11:08:53.336
544136983092683485,1933,26.69,11:08:53.341
544456339680944866,1934,48.74,11:08:53.346
544739910601695975,1935,49.96,11:08:53.351
545103196115460844,1936,97.58,11:08:53.356
545241202004615921,1937,14.07,11:08:53.361
545560507053269750,1938,36.09,11:08:53.366
545884364767257339,1939,60.76,11:08:53.371
546150034264318720,1940,51.56,11:08:53.376
546430598707962629,1941,51.03,11:08:53.381
546693124288963338,1942,40.0,11:08:53.386
546908216251147023,1943,1.36,11:08:53.391
547259321237660436,1944,41.89,11:08:53.396
547486164230365977,1945,10.09,11:08:53.401
547847267900744478,1946,56.44,11:08:53.406
548191878896706339,1947,93.19,11:08:53.411
548419529343263528,1948,61.86,11:08:53.416
548679632562709293,1949,49.42,11:08:53.421
548901252875182898,1950,14.58,11:08:53.426
549251103731245879,1951,54.38,11:08:53.431
549472861482672956,1952,19.62,11:08:53.436
549769918600733505,1953,28.69,11:08:53.441
550012343734788934,1954,5.96,11:08:53.446
550413837277619019,1955,75.82,11:08:53.451
550701308028674896,1956,79.31,11:08:53.456
550918186697253717,1957,41.71,11:08:53.461
551259344539509594,1958,76.45,11:08:53.466
551445265083818847,1959,20.83,11:08:53.471
551746393830876004,1960,32.27,11:08:53.476
552140465670218601,1961,97.81,11:08:53.481
552406083627672430,1962,88.58,11:08:53.486
552615712391455603,1963,46.76,11:08:53.491
552912958488077176,1964,55.94,11:08:53.496
553258840794358653,1965,93.43,11:08:53.501
553385147192599426,1966,3.11,11:08:53.506
553802480574817159,1967,82.19,11:08:53.511
554015064276099980,1968,42.09,11:08:53.516
554320333371630481,1969,55.94,11:08:53.521
554641270507856790,1970,78.91,11:08:53.526
554898384430064539,1971,64.73,11:08:53.531
555213205532861344,1972,84.14,11:08:53.536
555397648608420773,1973,27.66,11:08:53.541
555764284196676522,1974,77.23,11:08:53.546
555929262480450479,1975,9.42,11:08:53.551
556317080847410100,1976,71.32,11:08:53.556
556486628976387001,1977,6.17,11:08:53.561
556757967830279102,1978,0.27,11:08:53.566
557065521848411075,1979,15.45,11:08:53.571
557481102883972040,1980,93.51,11:08:53.576
557689322898482125,1981,50.87,11:08:53.581
558037352688411602,1982,89.61,11:08:53.586
558226348429304791,1983,35.78,11:08:53.591
558607123049898972,1984,93.58,11:08:53.596
558744441744286689,1985,9.67,11:08:53.601
559064399627969510,1986,32.07,11:08:53.606
559298956381938667,1987,4.76,11:08:53.611
559678390972736496,1988,61.78,11:08:53.616
559969417956713461,1989,67.34,11:08:53.621
560224882611479546,1990,52.2,11:08:53.626
560457291881800703,1991,23.64,11:08:53.631
560850659346506756,1992,88.77,11:08:53.636
560993149181518857,1993,7.87,11:08:53.641
561288110355538958,1994,15.72,11:08:53.646
561591317866767379,1995,28.37,11:08:53.651
561897583394710552,1996,42.8,11:08:53.656
562271554787107869,1997,96.64,11:08:53.661
562399441733313570,1998,7.24,11:08:53.666
562795059760882727,1999,73.68,11:08:53.671
563097597257212972,2000,85.94,11:08:53.676
563307174481388593,2001,44.09,11:08:53.681
563652902168847414,2002,81.49,11:08:53.686
563848804217152571,2003,31.68,11:08:53.691
564114164476568640,2004,22.3,11:08:53.696
564438417327547461,2005,47.2,11:08:53.701
564765436137464906,2006,73.71,11:08:53.706
565062544795133007,2007,82.81,11:08:53.711
565209656014955604,2008,4.6,11:08:53.716
565508379580327001,2009,14.64,11:08:53.721
565796211108635742,2010,18.34,11:08:53.726
566123814034105443,2011,45.19,11:08:53.731
566451897995912296,2012,72.32,11:08:53.736
566656613317108845,2013,27.64,11:08:53.741
566943912269472882,2014,31.03,11:08:53.746
567291838980187255,2015,69.71,11:08:53.751
567462984836998268,2016,5.49,11:08:53.756
567823366952871041,2017,51.42,11:08:53.761
568105649383433350,2018,51.89,11:08:53.766
568446394908828811,2019,86.39,11:08:53.771
568637967630099600,2020,34.06,11:08:53.776
568958870406587541,2021,57.01,11:08:53.781
569286782569702554,2022,84.04,11:08:53.786
569586966423954591,2023,94.93,11:08:53.791
569863957454808228,2024,92.32,11:08:53.796
570065202442429609,2025,45.62,11:08:53.801
570408937265063086,2026,81.86,11:08:53.806
570592452627686579,2027,24.84,11:08:53.811
570864581755561144,2028,19.4,11:08:53.816
571153701774058685,2029,23.85,11:08:53.821
571464743305635010,2030,41.06,11:08:53.826
571734570331038919,2031,34.28,11:08:53.831
572037932461089996,2032,47.02,11:08:53.836
572364556134016209,2033,73.3,11:08:53.841
572671818094372054,2034,88.31,11:08:53.846
572946575742231771,2035,84.4,11:08:53.851
573234579069232352,2036,88.2,11:08:53.856
573495163325015269,2037,76.04,11:08:53.861
573662271912568042,2038,9.47,11:08:53.866
573937201359119599,2039,5.66,11:08:53.871
574300761750791412,2040,53.44,11:08:53.876
574521419990590713,2041,18.04,11:08:53.881
574772555318322430,2042,0.38,11:08:53.886
575159256993785091,2043,61.63,11:08:53.891
575471002899997960,2044,79.25,11:08:53.896
575695200192849165,2045,45.91,11:08:53.901
575998253085254930,2046,58.47,11:08:53.906
576255882403538199,2047,44.59,11:08:53.911
576480423293773084,2048,11.45,11:08:53.916
576749563124409633,2049,4.27,11:08:53.921
577034542794433830,2050,6.31,11:08:53.926
577404906414302507,2051,58.05,11:08:53.931
577689250429166896,2052,59.72,11:08:53.936
577970106930586933,2053,59.36,11:08:53.941
578269259992687930,2054,69.65,11:08:53.946
578534981029356863,2055,60.48,11:08:53.951
578834202810934596,2056,70.81,11:08:53.956
579013268587439433,2057,11.2,11:08:53.961
579325718868288846,2058,29.23,11:08:53.966
579584567957284179,2059,16.06,11:08:53.971
579888754721056088,2060,29.28,11:08:53.976
580121541948499293,2061,0.94,11:08:53.981
580440262881600866,2062,22.62,11:08:53.986
580823373964404071,2063,81.78,11:08:53.991
581111995766695276,2064,85.94,11:08:53.996
581329544450172273,2065,48.73,11:08:54.001
581654192438142326,2066,73.86,11:08:54.006
581884059087824251,2067,43.82,11:08:54.011
582235146894468480,2068,84.34,11:08:54.016
582481660837389701,2069,63.99,11:08:54.021
582674384609895818,2070,12.33,11:08:54.026
583100393826051471,2071,96.46,11:08:54.031
583255081368184212,2072,22.66,11:08:54.036
583594778921559449,2073,56.55,11:08:54.041
583783688763106718,2074,2.67,11:08:54.046
584220933613708707,2075,93.34,11:08:54.051
584481122732500392,2076,80.95,11:08:54.056
584639469586769325,2077,9.28,11:08:54.061
585036101226620338,2078,76.31,11:08:54.066
585300997629568439,2079,66.66,11:08:54.071
585613465090287036,2080,84.7,11:08:54.076
585755731586999745,2081,3.67,11:08:54.081
586040986134930886,2082,5.87,11:08:54.086
586449918561117643,2083,80.06,11:08:54.091
586668669835437520,2084,43.55,11:08:54.096
586939699451684309,2085,37.47,11:08:54.101
587298363580638682,2086,82.4,11:08:54.106
587530291814622687,2087,53.56,11:08:54.111
587809499048601060,2088,52.24,11:08:54.116
588143888022398441,2089,83.04,11:08:54.121
588302183337059822,2090,11.34,11:08:54.126
588718125149873651,2091,89.61,11:08:54.131
588933354551010808,2092,51.05,11:08:54.136
589286847539340797,2093,92.97,11:08:54.141
589430196367812098,2094,12.57,11:08:54.146
589850055190799879,2095,93.12,11:08:54.151
590010394909894156,2096,22.61,11:08:54.156
590401408732522001,2097,86.37,11:08:54.161
590668572878202390,2098,78.04,11:08:54.166
590884369215022619,2099,39.81,11:08:54.171
591167356020221472,2100,40.69,11:08:54.176
591528098913347109,2101,86.83,11:08:54.181
591734446322116138,2102,43.1,11:08:54.186
592019614970701359,2103,45.25,11:08:54.191
592374155931051572,2104,87.78,11:08:54.196
592507007859451449,2105,1.27,11:08:54.201
592934065047627326,2106,86.01,11:08:54.206
593082550656984643,2107,8.6,11:08:54.211
593442108139136584,2108,54.05,11:08:54.216
593755211255014989,2109,72.46,11:08:54.221
594047904686302802,2110,78.99,11:08:54.226
594279437783295575,2111,49.92,11:08:54.231
594527412015097436,2112,30.42,11:08:54.236
594889220060112481,2113,77.18,11:08:54.241
595158737847871078,2114,70.22,11:08:54.246
595405646927783531,2115,50.1,11:08:54.251
595693753333999216,2116,53.96,11:08:54.256
595948204376483445,2117,38.23,11:08:54.261
596329185155507834,2118,96.15,11:08:54.266
596530979898943103,2119,49.77,11:08:54.271
596802009515189892,2120,43.69,11:08:54.276
597052337389069961,2121,25.56,11:08:54.281
597405280621586062,2122,67.16,11:08:54.286
597699898198222483,2123,74.81,11:08:54.291
597900198293038744,2124,27.56,11:08:54.296
598144685011396253,2125,6.03,11:08:54.301
598475483392534178,2126,34.74,11:08:54.306
598838957884860071,2127,82.47,11:08:54.311
599072569746024108,2128,54.61,11:08:54.316
599263816049780401,2129,2.09,11:08:54.321
599696095918188214,2130,89.87,11:08:54.326
599908748338947771,2131,49.81,11:08:54.331
600215031046760128,2132,64.25,11:08:54.336
600439760915556037,2133,31.22,11:08:54.341
600830293701846730,2134,94.7,11:08:54.346
601059181098985167,2135,64.09,11:08:54.351
601337804217411284,2136,62.43,11:08:54.356
601558290658518745,2137,26.93,11:08:54.361
601916301952444126,2138,71.48,11:08:54.366
602211503644632803,2139,79.47,11:08:54.371
602374574962927336,2140,10.55,11:08:54.376
602687351661291245,2141,28.77,11:08:54.381
602958072039892722,2142,22.51,11:08:54.386
603221387894875895,2143,11.94,11:08:54.391
603592129471866620,2144,63.9,11:08:54.396
603774476603385601,2145,6.2,11:08:54.401
604093987810469638,2146,28.34,11:08:54.406
604410063043716875,2147,48.48,11:08:54.411
604629810750449424,2148,12.55,11:08:54.416
604999830772934421,2149,64.09,11:08:54.421
605228254313604890,2150,33.21,11:08:54.426
605614612391683871,2151,94.26,11:08:54.431
605897204059891492,2152,94.91,11:08:54.436
606156791883261737,2153,82.17,11:08:54.441
606454123879229230,2154,91.4,11:08:54.446
606713007327962931,2155,78.25,11:08:54.451
606938063614273336,2156,45.41,11:08:54.456
607155320239974205,2157,8.03,11:08:54.461
607425387783546690,2158,1.39,11:08:54.466
607764604300584775,2159,35.0,11:08:54.471
608133438912096076,2160,85.85,11:08:54.476
608319136118105937,2161,30.1,11:08:54.481
608593790686750550,2162,26.13,11:08:54.486
608975681998841691,2163,84.58,11:08:54.491
609208108449032032,2164,56.03,11:08:54.496
609548682175735653,2165,90.43,11:08:54.501
609684884178626410,2166,5.87,11:08:54.506
610095431512516463,2167,81.0,11:08:54.511
610280424343889780,2168,24.84,11:08:54.516
610646853773715321,2169,74.29,11:08:54.521
610862667290404734,2170,36.07,11:08:54.526
611110366644299651,2171,16.41,11:08:54.531
611450665493096328,2172,50.65,11:08:54.536
611650398652229517,2173,3.07,11:08:54.541
612065361212499858,2174,80.77,11:08:54.546
612340187579836311,2175,76.9,11:08:54.551
612509340571821980,2176,11.52,11:08:54.556
612857129843582881,2177,50.12,11:08:54.561
613101754000893862,2178,28.67,11:08:54.566
613437551723964331,2179,60.29,11:08:54.571
613644740946323376,2180,17.05,11:08:54.576
613972550030223285,2181,44.02,11:08:54.581
614201781024745402,2182,13.61,11:08:54.586
614547079215474623,2183,50.76,11:08:54.591
614881811786655684,2184,81.76,11:08:54.596
615075050955237321,2185,30.4,11:08:54.601
615456220712822734,2186,88.43,11:08:54.606
615651246587799507,2187,38.11,11:08:54.611
615938081683695576,2188,41.23,11:08:54.616
616282211643320285,2189,77.7,11:08:54.621
616561040920176610,2190,76.16,11:08:54.626
616725898944866279,2191,8.28,11:08:54.631
617146496502228972,2192,89.26,11:08:54.636
617354682157000689,2193,46.6,11:08:54.641
617588294018164726,2194,18.74,11:08:54.646
617928627226699771,2195,53.0,11:08:54.651
618146107190700032,2196,15.75,11:08:54.656
618468813853452293,2197,39.75,11:08:54.661
618757933871949834,2198,44.2,11:08:54.666
619030166079039503,2199,38.82,11:08:54.671
619305181424936980,2200,35.06,11:08:54.676
619617683245393945,2201,53.12,11:08:54.681
619970901355816990,2202,94.88,11:08:54.686
620107068998969379,2203,10.3,11:08:54.691
620418247969499176,2204,27.59,11:08:54.696
620716971534870573,2205,37.63,11:08:54.701
620983620284475442,2206,29.0,11:08:54.706
621366061352380471,2207,87.77,11:08:54.711
621618193112524860,2208,70.69,11:08:54.716
621858745640839233,2209,46.87,11:08:54.721
622203390996539462,2210,83.64,11:08:54.726
622420870960539723,2211,46.39,11:08:54.731
622760156197054544,2212,80.04,11:08:54.736
622980883156330581,2213,44.68,11:08:54.741
623305050107963482,2214,69.53,11:08:54.746
623614201853929567,2215,85.64,11:08:54.751
623874872009058404,2216,73.53,11:08:54.756
624073711814994025,2217,25.43,11:08:54.761
624327269504280686,2218,9.18,11:08:54.766
624643276018051187,2219,29.28,11:08:54.771
625033018530359416,2220,92.3,11:08:54.776
625169306432596093,2221,7.79,11:08:54.781
625578032700352642,2222,81.86,11:08:54.786
625751669638195335,2223,19.09,11:08:54.791
626096469612718220,2224,55.95,11:08:54.796
626386671962974353,2225,61.03,11:08:54.801
626615112683514006,2226,30.16,11:08:54.806
626982401106798747,2227,80.11,11:08:54.811
627137586865137824,2228,6.6,11:08:54.816
627457012172875941,2229,28.69,11:08:54.821
627755220342171818,2230,38.43,11:08:54.826
627985894445705391,2231,8.86,11:08:54.831
628311367067396276,2232,34.47,11:08:54.836
628550854443821241,2233,10.03,11:08:54.841
628960611503728830,2234,84.7,11:08:54.846
629204737444833475,2235,62.96,11:08:54.851
629481298978957512,2236,60.1,11:08:54.856
629741488097749197,2237,47.71,11:08:54.861
629962936611530962,2238,12.77,11:08:54.866
630332870734670039,2239,64.26,11:08:54.871
630634257179764956,2240,75.85,11:08:54.876
630907004782930145,2241,70.77,11:08:54.881
631137713246202086,2242,41.22,11:08:54.886
631373678749444331,2243,14.73,11:08:54.891
631659259714889968,2244,17.12,11:08:54.896
631974819552061685,2245,36.96,11:08:54.901
632329274613065978,2246,79.44,11:08:54.906
632617398199150847,2247,83.31,11:08:54.911
632827130042149124,2248,41.55,11:08:54.916
633104000813918473,2249,38.87,11:08:54.921
633420385284811022,2250,59.19,11:08:54.926
633687394811668755,2251,50.77,11:08:54.931
633999776373041432,2252,68.76,11:08:54.936
634332378640443677,2253,98.52,11:08:54.941
634600522038667554,2254,90.76,11:08:54.946
634823825978321191,2255,56.9,11:08:54.951
635153146890709292,2256,84.75,11:08:54.956
635416995321637169,2257,74.49,11:08:54.961
635614769975683382,2258,25.77,11:08:54.966
635910950920415547,2259,34.33,11:08:54.971
636302153721604416,2260,98.2,11:08:54.976
636578938594027845,2261,95.47,11:08:54.981
636843388320377162,2262,85.56,11:08:54.986
636993609096522063,2263,9.16,11:08:54.991
637269844213131604,2264,6.11,11:08:54.996
637552934097545561,2265,7.05,11:08:55.001
637842449253034334,2266,11.73,11:08:55.006
638196869954300259,2267,54.19,11:08:55.011
638511897215527272,2268,73.72,11:08:55.016
638711235237669229,2269,25.91,11:08:55.021
639028358442936690,2270,46.66,11:08:55.026
639323989631854967,2271,54.9,11:08:55.031
639575485736839548,2272,37.45,11:08:55.036
639938376113613185,2273,84.84,11:08:55.041
640139707000580486,2274,38.19,11:08:55.046
640516203833747851,2275,93.5,11:08:55.051
640644640535767440,2276,4.42,11:08:55.056
641023594090228117,2277,61.16,11:08:55.061
641371331822381466,2278,99.73,11:08:55.066
641539539921562015,2279,33.8,11:08:55.071
641814761425889700,2280,30.16,11:08:55.076
642083231241628073,2281,22.59,11:08:55.081
642444266192529838,2282,68.9,11:08:55.086
642745360579848627,2283,80.32,11:08:55.091
643037057578723768,2284,86.27,11:08:55.096
643223390439893437,2285,30.89,11:08:55.101
643517097483463106,2286,38.01,11:08:55.106
643881121731602887,2287,86.06,11:08:55.111
644159985368197580,2288,84.54,11:08:55.116
644403269495712209,2289,62.31,11:08:55.121
644623962095249878,2290,26.93,11:08:55.126
644972472921516507,2291,65.95,11:08:55.131
645208026107898336,2292,39.22,11:08:55.136
645566003042085349,2293,83.75,11:08:55.141
645783637624908266,2294,46.59,11:08:55.146
646144483597249007,2295,92.79,11:08:55.151
646353648504564212,2296,50.7,11:08:55.156
646624867099372025,2297,44.73,11:08:55.161
646945855775205886,2298,67.73,11:08:55.166
647213415057877507,2299,59.63,11:08:55.171
647416859068754440,2300,14.21,11:08:55.176
647780110222780941,2301,61.81,11:08:55.181
648078060694039058,2302,71.4,11:08:55.186
648313682599897623,2303,44.71,11:08:55.191
648648586969770524,2304,75.81,11:08:55.196
648899619218287137,2305,58.09,11:08:55.201
649215608552188454,2306,78.18,11:08:55.206
649442211026725419,2307,46.24,11:08:55.211
649749816584464944,2308,61.45,11:08:55.216
649988273168738869,2309,36.41,11:08:55.221
650358276011354682,2310,87.94,11:08:55.226
650616163027675711,2311,74.21,11:08:55.231
650876953441888836,2312,62.17,11:08:55.236
651158789195852361,2313,62.38,11:08:55.241
651344623840815694,2314,6.71,11:08:55.246
651666076373117523,2315,29.98,11:08:55.251
652049891830557272,2316,89.55,11:08:55.256
652204338854521437,2317,15.61,11:08:55.261
652551544010730082,2318,53.87,11:08:55.266
652793728626616935,2319,31.0,11:08:55.271
653145039771560556,2320,71.65,11:08:55.276
653358430926695025,2321,32.02,11:08:55.281
653723863924107894,2322,80.89,11:08:55.286
654032998490204795,2323,96.99,11:08:55.291
654255752674044544,2324,62.81,11:08:55.296
654545594247047813,2325,67.68,11:08:55.301
654764019103853194,2326,30.98,11:08:55.306
655120930886150799,2327,74.89,11:08:55.311
655311507175008916,2328,21.98,11:08:55.316
655588979242199705,2329,19.65,11:08:55.321
655901481062656670,2330,37.71,11:08:55.326
656168164171999907,2331,29.1,11:08:55.331
656419110521170600,2332,11.33,11:08:55.336
656705962796935853,2333,14.46,11:08:55.341
657093008069782194,2334,75.91,11:08:55.346
657247987669691063,2335,2.28,11:08:55.351
657608352605694652,2336,48.2,11:08:55.356
657846826369837761,2337,23.17,11:08:55.361
658215970218994374,2338,74.2,11:08:55.366
658499094463146699,2339,75.16,11:08:55.371
658731125776345808,2340,46.38,11:08:55.376
659010642247969493,2341,45.24,11:08:55.381
659304469550623450,2342,52.43,11:08:55.386
659590394113452767,2343,55.02,11:08:55.391
659848452928465636,2344,41.39,11:08:55.396
660119173307067113,2345,35.13,11:08:55.401
660478765148957422,2346,80.6,11:08:55.406
660648347637672691,2347,15.47,11:08:55.411
660990536272079608,2348,50.81,11:08:55.416
661352825353431805,2349,97.85,11:08:55.421
661585251803622146,2350,69.3,11:08:55.426
661870987387890439,2351,71.78,11:08:55.431
662117759028849420,2352,51.58,11:08:55.436
662473605659257617,2353,94.87,11:08:55.441
662612745419778838,2354,12.02,11:08:55.446
662902741611604763,2355,16.98,11:08:55.451
663164562817968928,2356,5.54,11:08:55.456
663447824501074725,2357,6.58,11:08:55.461
663732340314630954,2358,8.35,11:08:55.466
664025016566049583,2359,14.87,11:08:55.471
664359628878146356,2360,45.8,11:08:55.476
664587055986404153,2361,14.34,11:08:55.481
664922029075753790,2362,45.48,11:08:55.486
665282290932542275,2363,91.34,11:08:55.491
665530041826044744,2364,71.71,11:08:55.496
665840636681022285,2365,88.66,11:08:55.501
666110309087603538,2366,81.79,11:08:55.506
666302981320502103,2367,30.1,11:08:55.511
666623128182745948,2368,52.61,11:08:55.516
666888402542816097,2369,43.18,11:08:55.521
667121413108558694,2370,14.97,11:08:55.526
667408059225893739,2371,17.98,11:08:55.531
667728893282904944,2372,40.89,11:08:55.536
668034660594641781,2373,55.03,11:08:55.541
668365441795910522,2374,83.73,11:08:55.546
668652689208667007,2375,87.09,11:08:55.551
668794852626164612,2376,6.0,11:08:55.556
669131921659554697,2377,38.36,11:08:55.561
669518640514886542,2378,99.62,11:08:55.566
669728269278669715,2379,57.8,11:08:55.571
670019485241207704,2380,63.47,11:08:55.576
670311714816027549,2381,69.73,11:08:55.581
670563417079442338,2382,52.4,11:08:55.586
670760315560160167,2383,3.17,11:08:55.591
671102658813389740,2384,38.6,11:08:55.596
671387844641844145,2385,40.76,11:08:55.601
671729122743184310,2386,75.57,11:08:55.606
672022383110155195,2387,82.43,11:08:55.611
672323666476035008,2388,93.96,11:08:55.616
672552107196574661,2389,63.09,11:08:55.621
672828136154753994,2390,59.92,11:08:55.626
673108838037351375,2391,59.47,11:08:55.631
673410619619437524,2392,71.29,11:08:55.636
673595595270941657,2393,15.12,11:08:55.641
673869030068874206,2394,10.44,11:08:55.646
674170364974361571,2395,22.0,11:08:55.651
674554730187615208,2396,81.89,11:08:55.656
674760476300962797,2397,37.81,11:08:55.661
675083835798744050,2398,62.19,11:08:55.666
675329662546897911,2399,41.44,11:08:55.671
675676163328470012,2400,79.29,11:08:55.676
675950302501039105,2401,75.02,11:08:55.681
676257049065319430,2402,89.73,11:08:55.686
676535569104530443,2403,88.01,11:08:55.691
676735680220785680,2404,40.65,11:08:55.696
677102075290872853,2405,90.08,11:08:55.701
677392466619690010,2406,95.27,11:08:55.706
677513172380576799,2407,1.69,11:08:55.711
677847492634897444,2408,32.45,11:08:55.716
678190437183548457,2409,68.23,11:08:55.721
678461157562149934,2410,61.97,11:08:55.726
678744728482901043,2411,63.19,11:08:55.731
679041424823708728,2412,72.05,11:08:55.736
679216281532263485,2413,9.99,11:08:55.741
679582676602350658,2414,59.42,11:08:55.746
679886829006384199,2415,72.62,11:08:55.751
680053937593936972,2416,6.05,11:08:55.756
680342370417667153,2417,10.1,11:08:55.761
680756662963039318,2418,87.41,11:08:55.766
680994690050583643,2419,62.12,11:08:55.771
681235225399028832,2420,38.29,11:08:55.776
681463374061792357,2421,7.25,11:08:55.781
681762527123893354,2422,17.54,11:08:55.786
682083051943259247,2423,40.27,11:08:55.791
682395708382538868,2424,58.42,11:08:55.796
682624252182293625,2425,27.61,11:08:55.801
682989942877744254,2426,76.63,11:08:55.806
683146434306141315,2427,3.88,11:08:55.811
683463334173109384,2428,24.5,11:08:55.816
683808804162530445,2429,61.75,11:08:55.821
683987354542959762,2430,1.84,11:08:55.826
684428482043997335,2431,94.77,11:08:55.831
684715677917146268,2432,98.1,11:08:55.836
684867960277593249,2433,22.9,11:08:55.841
685202778748120230,2434,53.95,11:08:55.846
685482415478828203,2435,52.88,11:08:55.851
685746762125962416,2436,42.91,11:08:55.856
686019423829781685,2437,37.78,11:08:55.861
686372178083736762,2438,79.27,11:08:55.866
686676364847508671,2439,92.49,11:08:55.871
686948012939046084,2440,86.77,11:08:55.876
687233903142137033,2441,89.34,11:08:55.881
687426592554904782,2442,37.66,11:08:55.886
687751154643528915,2443,62.74,11:08:55.891
687957553591905496,2444,19.04,11:08:55.896
688278336109309149,2445,41.92,11:08:55.901
688588518647426274,2446,58.63,11:08:55.906
688857830276754663,2447,51.55,11:08:55.911
689140988880645356,2448,52.53,11:08:55.916
689367453916228849,2449,20.51,11:08:55.921
689757608745397494,2450,83.77,11:08:55.926
689915749441236219,2451,11.98,11:08:55.931
690304289362701568,2452,74.3,11:08:55.936
690534774487674117,2453,44.62,11:08:55.941
690862566391704842,2454,71.58,11:08:55.946
691163935656930575,2455,83.16,11:08:55.951
691420705981754644,2456,68.78,11:08:55.956
691669487667408153,2457,49.75,11:08:55.961
691910538411928862,2458,26.22,11:08:55.966
692310674745093411,2459,95.29,11:08:55.971
692562772145499432,2460,78.19,11:08:55.976
692872954683616557,2461,94.9,11:08:55.981
693113043355462962,2462,70.81,11:08:55.986
693291164239162679,2463,10.65,11:08:55.991
693618148689341756,2464,37.14,11:08:55.996
693890690134076737,2465,31.94,11:08:56.001
694270485502127430,2466,89.17,11:08:56.006
694474943125286219,2467,44.34,11:08:56.011
694696769596190032,2468,9.62,11:08:56.016
695111869595413845,2469,87.4,11:08:56.021
695402226564492634,2470,92.57,11:08:56.026
695625856921660767,2471,58.9,11:08:56.031
695889361755204964,2472,48.44,11:08:56.036
696169874659241321,2473,47.88,11:08:56.041
696519399097789806,2474,87.49,11:08:56.046
696758388258008435,2475,62.76,11:08:56.051
697101985641688440,2476,98.92,11:08:56.056
697357089519201661,2477,83.57,11:08:56.061
697602950627093890,2478,62.84,11:08:56.066
697847420165582215,2479,41.3,11:08:56.071
698214742948605324,2480,91.27,11:08:56.076
698510253878439313,2481,99.44,11:08:56.081
698720174699998614,2482,57.79,11:08:56.086
699070540952137115,2483,97.89,11:08:56.091
699297212146150816,2484,65.99,11:08:56.096
699615039726054821,2485,87.15,11:08:56.101
699886120881909162,2486,81.1,11:08:56.106
700081284195839407,2487,30.86,11:08:56.111
700329602025024948,2488,11.56,11:08:56.116
700762173951208889,2489,99.51,11:08:56.121
700958608575458750,2490,50.01,11:08:56.126
701165248042003907,2491,6.45,11:08:56.131
701456017327943112,2492,11.86,11:08:56.136
701808050027392461,2493,52.93,11:08:56.141
702027196438703570,2494,16.65,11:08:56.146
702407541562568151,2495,74.2,11:08:56.151
702649159242771932,2496,51.0,11:08:56.156
702892116952772065,2497,28.58,11:08:56.161
703165242513059302,2498,23.72,11:08:56.166
703508874256477675,2499,59.9,11:08:56.171
703743585629269488,2500,32.68,11:08:56.176
704134358933728757,2501,96.3,11:08:56.181
704331412033269242,2502,47.16,11:08:56.186
704539202551049727,2503,4.27,11:08:56.191
704895616117140996,2504,47.89,11:08:56.196
705182571472121353,2505,51.08,11:08:56.201
705425924319112718,2506,28.89,11:08:56.206
705799345955696147,2507,82.41,11:08:56.211
705960458768903704,2508,12.35,11:08:56.216
706346627868421661,2509,73.29,11:08:56.221
706505472938896930,2510,1.91,11:08:56.226
706892260513705511,2511,63.21,11:08:56.231
707107575814188588,2512,24.7,11:08:56.236
707360755546353201,2513,8.23,11:08:56.241
707676882319207990,2514,28.4,11:08:56.246
708044136382754363,2515,78.33,11:08:56.251
708303483687956032,2516,65.45,11:08:56.256
708580526258417221,2517,62.87,11:08:56.261
708851092018196042,2518,56.52,11:08:56.266
709192902695480911,2519,91.64,11:08:56.271
709345081976712788,2520,16.38,11:08:56.276
709691462499200601,2521,54.16,11:08:56.281
710050676383968862,2522,99.41,11:08:56.286
710227818015125091,2523,38.68,11:08:56.291
710483591907536488,2524,23.72,11:08:56.296
710802106682207853,2525,45.28,11:08:56.301
711138643139653234,2526,77.33,11:08:56.306
711317090440867447,2527,17.36,11:08:56.311
711606021480803964,2528,21.7,11:08:56.316
711862774625758849,2529,7.31,11:08:56.321
712237793990176390,2530,61.76,11:08:56.326
712517636879314571,2531,60.81,11:08:56.331
712775489535897232,2532,47.06,11:08:56.336
713143585413033621,2533,97.48,11:08:56.341
713283274929368730,2534,14.95,11:08:56.346
713650838230560415,2535,65.06,11:08:56.351
713930990357343908,2536,64.29,11:08:56.356
714201521757384361,2537,57.92,11:08:56.361
714536340227911342,2538,88.97,11:08:56.366
714709736647585459,2539,26.06,11:08:56.371
714960579917541048,2540,8.23,11:08:56.376
715377123025776317,2541,86.85,11:08:56.381
715574760240869058,2542,38.05,11:08:56.386
715925573169606343,2543,78.41,11:08:56.391
716075003671768780,2544,1.55,11:08:56.396
716495893286907601,2545,82.7,11:08:56.401
716669976901349078,2546,20.19,11:08:56.406
717033520113151707,2547,67.96,11:08:56.411
717353203118927584,2548,90.2,11:08:56.416
717519212194852581,2549,22.99,11:08:56.421
717929639269658346,2550,98.05,11:08:56.426
718192559987650287,2551,87.25,11:08:56.431
718473175970901748,2552,86.75,11:08:56.436
718665281268117241,2553,34.73,11:08:56.441
718960551679782654,2554,42.76,11:08:56.446
719283567580180227,2555,66.94,11:08:56.451
719491443997306632,2556,24.1,11:08:56.456
719745602982014733,2557,8.2,11:08:56.461
720041749567008530,2558,16.74,11:08:56.466
720457674199953175,2559,95.0,11:08:56.471
720627325408145180,2560,29.91,11:08:56.476
720897186793287457,2561,23.15,11:08:56.481
721248308959670054,2562,63.69,11:08:56.486
721450052163497771,2563,17.28,11:08:56.491
721804661843324720,2564,59.85,11:08:56.496
721997024838577973,2565,7.98,11:08:56.501
722348799839989562,2566,48.9,11:08:56.506
722554133636476735,2567,4.58,11:08:56.511
722937485237448516,2568,63.88,11:08:56.516
723114764307558217,2569,3.23,11:08:56.521
723487172331859790,2570,56.16,11:08:56.526
723683486697025363,2571,6.59,11:08:56.531
723975578832891736,2572,12.77,11:08:56.536
724257517666070365,2573,13.04,11:08:56.541
724670659160207202,2574,89.68,11:08:56.546
724825947997761383,2575,16.23,11:08:56.551
725122214841839468,2576,24.84,11:08:56.556
725505806960979825,2577,84.28,11:08:56.561
725704990364299126,2578,36.38,11:08:56.566
726067142006697851,2579,83.34,11:08:56.571
726354131721416576,2580,86.55,11:08:56.576
726530276920160133,2581,25.24,11:08:56.581
726834034187202442,2582,38.21,11:08:56.586
727184297360125839,2583,78.25,11:08:56.591
727427014551957396,2584,55.69,11:08:56.596
727649700016320409,2585,21.47,11:08:56.601
728020871090040734,2586,73.68,11:08:56.606
728181520046780323,2587,3.35,11:08:56.611
728573908258942888,2588,67.91,11:08:56.616
728819923985657773,2589,47.27,11:08:56.621
729165222176386994,2590,84.42,11:08:56.626
729470336653094839,2591,98.18,11:08:56.631
729619372018266044,2592,21.09,11:08:56.636
729879612676665281,2593,8.73,11:08:56.641
730276398935338950,2594,75.85,11:08:56.646
730591580815388619,2595,95.47,11:08:56.651
730871303445442512,2596,94.45,11:08:56.656
731069043739750357,2597,45.71,11:08:56.661
731371048660135898,2598,57.66,11:08:56.666
731669944024199135,2599,67.8,11:08:56.671
731996327178956772,2600,93.94,11:08:56.676
732127890617167849,2601,6.68,11:08:56.681
732456936651649006,2602,34.37,11:08:56.686
732750970112733171,2603,41.68,11:08:56.691
733074295250776056,2604,66.04,11:08:56.696
733366576365203453,2605,72.33,11:08:56.701
733679078185660418,2606,90.39,11:08:56.706
733973884740857863,2607,98.15,11:08:56.711
734239485518442508,2608,88.91,11:08:56.716
734481841933021201,2609,66.14,11:08:56.721
734703324806541334,2610,31.22,11:08:56.726
735093926312308763,2611,94.74,11:08:56.731
735299311648403488,2612,50.45,11:08:56.736
735564963965595685,2613,41.24,11:08:56.741
735933386260246570,2614,91.85,11:08:56.746
736164489860509743,2615,62.53,11:08:56.751
736509014957125684,2616,99.23,11:08:56.756
736744001207824441,2617,72.17,11:08:56.761
737059337706696766,2618,91.88,11:08:56.766
737327652903612483,2619,84.22,11:08:56.771
737493129403592776,2620,16.7,11:08:56.776
737900068964954189,2621,89.73,11:08:56.781
738120022830116946,2622,53.92,11:08:56.786
738471368334798935,2623,94.59,11:08:56.791
738614614084055132,2624,14.13,11:08:56.796
738946460437213281,2625,43.45,11:08:56.801
739262638749675622,2626,63.65,11:08:56.806
739587029039607915,2627,88.63,11:08:56.811
739717596045406320,2628,0.79,11:08:56.816
740163379290992757,2629,96.43,11:08:56.821
740282951180513402,2630,2.19,11:08:56.826
740594130151043199,2631,19.48,11:08:56.831
740854611327611012,2632,7.26,11:08:56.836
741212055685853321,2633,51.48,11:08:56.841
741505247333347470,2634,58.3,11:08:56.846
741845322843844755,2635,92.41,11:08:56.851
742081786563293336,2636,66.21,11:08:56.856
742355255720964253,2637,61.55,11:08:56.861
742531177581408418,2638,0.11,11:08:56.866
742944147276853415,2639,76.65,11:08:56.871
743189355549716652,2640,55.54,11:08:56.876
743487082682675377,2641,65.0,11:08:56.881
743717980124508342,2642,35.56,11:08:56.886
743979148495843515,2643,23.74,11:08:56.891
744388493238890688,2644,98.17,11:08:56.896
744583364495044805,2645,47.76,11:08:56.901
744809296954683594,2646,15.43,11:08:56.906
745178372084363471,2647,66.42,11:08:56.911
745439712254390484,2648,54.7,11:08:56.916
745678529615917273,2649,29.87,11:08:56.921
745944216292847838,2650,20.68,11:08:56.926
746202756144197859,2651,7.33,11:08:56.931
746625449645601000,2652,89.53,11:08:56.936
746835868683366637,2653,48.17,11:08:56.941
747046562599039218,2654,6.97,11:08:56.946
747402220250886391,2655,50.15,11:08:56.951
747711887392927996,2656,66.56,11:08:56.956
747904130129096961,2657,14.62,11:08:56.961
748160883274051846,2658,0.23,11:08:56.966
748561088326693131,2659,69.34,11:08:56.971
748752557968748816,2660,16.95,11:08:56.976
749085967690002709,2661,47.18,11:08:56.981
749321452156907802,2662,20.41,11:08:56.986
749679188572926239,2663,64.8,11:08:56.991
749989594449342756,2664,81.64,11:08:56.996
750296581531791657,2665,96.49,11:08:57.001
750494648243613998,2666,47.94,11:08:57.006
750835874805346611,2667,82.72,11:08:57.011
751118140056039736,2668,83.18,11:08:57.016
751286159176659261,2669,17.14,11:08:57.021
751670627469128002,2670,77.09,11:08:57.026
751991409986531655,2671,99.97,11:08:57.031
752239951154016588,2672,80.8,11:08:57.036
752549240338936145,2673,96.99,11:08:57.041
752757838310568278,2674,54.57,11:08:57.046
753032252361044315,2675,50.46,11:08:57.051
753371606317035872,2676,84.15,11:08:57.056
753555465277043045,2677,27.33,11:08:57.061
753924557586592106,2678,78.33,11:08:57.066
754194333072388463,2679,71.52,11:08:57.071
754390595897946484,2680,21.92,11:08:57.076
754646696207872377,2681,7.15,11:08:57.081
755015290301215102,2682,57.86,11:08:57.086
755335523062804867,2683,80.42,11:08:57.091
755564376100204936,2684,49.79,11:08:57.096
755793143238259085,2685,19.11,11:08:57.101
756168111063069074,2686,73.53,11:08:57.106
756402186780701079,2687,45.94,11:08:57.111
756615062539760028,2688,6.01,11:08:57.116
756966974980125089,2689,47.01,11:08:57.121
757176380405608870,2690,5.06,11:08:57.126
757486700382679467,2691,21.85,11:08:57.131
757747868754014640,2692,10.03,11:08:57.136
758103543585730997,2693,53.22,11:08:57.141
758375724253213114,2694,47.81,11:08:57.146
758743407813489087,2695,97.99,11:08:57.151
758912234387960260,2696,32.42,11:08:57.156
759244974094315977,2697,62.26,11:08:57.161
759517257841013198,2698,56.91,11:08:57.166
759839689625858515,2699,80.75,11:08:57.171
760014924291535320,2700,18.91,11:08:57.176
760284751316939229,2701,12.13,11:08:57.181
760714093427716578,2702,98.2,11:08:57.186
760902573772534247,2703,44.07,11:08:57.191
761144380431299052,2704,20.98,11:08:57.196
761407816545366513,2705,10.48,11:08:57.201
761743803246998006,2706,42.21,11:08:57.206
762117774639395323,2707,96.05,11:08:57.211
762373101855207936,2708,80.83,11:08:57.216
762643719154594309,2709,74.51,11:08:57.221
762834965458350602,2710,21.99,11:08:57.226
763088901104759311,2711,5.96,11:08:57.231
763447341895414292,2712,50.76,11:08:57.236
763703682723508761,2713,36.13,11:08:57.241
764083443731821086,2714,93.34,11:08:57.246
764258575318282787,2715,31.44,11:08:57.251
764582690730308136,2716,56.26,11:08:57.256
764811371969016365,2717,25.53,11:08:57.261
765138030001680946,2718,51.83,11:08:57.266
765440515958403639,2719,64.06,11:08:57.271
765763703657493052,2720,88.34,11:08:57.276
765958282855871041,2721,37.76,11:08:57.281
766232542287524422,2722,33.56,11:08:57.286
766534615927386699,2723,45.55,11:08:57.291
766883796768551504,2724,84.96,11:08:57.296
767124864692941397,2725,61.44,11:08:57.301
767361019174744666,2726,35.06,11:08:57.306
767710182836040287,2727,74.46,11:08:57.311
767999904149959268,2728,79.26,11:08:57.316
768159917451539049,2729,8.56,11:08:57.321
768452765501649518,2730,15.18,11:08:57.326
768837336873333363,2731,75.19,11:08:57.331
769002607214883448,2732,7.55,11:08:57.336
769321877903798909,2733,29.55,11:08:57.341
769572377576370818,2734,11.52,11:08:57.346
769971517477122695,2735,80.01,11:08:57.351
770274295491621516,2736,92.41,11:08:57.356
770423244957446801,2737,15.27,11:08:57.361
770792972922155670,2738,66.64,11:08:57.366
771129354760778395,2739,98.6,11:08:57.371
771277359333798560,2740,20.91,11:08:57.376
771686978954752677,2741,95.5,11:08:57.381
771950226090259114,2742,84.89,11:08:57.386
772117729814803119,2743,18.55,11:08:57.391
772436811525157556,2744,40.44,11:08:57.396
772750653375410873,2745,59.28,11:08:57.401
773061746446594750,2746,76.52,11:08:57.406
773322158903685827,2747,64.26,11:08:57.411
773570545452348104,2748,45.0,11:08:57.416
773885916310958797,2749,64.73,11:08:57.421
774070101688480466,2750,8.1,11:08:57.426
774357778597966551,2751,11.71,11:08:57.431
774766212807946972,2752,85.61,11:08:57.436
775054302034293473,2753,89.46,11:08:57.441
775345500816962278,2754,95.12,11:08:57.446
775463973194855147,2755,0.24,11:08:57.451
775809408824537840,2756,37.47,11:08:57.456
776118577750373109,2757,53.59,11:08:57.461
776414844594451194,2758,62.2,11:08:57.466
776619525555909375,2759,17.5,11:08:57.471
776935257191772932,2760,37.44,11:08:57.476
777198246629241609,2761,26.68,11:08:57.481
777552014495478542,2762,68.76,11:08:57.486
777884754201834259,2763,98.6,11:08:57.491
778148121596424984,2764,88.06,11:08:57.496
778348078093857565,2765,40.61,11:08:57.501
778656388026233634,2766,56.23,11:08:57.506
778962911252214567,2767,70.81,11:08:57.511
779226450445497132,2768,60.37,11:08:57.516
779508698516321073,2769,60.82,11:08:57.521
779807026944701238,2770,70.63,11:08:57.526
780127792282235707,2771,93.5,11:08:57.531
780359531537658688,2772,64.55,11:08:57.536
780538150637564741,2773,4.68,11:08:57.541
780970378966365002,2774,92.43,11:08:57.546
781133879781389135,2775,23.76,11:08:57.551
781476068415796052,2776,59.1,11:08:57.556
781782986778768217,2777,73.91,11:08:57.561
782077999492395870,2778,81.79,11:08:57.566
782307608444040035,2779,51.6,11:08:57.571
782620642840441704,2780,69.97,11:08:57.576
782921599788807021,2781,81.31,11:08:57.581
783099651953030002,2782,21.11,11:08:57.586
783453059042014071,2783,62.98,11:08:57.591
783671707237118844,2784,26.41,11:08:57.596
784005013879157633,2785,56.58,11:08:57.601
784274737825346438,2786,49.74,11:08:57.606
784545028707218315,2787,43.23,11:08:57.611
784880792070550416,2788,74.83,11:08:57.616
785097842537821077,2789,37.33,11:08:57.621
785415240620995482,2790,58.24,11:08:57.626
785745214368412575,2791,86.47,11:08:57.631
785887601124209572,2792,5.51,11:08:57.636
786196185934492585,2793,21.29,11:08:57.641
786465463204082606,2794,14.19,11:08:57.646
786768756614656947,2795,26.89,11:08:57.651
787106598742160312,2796,59.7,11:08:57.656
787407555690525629,2797,71.04,11:08:57.661
787666817096381378,2798,58.11,11:08:57.666
787984627496416199,2799,79.26,11:08:57.671
788196335024370636,2800,38.65,11:08:57.676
788527408283415505,2801,67.52,11:08:57.681
788812662831346646,2802,69.72,11:08:57.686
788998669275001819,2803,14.15,11:08:57.691
789260164063851488,2804,2.52,11:08:57.696
789545470151390181,2805,4.75,11:08:57.701
789902759890809834,2806,48.88,11:08:57.706
790218903843533807,2807,69.06,11:08:57.711
790465881642922996,2808,48.98,11:08:57.716
790779482975007737,2809,67.68,11:08:57.721
791052539815818238,2810,62.78,11:08:57.726
791362224137729027,2811,79.2,11:08:57.731
791572471376802824,2812,37.74,11:08:57.736
791792597040657421,2813,2.03,11:08:57.741
792115819099485202,2814,26.33,11:08:57.746
792480307204092951,2815,74.65,11:08:57.751
792663839746585628,2816,17.64,11:08:57.756
793015889625904161,2817,58.72,11:08:57.761
793230620810834982,2818,19.87,11:08:57.766
793605124779177003,2819,74.02,11:08:57.771
793807228760257584,2820,27.82,11:08:57.776
794052351133774901,2821,6.66,11:08:57.781
794474701037794362,2822,88.66,11:08:57.786
794645090980361279,2823,24.0,11:08:57.791
794895659372409924,2824,6.01,11:08:57.796
795175313282987081,2825,4.95,11:08:57.801
795603418443183182,2826,90.3,11:08:57.806
795892882059064403,2827,94.95,11:08:57.811
796087564336657496,2828,44.43,11:08:57.816
796448427488867421,2829,90.64,11:08:57.821
796575438261744738,2830,0.73,11:08:57.826
796912644734088295,2831,33.17,11:08:57.831
797285087118128236,2832,86.12,11:08:57.836
797540929730016369,2833,71.2,11:08:57.841
797825531442918518,2834,73.02,11:08:57.846
798146949615481979,2835,96.27,11:08:57.851
798305588527527040,2836,24.77,11:08:57.856
798570210052568197,2837,14.96,11:08:57.861
798916435956233354,2838,52.65,11:08:57.866
799124707510350991,2839,10.04,11:08:57.871
799469181067359380,2840,46.71,11:08:57.876
799749504992834713,2841,46.04,11:08:57.881
800005416324199582,2842,31.16,11:08:57.886
800359355989128355,2843,73.34,11:08:57.891
800650606311404712,2844,79.03,11:08:57.896
800906998679106733,2845,64.43,11:08:57.901
801099636552266930,2846,12.72,11:08:57.906
801429627479553207,2847,40.96,11:08:57.911
801671554397402300,2848,17.94,11:08:57.916
802007077242565825,2849,49.4,11:08:57.921
802278725334103238,2850,43.68,11:08:57.926
802572879054271691,2851,51.06,11:08:57.931
802919328296236240,2852,88.88,11:08:57.936
803107310424847573,2853,34.46,11:08:57.941
803481333356852442,2854,88.33,11:08:57.946
803773717550494943,2855,94.68,11:08:57.951
804000096686732516,2856,62.61,11:08:57.956
804198936492668137,2857,14.51,11:08:57.961
804531590299677934,2858,44.3,11:08:57.966
804801984260764915,2859,37.85,11:08:57.971
805111153186600184,2860,53.97,11:08:57.976
805432365200733437,2861,77.1,11:08:57.981
805741138989577474,2862,92.99,11:08:57.986
805870898541524231,2863,4.68,11:08:57.991
806254559380141324,2864,64.16,11:08:57.996
806449035499304209,2865,13.52,11:08:58.001
806801033839015190,2866,54.57,11:08:58.006
806990802674021659,2867,1.19,11:08:58.011
807366423333860640,2868,55.99,11:08:58.016
807689112816743717,2869,79.98,11:08:58.021
807838680757859626,2870,3.2,11:08:58.026
808238095536518447,2871,71.85,11:08:58.031
808503576055018804,2872,62.54,11:08:58.036
808747616096777529,2873,40.75,11:08:58.041
808978513538610494,2874,11.31,11:08:58.046
809371760744232259,2875,76.37,11:08:58.051
809679898877916488,2876,91.89,11:08:58.056
809845220759074125,2877,24.28,11:08:58.061
810184935492318546,2878,58.18,11:08:58.066
810510854790608215,2879,84.05,11:08:58.071
810801830234977628,2880,89.58,11:08:58.076
811033071274194273,2881,60.34,11:08:58.081
811319665851921766,2882,63.32,11:08:58.086
811529277435835755,2883,21.49,11:08:58.091
811894693253379440,2884,70.35,11:08:58.096
812166581863085429,2885,64.77,11:08:58.101
812431804683548026,2886,55.31,11:08:58.106
812761933049787775,2887,83.63,11:08:58.111
812963933951653252,2888,37.37,11:08:58.116
813232352227784073,2889,29.77,11:08:58.121
813593662056592782,2890,76.24,11:08:58.126
813779565421032851,2891,20.61,11:08:58.131
814070661124486552,2892,26.21,11:08:58.136
814349902718203293,2893,24.91,11:08:58.141
814749025439085986,2894,93.39,11:08:58.146
814923366751565223,2895,31.03,11:08:58.151
815313882357986732,2896,94.5,11:08:58.156
815464996487329201,2897,18.62,11:08:58.161
815745509391365558,2898,18.06,11:08:58.166
816160970167842235,2899,96.05,11:08:58.171
816413582964323776,2900,79.25,11:08:58.176
816651111835661765,2901,53.67,11:08:58.181
817009483906840010,2902,98.43,11:08:58.186
817241772918076879,2903,69.8,11:08:58.191
817459338781423060,2904,32.6,11:08:58.196
817710972325361113,2905,15.23,11:08:58.201
817970061932525022,2906,2.2,11:08:58.206
818351317589456355,2907,60.28,11:08:58.211
818607692777289192,2908,45.67,11:08:58.216
818940123245999597,2909,75.33,11:08:58.221
819219347659847154,2910,74.02,11:08:58.226
819528550945420791,2911,90.16,11:08:58.231
819792210397787644,2912,79.79,11:08:58.236
820079440630674945,2913,83.14,11:08:58.241
820328239496197638,2914,64.12,11:08:58.246
820526752884618763,2915,15.83,11:08:58.251
820817436271212048,2916,21.19,11:08:58.256
821114321590580757,2917,30.16,11:08:58.261
821470769516410394,2918,73.8,11:08:58.266
821681205734045215,2919,32.45,11:08:58.271
821951513795786276,2920,25.95,11:08:58.276
822280748808828457,2921,53.75,11:08:58.281
822480241449793070,2922,6.03,11:08:58.286
822904773197198899,2923,89.3,11:08:58.291
823182571681904184,2924,87.16,11:08:58.296
823404037375555133,2925,52.23,11:08:58.301
823676578820290114,2926,47.03,11:08:58.306
824004095846413895,2927,73.83,11:08:58.311
824289676811859532,2928,76.22,11:08:58.316
824479978222810705,2929,23.15,11:08:58.321
824857849445512790,2930,79.26,11:08:58.326
825122848927675995,2931,69.67,11:08:58.331
825334985952360032,2932,29.31,11:08:58.336
825656146426885733,2933,52.41,11:08:58.341
825984196028954218,2934,79.52,11:08:58.346
826229644819986031,2935,58.55,11:08:58.351
826559962164786804,2936,86.98,11:08:58.356
826810530556835449,2937,68.99,11:08:58.361
827006638763570814,2938,19.3,11:08:58.366
827316512064042627,2939,35.83,11:08:58.371
827628687466985096,2940,53.7,11:08:58.376
827917120290715277,2941,57.75,11:08:58.381
828257642477811346,2942,92.12,11:08:58.386
828521679887300247,2943,81.97,11:08:58.391
828755154309510812,2944,54.03,11:08:58.396
828954732849821345,2945,6.36,11:08:58.401
829289259262572198,2946,37.24,11:08:58.406
829557952416609963,2947,29.8,11:08:58.411
829868856509232816,2948,46.93,11:08:58.416
830124441423083189,2949,31.86,11:08:58.421
830454054393247418,2950,59.88,11:08:58.426
830801070570895039,2951,98.03,11:08:58.431
831066207492011716,2952,88.52,11:08:58.436
831293754859353801,2953,57.13,11:08:58.441
831631511087511246,2954,89.89,11:08:58.446
831813566161254099,2955,32.02,11:08:58.451
832064254812387032,2956,14.1,11:08:58.456
832344200780740317,2957,13.21,11:08:58.461
832730387060127458,2958,74.16,11:08:58.466
832892616564831975,2959,4.75,11:08:58.471
833308283499738860,2960,82.86,11:08:58.476
833541362784958193,2961,54.69,11:08:58.481
833880888539641590,2962,88.48,11:08:58.486
834061156906989307,2963,29.57,11:08:58.491
834369982235440896,2964,45.49,11:08:58.496
834741754604582661,2965,98.05,11:08:58.501
835023470099461898,2966,98.19,11:08:58.506
835245279390496527,2967,63.46,11:08:58.511
835495658803984148,2968,45.36,11:08:58.516
835767461514344217,2969,39.73,11:08:58.521
836046634388584222,2970,38.39,11:08:58.526
836349687280989987,2971,50.95,11:08:58.531
836551327405602600,2972,4.48,11:08:58.536
836878432114865965,2973,31.04,11:08:58.541
837172843533072178,2974,38.57,11:08:58.546
837415234307389239,2975,15.82,11:08:58.551
837706089492674364,2976,21.28,11:08:58.556
837973511336392513,2977,13.1,11:08:58.561
838292232269494086,2978,34.78,11:08:58.566
838613289664804683,2979,57.82,11:08:58.571
838957505523775312,2980,94.34,11:08:58.576
839224686849324885,2981,86.02,11:08:58.581
839404903677065050,2982,27.08,11:08:58.586
839714330300938079,2983,43.35,11:08:58.591
840025165674084196,2984,60.44,11:08:58.596
840261285796149097,2985,34.04,11:08:58.601
840532504390956910,2986,28.07,11:08:58.606
840773778473777011,2987,4.67,11:08:58.611
841072776917055352,2988,14.87,11:08:58.616
841470009852327805,2989,82.25,11:08:58.621
841754611565229954,2990,84.07,11:08:58.626
841949242303215495,2991,33.52,11:08:58.631
842341424356947852,2992,97.96,11:08:58.636
842549884889626513,2993,55.46,11:08:58.641
842811740455729046,2994,44.04,11:08:58.646
843052619401557915,2995,20.41,11:08:58.651
843310643856832416,2996,6.76,11:08:58.656
843723424573716389,2997,83.19,11:08:58.661
843970934949050282,2998,63.42,11:08:58.666
844259024175396783,2999,67.27,11:08:58.671
844546220048545716,3000,70.6,11:08:58.676
844736968136095673,3001,17.79,11:08:58.681
845026723809753022,3002,22.61,11:08:58.686
845356783456516035,3003,50.89,11:08:58.691
845665986742089672,3004,67.03,11:08:58.696
845963370277664717,3005,76.29,11:08:58.701
846147005899372498,3006,19.34,11:08:58.706
846527110505068503,3007,76.75,11:08:58.711
846732908158023644,3008,32.7,11:08:58.716
847069169737562081,3009,64.59,11:08:58.721
847320734562023398,3010,47.18,11:08:58.726
847546529582708715,3011,14.77,11:08:58.731
847933093819217904,3012,75.94,11:08:58.736
848178491070642165,3013,54.94,11:08:58.741
848390679634933754,3014,14.61,11:08:58.746
848673340022618111,3015,15.3,11:08:58.751
849081172937177092,3016,88.85,11:08:58.756
849374124066502665,3017,95.53,11:08:58.761
849591019914950670,3018,57.94,11:08:58.766
849852188286285843,3019,46.12,11:08:58.771
850117600085309464,3020,36.77,11:08:58.776
850488187043477533,3021,88.64,11:08:58.781
850703914660821026,3022,50.37,11:08:58.786
851065757065574439,3023,97.15,11:08:58.791
851215651424204844,3024,20.56,11:08:58.796
851548133432522801,3025,50.25,11:08:58.801
851900526909225014,3026,91.53,11:08:58.806
852067326259132475,3027,24.78,11:08:58.811
852432295400077376,3028,73.38,11:08:58.816
852642765977450565,3029,32.05,11:08:58.821
853020207703423050,3030,87.91,11:08:58.826
853162388300789839,3031,6.83,11:08:58.831
853445649983895636,3032,7.87,11:08:58.836
853792082045991001,3033,45.68,11:08:58.841
854015300086298718,3034,11.77,11:08:58.846
854346338985605219,3035,40.62,11:08:58.851
854638517020817512,3036,46.85,11:08:58.856
854932636381247597,3037,54.21,11:08:58.861
855268159226411122,3038,85.67,11:08:58.866
855422674969852023,3039,11.77,11:08:58.871
855758369613707388,3040,43.33,11:08:58.876
856003543526832257,3041,22.2,11:08:58.881
856301098861099142,3042,31.56,11:08:58.886
856594376407939211,3043,38.43,11:08:58.891
856853122417719440,3044,25.2,11:08:58.896
857171602832652437,3045,46.74,11:08:58.901
857396246802102426,3046,13.66,11:08:58.906
857663221969221791,3047,5.22,11:08:58.911
857976617142876324,3048,23.8,11:08:58.916
858266664874309801,3049,28.79,11:08:58.921
858560801414609070,3050,36.16,11:08:58.926
858914002345162931,3051,77.91,11:08:58.931
859105403267741880,3052,25.48,11:08:58.936
859349271510808765,3053,3.59,11:08:58.941
859648836889770178,3054,14.12,11:08:58.946
859957301440968903,3055,29.83,11:08:58.951
860304214539401420,3056,67.92,11:08:58.956
860508500363868369,3057,22.99,11:08:58.961
860874139519711446,3058,71.98,11:08:58.966
861075710924847323,3059,25.47,11:08:58.971
861482994083592416,3060,98.7,11:08:58.976
861711228645701861,3061,67.71,11:08:58.981
861885810476349674,3062,5.49,11:08:58.986
862313125362563311,3063,90.38,11:08:58.991
862601729984985332,3064,94.53,11:08:58.996
862801514683726073,3065,46.98,11:08:59.001
863073540732385534,3066,41.48,11:08:59.006
863289715026327811,3067,3.47,11:08:59.011
863643276734134536,3068,45.43,11:08:59.016
863907228244277517,3069,35.23,11:08:59.021
864289583412836626,3070,93.95,11:08:59.026
864538279199144215,3071,74.87,11:08:59.031
864856570635516188,3072,96.3,11:08:59.036
864991037471619361,3073,10.73,11:08:59.041
865302216442149158,3074,28.02,11:08:59.046
865634681270597931,3075,57.7,11:08:59.051
865844602092157232,3076,16.05,11:08:59.056
866172273737103669,3077,42.94,11:08:59.061
866483401168025914,3078,60.2,11:08:59.066
866790285171259711,3079,74.99,11:08:59.071
867037572208294212,3080,55.09,11:08:59.076
867351036101425481,3081,73.71,11:08:59.081
867667008255457614,3082,93.79,11:08:59.086
867927661230717267,3083,81.67,11:08:59.091
868208002336061784,3084,81.01,11:08:59.096
868375815298251101,3085,14.85,11:08:59.101
868673989107808610,3086,24.57,11:08:59.106
868953935076161895,3087,23.68,11:08:59.111
869268670279612780,3088,43.04,11:08:59.116
869596462183643505,3089,70.0,11:08:59.121
869903294647269750,3090,84.76,11:08:59.126
870179203346364795,3091,81.52,11:08:59.131
870412282631584128,3092,53.35,11:08:59.136
870759882924784005,3093,91.84,11:08:59.141
870968652695107978,3094,49.52,11:08:59.146
871335322643102095,3095,99.11,11:08:59.151
871460306191415700,3096,8.02,11:08:59.156
871767293273864601,3097,22.87,11:08:59.161
872144563201145246,3098,78.63,11:08:59.166
872373210080115107,3099,47.88,11:08:59.171
872587013552109992,3100,8.49,11:08:59.176
872942860182518189,3101,51.78,11:08:59.181
873159601412143538,3102,14.1,11:08:59.186
873428397645396407,3103,6.72,11:08:59.191
873705852532718012,3104,4.38,11:08:59.196
874051288162400705,3105,41.61,11:08:59.201
874374200983583174,3106,65.73,11:08:59.206
874653786174683595,3107,64.63,11:08:59.211
874988810803640784,3108,95.8,11:08:59.216
875224793486752213,3109,69.32,11:08:59.221
875512985792313818,3110,73.23,11:08:59.226
875750875440904671,3111,47.86,11:08:59.231
876078512726112740,3112,74.73,11:08:59.236
876273109104359913,3113,24.16,11:08:59.241
876556164629035502,3114,25.08,11:08:59.246
876962056218376691,3115,97.5,11:08:59.251
877200220744874488,3116,72.29,11:08:59.256
877520917362932221,3117,95.12,11:08:59.261
877688506986822146,3118,28.83,11:08:59.266
878010749793106439,3119,52.56,11:08:59.271
878307497673521676,3120,61.45,11:08:59.276
878502678167321105,3121,11.22,11:08:59.281
878808806256310806,3122,25.57,11:08:59.286
879214233989184027,3123,97.72,11:08:59.291
879452020558559776,3124,72.29,11:08:59.296
879677832759114277,3125,39.89,11:08:59.301
879914725975292458,3126,13.94,11:08:59.306
880309622448355887,3127,79.96,11:08:59.311
880547391837862452,3128,54.52,11:08:59.316
880900644308023865,3129,96.3,11:08:59.321
881062787913382462,3130,26.84,11:08:59.326
881305024068876867,3131,4.0,11:08:59.331
881650459698559560,3132,41.23,11:08:59.336
881998987704695373,3133,80.26,11:08:59.341
882201933499365970,3134,34.55,11:08:59.346
882534845004413527,3135,64.49,11:08:59.351
882726984661367388,3136,12.49,11:08:59.356
883071148980730465,3137,48.98,11:08:59.361
883298661988334182,3138,17.57,11:08:59.366
883715153556961899,3139,96.16,11:08:59.371
883875493276056176,3140,25.65,11:08:59.376
884135991632493173,3141,13.44,11:08:59.381
884518810657520250,3142,72.43,11:08:59.386
884782796527401599,3143,62.25,11:08:59.391
884985484624034436,3144,16.39,11:08:59.396
885273195893258889,3145,20.02,11:08:59.401
885615504786750094,3146,55.43,11:08:59.406
885925326547614355,3147,71.93,11:08:59.411
886137738450205336,3148,31.73,11:08:59.416
886382534406208157,3149,10.38,11:08:59.421
886793975093295778,3150,86.03,11:08:59.426
886975961447561895,3151,28.12,11:08:59.431
887352131863214764,3152,83.24,11:08:59.436
887536712377727665,3153,26.84,11:08:59.441
887899448135678646,3154,74.14,11:08:59.446
888215489009187515,3155,94.26,11:08:59.451
888390053659966144,3156,32.03,11:08:59.456
888707056606149317,3157,52.71,11:08:59.461
889032340249279178,3158,78.21,11:08:59.466
889203537645697743,3159,14.02,11:08:59.471
889601200077699796,3160,81.65,11:08:59.476
889790522236107481,3161,28.01,11:08:59.481
890171846612515550,3162,86.13,11:08:59.486
890453063891188451,3163,85.98,11:08:59.491
890685679319939816,3164,57.54,11:08:59.496
890963477804645101,3165,55.4,11:08:59.501
891205456262101746,3166,32.41,11:08:59.506
891521548675218167,3167,52.56,11:08:59.511
891835235906648828,3168,71.31,11:08:59.516
892079705445137153,3169,49.77,11:08:59.521
892413115166391046,3170,80.0,11:08:59.526
892655127983586059,3171,57.03,11:08:59.531
892963163038055184,3172,72.49,11:08:59.536
893202890932648725,3173,48.19,11:08:59.541
893466653464230682,3174,37.88,11:08:59.546
893747183548136223,3175,37.33,11:08:59.551
894026115904207652,3176,35.85,11:08:59.556
894251447068425001,3177,3.17,11:08:59.561
894677576543664942,3178,87.37,11:08:59.566
894862071158831923,3179,30.92,11:08:59.571
895242502182042424,3180,88.52,11:08:59.576
895421447699462973,3181,28.84,11:08:59.581
895779458993388354,3182,73.39,11:08:59.586
896104158520965959,3183,98.55,11:08:59.591
896253090806922060,3184,21.4,11:08:59.596
896532779077237585,3185,20.36,11:08:59.601
896894810460552022,3186,67.25,11:08:59.606
897109953962343259,3187,28.64,11:08:59.611
897390432506641248,3188,28.06,11:08:59.616
897766585742424933,3189,83.17,11:08:59.621
897905639603600234,3190,0.27,11:08:59.626
898249202627541871,3191,36.41,11:08:59.631
898587680410205044,3192,69.59,11:08:59.636
898789681312070521,3193,23.33,11:08:59.641
899069713179769726,3194,22.49,11:08:59.646
899320693888678787,3195,4.74,11:08:59.651
899679976492923784,3196,50.03,11:08:59.656
900008249433291661,3197,77.27,11:08:59.661
900272166583696274,3198,67.05,11:08:59.666
900446593795521431,3199,4.74,11:08:59.671
900736710246431644,3200,9.77,11:08:59.676
901104222008015777,3201,59.85,11:08:59.681
901355133997448102,3202,42.06,11:08:59.686
901564711221623723,3203,0.21,11:08:59.691
901902622068603824,3204,33.06,11:08:59.696
902177018939210677,3205,28.94,11:08:59.701
902457669282200506,3206,28.46,11:08:59.706
902774981466028991,3207,49.32,11:08:59.711
903067623357709252,3208,55.82,11:08:59.716
903256533199256521,3209,1.94,11:08:59.721
903613565240638414,3210,45.92,11:08:59.726
903828588483345363,3211,7.24,11:08:59.731
904187201072692184,3212,52.14,11:08:59.736
904529595865529309,3213,87.6,11:08:59.741
904780731193261026,3214,69.94,11:08:59.746
905035731991559143,3215,54.53,11:08:59.751
905387902129961964,3216,95.68,11:08:59.756
905575179883936753,3217,40.85,11:08:59.761
905925838193851382,3218,81.12,11:08:59.766
906220129352973307,3219,88.58,11:08:59.771
906424638515739648,3220,43.78,11:08:59.776
906668231880899589,3221,21.73,11:08:59.781
906923284218805258,3222,6.35,11:08:59.786
907310896427334671,3223,68.13,11:08:59.791
907511643198749716,3224,21.14,11:08:59.796
907790901972335641,3225,19.85,11:08:59.801
908206551727373342,3226,97.95,11:08:59.806
908335160228084771,3227,8.97,11:08:59.811
908760516609211432,3228,92.72,11:08:59.816
908943207338114093,3229,35.22,11:08:59.821
909270638464891954,3230,61.97,11:08:59.826
909562163665075255,3231,67.82,11:08:59.831
909731368196668476,3232,2.47,11:08:59.836
910053851521121345,3233,26.34,11:08:59.841
910363003267087430,3234,42.45,11:08:59.846
910738297509411915,3235,97.06,11:08:59.851
911004808820063312,3236,88.35,11:08:59.856
911284359651425365,3237,87.23,11:08:59.861
911569115983150170,3238,89.14,11:08:59.866
911714663834877023,3239,10.02,11:08:59.871
912009453210205284,3240,17.77,11:08:59.876
912326146918743145,3241,38.27,11:08:59.881
912712470637083758,3242,99.3,11:08:59.886
912933146056752243,3243,63.91,11:08:59.891
913137792658472056,3244,19.19,11:08:59.896
913401245952408701,3245,8.7,11:08:59.901
913692376015600770,3246,14.32,11:08:59.906
913986409476684935,3247,21.63,11:08:59.911
914314270100192396,3248,48.63,11:08:59.916
914527987672841361,3249,9.19,11:08:59.921
914916527594306710,3250,71.51,11:08:59.926
915173830495075483,3251,57.44,11:08:59.931
915496348179266720,3252,81.33,11:08:59.936
915726609965939877,3253,51.52,11:08:59.941
916081442984066218,3254,94.22,11:08:59.946
916349122525822127,3255,86.19,11:08:59.951
916504858039975092,3256,13.0,11:08:59.956
916876767848070329,3257,65.64,11:08:59.961
917116478562794686,3258,41.33,11:08:59.966
917442672738991299,3259,67.36,11:08:59.971
917647577038748872,3260,22.79,11:08:59.976
918055100715662541,3261,96.16,11:08:59.981
918183399978728658,3262,7.0,11:08:59.986
918618377086598359,3263,96.35,11:08:59.991
918884493260258524,3264,87.41,11:08:59.996
919117177408486625,3265,59.01,11:09:00.001
919425281182432486,3266,74.51,11:09:00.006
919722286760885483,3267,83.55,11:09:00.011
919999982166375664,3268,81.35,11:09:00.016
920188496870931701,3269,27.24,11:09:00.021
920490381532232954,3270,39.12,11:09:00.026
920723615436274943,3271,11.04,11:09:00.031
921123837668785412,3272,80.16,11:09:00.036
921310015911132425,3273,24.69,11:09:00.041
921673834000841998,3274,72.62,11:09:00.046
921928783259532563,3275,57.18,11:09:00.051
922276658430639384,3276,95.83,11:09:00.056
922408909063617821,3277,8.97,11:09:00.061
922750135625350434,3278,43.75,11:09:00.066
922977700172561703,3279,12.37,11:09:00.071
923286439601667372,3280,28.24,11:09:00.076
923530651442117937,3281,6.55,11:09:00.081
923958601983491382,3282,91.81,11:09:00.086
924143732253818171,3283,35.73,11:09:00.091
924500661215984960,3284,79.65,11:09:00.096
924680465726864709,3285,20.47,11:09:00.101
924952491775524170,3286,14.97,11:09:00.106
925236234494967119,3287,16.29,11:09:00.111
925512400892099924,3288,13.2,11:09:00.116
925913533657677145,3289,82.85,11:09:00.121
926110294699441502,3290,33.54,11:09:00.126
926419944661613923,3291,49.94,11:09:00.131
926753165404306792,3292,80.06,11:09:00.136
926977706294541677,3293,46.92,11:09:00.141
927316166897335666,3294,80.09,11:09:00.146
927611918345338231,3295,88.4,11:09:00.151
927762482718866812,3296,12.2,11:09:00.156
928123603569114497,3297,58.56,11:09:00.161
928436174109048198,3298,76.66,11:09:00.166
928620376666439051,3299,20.04,11:09:00.171
928978920536309136,3300,64.9,11:09:00.176
929205763529014677,3301,33.1,11:09:00.181
929443601637997978,3302,7.7,11:09:00.186
929789501124148639,3303,45.2,11:09:00.191
930119251533266340,3304,73.3,11:09:00.196
930404334282505641,3305,75.4,11:09:00.201
930591302798835118,3306,20.39,11:09:00.206
930928577990655411,3307,52.87,11:09:00.211
931272433072373176,3308,89.18,11:09:00.216
931500581735136701,3309,58.14,11:09:00.221
931727029590851010,3310,26.11,11:09:00.226
932015668573011399,3311,30.28,11:09:00.231
932350899360398796,3312,61.57,11:09:00.236
932557830884720081,3313,18.18,11:09:00.241
932972827804728790,3314,95.9,11:09:00.246
933195375830138331,3315,61.6,11:09:00.251
933537358306115040,3316,96.82,11:09:00.256
933676240368598501,3317,13.82,11:09:00.261
934002297105841642,3318,39.77,11:09:00.266
934309713685020143,3319,54.87,11:09:00.271
934504361602874868,3320,4.33,11:09:00.276
934891028918599161,3321,65.56,11:09:00.281
935194494127865342,3322,78.36,11:09:00.286
935437434657996291,3323,55.93,11:09:00.291
935713790033690120,3324,52.95,11:09:00.296
936052542694260237,3325,86.29,11:09:00.301
936190393964592658,3326,2.69,11:09:00.306
936541447411498519,3327,43.19,11:09:00.311
936798509794098716,3328,28.98,11:09:00.316
937198371249356321,3329,97.89,11:09:00.321
937337270491708966,3330,14.9,11:09:00.326
937684132050533931,3331,52.96,11:09:00.331
937911026582847024,3332,21.19,11:09:00.336
938166525597351477,3333,6.07,11:09:00.341
938520791679794746,3334,48.44,11:09:00.346
938869749182660159,3335,87.72,11:09:00.351
939161978757480004,3336,93.98,11:09:00.356
939287048205139529,3337,2.94,11:09:00.361
939717438287937102,3338,89.62,11:09:00.366
939852712577891923,3339,4.52,11:09:00.371
940175522319859288,3340,28.58,11:09:00.376
940527297321270877,3341,69.5,11:09:00.381
940703270721322594,3342,8.09,11:09:00.386
941010756019977831,3343,23.23,11:09:00.391
941273075442548332,3344,12.08,11:09:00.396
941563123173981809,3345,17.07,11:09:00.401
941829050369080950,3346,8.02,11:09:00.406
942137171322895995,3347,23.53,11:09:00.411
942441650144444032,3348,36.92,11:09:00.416
942694743977262725,3349,20.4,11:09:00.421
942963626109861514,3350,13.07,11:09:00.426
943286624830389903,3351,37.24,11:09:00.431
943644945361960596,3352,81.97,11:09:00.436
943883333226757785,3353,56.89,11:09:00.441
944195268111531678,3354,74.62,11:09:00.446
944403608385126051,3355,32.05,11:09:00.451
944671940761910952,3356,24.4,11:09:00.456
945068658301107885,3357,91.48,11:09:00.461
945287151877390002,3358,54.82,11:09:00.466
945506040590663351,3359,18.39,11:09:00.471
945868638909660860,3360,65.61,11:09:00.476
946056105642196673,3361,10.89,11:09:00.481
946375771468103366,3362,33.12,11:09:00.486
946706690108325579,3363,61.9,11:09:00.491
946960110358658768,3364,45.57,11:09:00.496
947277628700917461,3365,66.55,11:09:00.501
947599905866940122,3366,90.3,11:09:00.506
947786857203400415,3367,35.28,11:09:00.511
948176685615054564,3368,98.35,11:09:00.516
948303490229501673,3369,8.32,11:09:00.521
948721785684393710,3370,87.96,11:09:00.526
948926810243235571,3371,43.46,11:09:00.531
949178151729397496,3372,25.92,11:09:00.536
949472442888519421,3373,33.38,11:09:00.541
949758092573441794,3374,35.81,11:09:00.546
950143643197669127,3375,96.39,11:09:00.551
950301560555208460,3376,24.47,11:09:00.556
950581592422907665,3377,23.63,11:09:00.561
950989957913411350,3378,97.49,11:09:00.566
951194930932645659,3379,52.96,11:09:00.571
951473949188063008,3380,51.53,11:09:00.576
951809111255973669,3381,82.78,11:09:00.581
952056638811176746,3382,63.02,11:09:00.586
952238092589498159,3383,4.8,11:09:00.591
952647007835815732,3384,78.98,11:09:00.596
952941110016376633,3385,86.33,11:09:00.601
953152628565770046,3386,45.61,11:09:00.606
953368132844814147,3387,7.21,11:09:00.611
953640725829156680,3388,2.04,11:09:00.616
953920259480649549,3389,0.91,11:09:00.621
954235166482792274,3390,20.37,11:09:00.626
954649613646987095,3391,97.77,11:09:00.631
954927875988160348,3392,95.9,11:09:00.636
955172001929264993,3393,74.16,11:09:00.641
955382764564414310,3394,33.0,11:09:00.646
955619743679938411,3395,7.1,11:09:00.651
955915512307810160,3396,15.42,11:09:00.656
956317504066846581,3397,85.57,11:09:00.661
956579857849155450,3398,74.44,11:09:00.666
956800705067515775,3399,39.15,11:09:00.671
957133736831647620,3400,69.16,11:09:00.676
957440208518021001,3401,83.71,11:09:00.681
957705603137175438,3402,74.35,11:09:00.686
957876164878434195,3403,9.79,11:09:00.691
958241357357678488,3404,58.52,11:09:00.696
958423498330767261,3405,0.7,11:09:00.701
958855984357605282,3406,88.6,11:09:00.706
959107343023636391,3407,71.07,11:09:00.711
959357567818301356,3408,52.88,11:09:00.716
959553298067914673,3409,2.97,11:09:00.721
959844514030452662,3410,8.64,11:09:00.726
960238225092542395,3411,73.97,11:09:00.731
960458110238228416,3412,38.12,11:09:00.736
960825725079027653,3413,88.26,11:09:00.741
960974227868254154,3414,10.86,11:09:00.746
961335125380202447,3415,57.09,11:09:00.751
961571451660697556,3416,30.81,11:09:00.756
961921027638853593,3417,70.45,11:09:00.761
962221142773628894,3418,81.3,11:09:00.766
962476469989441507,3419,66.08,11:09:00.771
962670155834621928,3420,14.98,11:09:00.776
962961938732842989,3421,20.98,11:09:00.781
963274371833823218,3422,39.0,11:09:00.786
963634324452966391,3423,84.68,11:09:00.791
963832116286881788,3424,35.97,11:09:00.796
964125462553198593,3425,42.88,11:09:00.801
964381803381293062,3426,28.25,11:09:00.806
964700249436487691,3427,49.77,11:09:00.811
964989936390668304,3428,54.55,11:09:00.816
965182419645005845,3429,2.75,11:09:00.821
965521601802305562,3430,36.34,11:09:00.826
965893889567522847,3431,89.2,11:09:00.831
966180999541325860,3432,92.48,11:09:00.836
966303595087822889,3433,0.0,11:09:00.841
966625992512929838,3434,23.82,11:09:00.846
966943167257804851,3435,44.6,11:09:00.851
967220553425649720,3436,42.22,11:09:00.856
967598682346389565,3437,98.48,11:09:00.861
967730984518975554,3438,11.65,11:09:00.866
968145964259115079,3439,89.36,11:09:00.871
968325820309602380,3440,30.21,11:09:00.876
968581542662406225,3441,15.22,11:09:00.881
968948195430531158,3442,64.8,11:09:00.886
969130216144535643,3443,6.91,11:09:00.891
969407138455912544,3444,4.26,11:09:00.896
969742283343954021,3445,35.5,11:09:00.901
970085399691296874,3446,71.38,11:09:00.906
970248900506321007,3447,2.71,11:09:00.911
970542744988844148,3448,9.91,11:09:00.916
970898814957551737,3449,53.33,11:09:00.921
971223428585783422,3450,78.44,11:09:00.926
971476110101741699,3451,61.68,11:09:00.931
971785571085353096,3452,77.97,11:09:00.936
972037101550076045,3453,60.54,11:09:00.941
972317236496990354,3454,59.76,11:09:00.946
972589485883949207,3455,54.39,11:09:00.951
972780388590321820,3456,1.67,11:09:00.956
973187001734168737,3457,74.51,11:09:00.961
973502441312256166,3458,94.28,11:09:00.966
973712379313684651,3459,52.64,11:09:00.971
973957175269687472,3460,31.29,11:09:00.976
974262135127572661,3461,44.96,11:09:00.981
974505247456395450,3462,22.63,11:09:00.986
974827404363333823,3463,46.31,11:09:00.991
975123619667804356,3464,54.89,11:09:00.996
975340790394159305,3465,17.46,11:09:01.001
975713679454798030,3466,70.67,11:09:01.006
976017625700401363,3467,83.75,11:09:01.011
976165939511066840,3468,6.24,11:09:01.016
976566385081876701,3469,75.49,11:09:01.021
976737771456856290,3470,11.41,11:09:01.026
977063003560378599,3471,36.88,11:09:01.031
977335751163543788,3472,31.8,11:09:01.036
977699277195477233,3473,79.56,11:09:01.041
977946512692904182,3474,59.63,11:09:01.046
978238037893087483,3475,65.48,11:09:01.051
978468093521330432,3476,35.55,11:09:01.056
978694610096521477,3477,3.56,11:09:01.061
979080641757085962,3478,64.42,11:09:01.066
979341432171299087,3479,52.38,11:09:01.071
979659311290810644,3480,73.57,11:09:01.076
979976090898694425,3481,94.12,11:09:01.081
980143491544023326,3482,27.72,11:09:01.086
980402048575242531,3483,14.38,11:09:01.091
980739083248894248,3484,46.72,11:09:01.096
980947217364058413,3485,4.03,11:09:01.101
981277036492652850,3486,32.17,11:09:01.106
981630873078366519,3487,74.29,11:09:01.111
981910509809074492,3488,73.22,11:09:01.116
982182638936949057,3489,67.78,11:09:01.121
982353595815199046,3490,3.45,11:09:01.126
982750519512826187,3491,70.65,11:09:01.131
983071130231538000,3492,93.43,11:09:01.136
983192677806014805,3493,0.34,11:09:01.141
983587316581040474,3494,66.21,11:09:01.146
983879838213636447,3495,72.64,11:09:01.151
984187581210329444,3496,87.93,11:09:01.156
984455071773524329,3497,79.79,11:09:01.161
984676812345082222,3498,45.02,11:09:01.166
984947876321067379,3499,38.96,11:09:01.171
985262972301771128,3500,58.53,11:09:01.176
985452844215992701,3501,5.21,11:09:01.181
985830766978302338,3502,61.35,11:09:01.186
986155105728627079,3503,86.3,11:09:01.191
986451681810350476,3504,95.09,11:09:01.196
986712042727834001,3505,82.8,11:09:01.201
987008635989426582,3506,91.6,11:09:01.206
987180194163098011,3507,27.62,11:09:01.211
987485772496273824,3508,41.65,11:09:01.216
987745222880690597,3509,28.83,11:09:01.221
988128471402447274,3510,88.07,11:09:01.226
988289738834477487,3511,18.1,11:09:01.231
988652079455437236,3512,65.17,11:09:01.236
988973188390355385,3513,88.24,11:09:01.241
989154143952470462,3514,29.73,11:09:01.246
989457179665007043,3515,42.28,11:09:01.251
989666293032714696,3516,0.16,11:09:01.256
990017243400405453,3517,40.6,11:09:01.261
990297086289543634,3518,39.65,11:09:01.266
990672861568205271,3519,94.54,11:09:01.271
990880205409386972,3520,51.39,11:09:01.276
991118644813791713,3521,26.34,11:09:01.281
991525172058292710,3522,99.13,11:09:01.286
991667180856967659,3523,17.95,11:09:01.291
991992945536434672,3524,43.73,11:09:01.296
992315033723896309,3525,67.37,11:09:01.301
992525658920092154,3526,26.13,11:09:01.306
992810552690770431,3527,28.12,11:09:01.311
993162688469434884,3528,69.25,11:09:01.316
993381697441792521,3529,32.89,11:09:01.321
993627713168507406,3530,12.25,11:09:01.326
993955625331622419,3531,39.28,11:09:01.331
994308568564138520,3532,80.88,11:09:01.336
994613081745424925,3533,94.29,11:09:01.341
994859080292270626,3534,73.64,11:09:01.346
995121330995364391,3535,62.45,11:09:01.351
995424297988424236,3536,74.96,11:09:01.356
995597247731499569,3537,11.79,11:09:01.361
995872744113734198,3538,8.31,11:09:01.366
996232215696540219,3539,53.71,11:09:01.371
996457306342588992,3540,20.89,11:09:01.376
996714334365450821,3541,6.66,11:09:01.381
996992150030025290,3542,4.53,11:09:01.386
997350796979110479,3543,49.45,11:09:01.391
997611312515416660,3544,37.25,11:09:01.396
997946732281365081,3545,68.65,11:09:01.401
998231059116360286,3546,70.31,11:09:01.406
998542667583619683,3547,87.85,11:09:01.411
998794146508735080,3548,70.39,11:09:01.416
999043821547586157,3549,51.88,11:09:01.421
999390098990858866,3550,89.6,11:09:01.426
999615756572590711,3551,57.11,11:09:01.431
999953341002056316,3552,89.77,11:09:01.436
1000104764369044097,3553,14.07,11:09:01.441
1000416201037611654,3554,31.51,11:09:01.446
1000660000561201803,3555,9.58,11:09:01.451
1000928350117855888,3556,1.94,11:09:01.456
1001249132635259541,3557,24.82,11:09:01.461
1001518959660663450,3558,18.04,11:09:01.466
1001878156365562527,3559,63.28,11:09:01.471
1002129051175125668,3560,45.48,11:09:01.476
1002497885786636969,3561,96.33,11:09:01.481
1002750447043510958,3562,79.5,11:09:01.486
1002993559372333747,3563,57.17,11:09:01.491
1003268901135745720,3564,53.6,11:09:01.496
1003458429452583613,3565,0.08,11:09:01.501
1003828208956900034,3566,51.48,11:09:01.506
1004072197459051207,3567,29.66,11:09:01.511
1004306513694851788,3568,2.21,11:09:01.516
1004621506596340433,3569,21.72,11:09:01.521
1004993948980380374,3570,74.67,11:09:01.526
1005302568150401755,3571,90.47,11:09:01.531
1005594230789538528,3572,96.4,11:09:01.536
1005746925466845925,3573,21.44,11:09:01.541
1006005276339634922,3574,7.98,11:09:01.546
1006440734483841775,3575,97.61,11:09:01.551
1006695632202924788,3576,82.14,11:09:01.556
1006973104270115577,3577,79.81,11:09:01.561
1007137343819514622,3578,11.57,11:09:01.566
1007495681530954499,3579,56.31,11:09:01.571
1007824813464781576,3580,84.05,11:09:01.576
1008097939025068813,3581,79.19,11:09:01.581
1008244311510516498,3582,0.55,11:09:01.586
1008649550264828695,3583,72.59,11:09:01.591
1008937828469736220,3584,76.55,11:09:01.596
1009210868130677537,3585,71.64,11:09:01.601
1009370967331603238,3586,0.99,11:09:01.606
1009749353950380843,3587,57.4,11:09:01.611
1009993393992139568,3588,35.61,11:09:01.616
1010366094074217269,3589,88.71,11:09:01.621
1010587456688653114,3590,53.72,11:09:01.626
1010827940497490751,3591,29.86,11:09:01.631
1011059559493829444,3592,0.84,11:09:01.636
1011382918991610697,3593,25.22,11:09:01.641
1011750791530447694,3594,75.51,11:09:01.646
1012007561855271763,3595,61.13,11:09:01.651
1012281993085616984,3596,57.03,11:09:01.656
1012472208597222237,3597,3.91,11:09:01.661
1012758150339920738,3598,6.51,11:09:01.666
1013043885924189031,3599,8.99,11:09:01.671
1013397825589117804,3600,51.17,11:09:01.676
1013747659265311601,3601,90.96,11:09:01.681
1013932102340871030,3602,34.48,11:09:01.686
1014190350134444923,3603,20.96,11:09:01.691
1014541420761219968,3604,61.47,11:09:01.696
1014880809076949893,3605,95.18,11:09:01.701
1015094870246982538,3606,55.94,11:09:01.706
1015417027153920911,3607,79.62,11:09:01.711
1015678745281069972,3608,68.12,11:09:01.716
1015843465866806169,3609,0.16,11:09:01.721
1016274388525548446,3610,87.15,11:09:01.726
1016494428290057123,3611,51.39,11:09:01.731
1016777088677741480,3612,52.08,11:09:01.736
1017026488838685613,3613,33.41,11:09:01.741
1017366461269967794,3614,67.46,11:09:01.746
1017676437649654711,3615,84.05,11:09:01.751
1017853648000287676,3616,23.36,11:09:01.756
1018187281059840961,3617,53.72,11:09:01.761
1018466333674996678,3618,52.31,11:09:01.766
1018750505891169227,3619,53.88,11:09:01.771
1018989391972172752,3620,29.09,11:09:01.776
1019303096383472597,3621,47.85,11:09:01.781
1019588299391796186,3622,50.02,11:09:01.786
1019791966740972511,3623,4.73,11:09:01.791
1020217735438959588,3624,88.72,11:09:01.796
1020440283464369129,3625,54.42,11:09:01.801
1020744504587879406,3626,67.66,11:09:01.806
1021044482283701235,3627,78.43,11:09:01.811
1021263353817105400,3628,41.99,11:09:01.816
1021521446991856637,3629,28.38,11:09:01.821
1021839188672414722,3630,49.49,11:09:01.826
1022158098584077319,3631,71.28,11:09:01.831
1022483261968122892,3632,96.71,11:09:01.836
1022640852908147729,3633,24.6,11:09:01.841
1022908274751865878,3634,16.42,11:09:01.846
1023249552853206043,3635,51.23,11:09:01.851
1023444389749621792,3636,0.8,11:09:01.856
1023812331007935525,3637,51.13,11:09:01.861
1024134075598013482,3638,74.57,11:09:01.866
1024454188100518959,3639,97.06,11:09:01.871
1024695874500199476,3640,73.9,11:09:01.876
1025005335483810873,3641,90.19,11:09:01.881
1025148271995421758,3642,9.55,11:09:01.886
1025419696748659779,3643,3.7,11:09:01.891
1025770080180667464,3644,43.81,11:09:01.896
1025979897923011661,3645,2.1,11:09:01.901
1026279463301973074,3646,12.63,11:09:01.906
1026706778188186711,3647,97.52,11:09:01.911
1026978872956322908,3648,92.06,11:09:01.916
1027272116143424609,3649,98.91,11:09:01.921
1027478205854155878,3650,55.03,11:09:01.926
1027766655857755243,3651,59.09,11:09:01.931
1027994357843919984,3652,27.79,11:09:01.936
1028346132845331573,3653,68.71,11:09:01.941
1028597680489923706,3654,51.29,11:09:01.946
1028801794515698815,3655,6.26,11:09:01.951
1029124226300544132,3656,30.1,11:09:01.956
1029432725211481225,3657,45.83,11:09:01.961
1029662179544302734,3658,15.55,11:09:01.966
1030069754760823955,3659,88.95,11:09:01.971
1030341334132884632,3660,83.19,11:09:01.976
1030542080904299677,3661,36.2,11:09:01.981
1030914540468208802,3662,89.16,11:09:01.986
1031168149697103015,3663,72.94,11:09:01.991
1031478349415089324,3664,89.66,11:09:01.996
1031719846836208817,3665,66.39,11:09:02.001
1031970587026949302,3666,48.5,11:09:02.006
1032338150328140987,3667,98.61,11:09:02.011
1032499039803049152,3668,28.42,11:09:02.016
1032874248146027717,3669,82.98,11:09:02.021
1033015088713598154,3670,1.12,11:09:02.026
1033407373846545615,3671,65.62,11:09:02.031
1033733963159733460,3672,91.88,11:09:02.036
1033978209359922393,3673,70.21,11:09:02.041
1034216116188382430,3674,44.85,11:09:02.046
1034434145908196579,3675,7.92,11:09:02.051
1034848026136708328,3676,84.99,11:09:02.056
1035026147020408045,3677,24.83,11:09:02.061
1035345142831416562,3678,46.67,11:09:02.066
1035570439635895543,3679,13.97,11:09:02.071
1035915462948717820,3680,50.96,11:09:02.076
1036188262091490561,3681,45.91,11:09:02.081
1036395193615811846,3682,2.52,11:09:02.086
1036762447679358219,3683,52.45,11:09:02.091
1037054316476925200,3684,58.5,11:09:02.096
1037285059299935509,3685,28.97,11:09:02.101
1037623777600767258,3686,62.29,11:09:02.106
1037969436568749343,3687,99.65,11:09:02.111
1038218647751132452,3688,80.87,11:09:02.116
1038491240735474985,3689,75.7,11:09:02.121
1038796097514145070,3690,89.31,11:09:02.126
1038985196334253363,3691,35.54,11:09:02.131
1039370970296780088,3692,96.25,11:09:02.136
1039503890944656701,3693,9.78,11:09:02.141
1039873807887926594,3694,61.26,11:09:02.146
1040214759571752263,3695,95.88,11:09:02.151
1040354294469264716,3696,13.26,11:09:02.156
1040757901136004433,3697,84.35,11:09:02.161
1040950848246809942,3698,32.82,11:09:02.166
1041275135457527131,3699,57.74,11:09:02.171
1041555906059601248,3700,57.33,11:09:02.176
1041812556125341029,3701,42.88,11:09:02.181
1042055462295733610,3702,20.43,11:09:02.186
1042412030480647535,3703,64.14,11:09:02.191
1042627517579822452,3704,25.73,11:09:02.196
1042970651107034489,3705,61.62,11:09:02.201
1043299937659684222,3706,89.45,11:09:02.206
1043555453854057859,3707,74.34,11:09:02.211
1043721188052075912,3708,6.97,11:09:02.216
1044108594102175117,3709,68.63,11:09:02.221
1044365192628307346,3710,54.15,11:09:02.226
1044623199903712663,3711,40.49,11:09:02.231
1044880434085004700,3712,26.38,11:09:02.236
1045175206280463777,3713,34.12,11:09:02.241
1045530554694665638,3714,77.12,11:09:02.246
1045738259313100203,3715,34.18,11:09:02.251
1046087508873741744,3716,73.63,11:09:02.256
1046356992301761973,3717,66.65,11:09:02.261
1046552035356607930,3718,16.34,11:09:02.266
1046843646456137151,3719,22.24,11:09:02.271
1047108852096730564,3720,12.77,11:09:02.276
1047489489278371273,3721,70.49,11:09:02.281
1047791665997448654,3722,82.54,11:09:02.286
1048026480449455571,3723,55.38,11:09:02.291
1048247739984676312,3724,20.33,11:09:02.296
1048640334355269085,3725,85.01,11:09:02.301
1048815964157937122,3726,23.4,11:09:02.306
1049065845355218407,3727,5.01,11:09:02.311
1049434834585552364,3728,55.95,11:09:02.316
1049740223940167153,3729,69.87,11:09:02.321
1049938256292251126,3730,21.3,11:09:02.326
1050277249470989819,3731,54.78,11:09:02.331
1050616088030905856,3732,88.17,11:09:02.336
1050916426503980549,3733,99.15,11:09:02.341
1051171032165287434,3734,83.51,11:09:02.346
1051329533638379023,3735,11.93,11:09:02.351
1051654439324386836,3736,37.21,11:09:02.356
1051943696781837849,3737,41.74,11:09:02.361
1052316912259991070,3738,95.14,11:09:02.366
1052507797786494499,3739,42.41,11:09:02.371
1052725827506308648,3740,5.48,11:09:02.376
1053067844342023725,3741,40.72,11:09:02.381
1053329820167210546,3742,29.37,11:09:02.386
1053599355134838327,3743,22.42,11:09:02.391
1054011964053030460,3744,98.75,11:09:02.396
1054124200138409537,3745,0.24,11:09:02.401
1054429744111846982,3746,14.25,11:09:02.406
1054767981376341579,3747,47.29,11:09:02.411
1054971597185910352,3748,1.97,11:09:02.416
1055392074484188757,3749,82.88,11:09:02.421
1055663894374418010,3750,77.26,11:09:02.426
1055964335926707807,3751,88.3,11:09:02.431
1056134932027704932,3752,23.76,11:09:02.436
1056431198871783017,3753,32.37,11:09:02.441
1056684052186433134,3754,15.71,11:09:02.446
1056974151457474163,3755,20.73,11:09:02.451
1057318006539191928,3756,57.04,11:09:02.456
1057644372514080381,3757,83.17,11:09:02.461
1057807272033683074,3758,14.15,11:09:02.466
1058185521213507207,3759,70.48,11:09:02.471
1058399788541970060,3760,31.36,11:09:02.476
1058668017839539857,3761,23.65,11:09:02.481
1058965676253021846,3762,33.07,11:09:02.486
1059251738254804635,3763,35.74,11:09:02.491
1059482223379777184,3764,6.06,11:09:02.496
1059754885083596453,3765,0.93,11:09:02.501
1060151121586456234,3766,67.73,11:09:02.506
1060470632793540271,3767,89.87,11:09:02.511
1060600993640908468,3768,1.91,11:09:02.516
1060949212409398969,3769,40.76,11:09:02.521
1061266713571788478,3770,61.73,11:09:02.526
1061509224605189827,3771,39.05,11:09:02.531
1061826794487056072,3772,60.06,11:09:02.536
1062055561625110221,3773,29.38,11:09:02.541
1062335610672678610,3774,28.55,11:09:02.546
1062635365030201047,3775,39.19,11:09:02.551
1062978618816497372,3776,75.15,11:09:02.556
1063207248515598049,3777,44.39,11:09:02.561
1063576701602399974,3778,95.6,11:09:02.566
1063809798067488491,3779,67.44,11:09:02.571
1064012434624513776,3780,21.55,11:09:02.576
1064368349974398709,3781,64.88,11:09:02.581
1064542124351194874,3782,2.19,11:09:02.586
1064918878882399999,3783,57.65,11:09:02.591
1065163640478664452,3784,36.28,11:09:02.596
1065450630193383177,3785,39.49,11:09:02.601
1065780157264201486,3786,67.46,11:09:02.606
1065972949756184339,3787,15.84,11:09:02.611
1066264096999245592,3788,21.47,11:09:02.616
1066679781114021661,3789,99.59,11:09:02.621
1066928975116535586,3790,80.8,11:09:02.626
1067219005668099879,3791,85.78,11:09:02.631
1067385581679707948,3792,18.9,11:09:02.636
1067691520790136625,3793,33.14,11:09:02.641
1068000036880942902,3794,48.88,11:09:02.646
1068242754072774459,3795,26.32,11:09:02.651
1068486536416495424,3796,4.38,11:09:02.656
1068782270684628805,3797,12.68,11:09:02.661
1069188093554493258,3798,85.06,11:09:02.666
1069419953069000527,3799,56.18,11:09:02.671
1069750631191054164,3800,84.82,11:09:02.676
1070034734687749977,3801,86.35,11:09:02.681
1070241992629585758,3802,43.15,11:09:02.686
1070473697525270371,3803,14.18,11:09:02.691
1070823565561202536,3804,53.99,11:09:02.696
1071180631962322797,3805,97.99,11:09:02.701
1071450218469558130,3806,91.07,11:09:02.706
1071722553755862903,3807,85.75,11:09:02.711
1071875677929899900,3808,11.04,11:09:02.716
1072194690920777601,3809,32.89,11:09:02.721
1072439366617696134,3810,11.47,11:09:02.726
1072839142173607819,3811,80.33,11:09:02.731
1072987163926497168,3812,2.65,11:09:02.736
1073396096352683925,3813,76.84,11:09:02.741
1073672640706938778,3814,73.97,11:09:02.746
1073845676349360031,3815,10.85,11:09:02.751
1074188449099319204,3816,46.53,11:09:02.756
1074523765786052521,3817,77.87,11:09:02.761
1074827196635580334,3818,90.65,11:09:02.766
1075058867171526579,3819,61.66,11:09:02.771
1075278528978913208,3820,25.68,11:09:02.776
1075617144200529853,3821,58.94,11:09:02.781
1075871371904714690,3822,43.08,11:09:02.786
1076193820869429191,3823,66.93,11:09:02.791
1076391818861774796,3824,18.34,11:09:02.796
1076758299831207889,3825,67.82,11:09:02.801
1077004332737791958,3826,47.19,11:09:02.806
1077339288647272411,3827,78.32,11:09:02.811
1077601642429581280,3828,67.19,11:09:02.816
1077838501286021093,3829,41.22,11:09:02.821
1078056737164265450,3830,4.41,11:09:02.826
1078486302613342191,3831,90.61,11:09:02.831
1078698869134755828,3832,50.5,11:09:02.836
1078996544728107001,3833,59.93,11:09:02.841
1079321862730975230,3834,85.45,11:09:02.846
1079593837240027139,3835,79.92,11:09:02.851
1079748971458758664,3836,6.38,11:09:02.856
1080141359670921229,3837,70.94,11:09:02.861
1080328585885288466,3838,16.08,11:09:02.866
1080716850928846871,3839,78.24,11:09:02.871
1081029404288911388,3840,96.33,11:09:02.876
1081276777225291809,3841,76.48,11:09:02.881
1081466374261606438,3842,23.0,11:09:02.886
1081856357292083243,3843,86.16,11:09:02.891
1082062292383991856,3844,42.19,11:09:02.896
1082438565878859829,3845,97.37,11:09:02.901
1082690182242928698,3846,79.99,11:09:02.906
1082846141095381055,3847,6.93,11:09:02.911
1083165428964165700,3848,28.94,11:09:02.916
1083404693002291273,3849,4.37,11:09:02.921
1083718534852544590,3850,23.21,11:09:02.926
1084087111766018131,3851,73.91,11:09:02.931
1084312408570497112,3852,41.21,11:09:02.936
1084606442031581277,3853,48.52,11:09:02.941
1084954849778632802,3854,87.48,11:09:02.946
1085099195039516775,3855,7.66,11:09:02.951
1085499193933727852,3856,76.65,11:09:02.956
1085693171836684401,3857,25.72,11:09:02.961
1085948481872627830,3858,10.49,11:09:02.966
1086217175026665595,3859,3.05,11:09:02.971
1086540551704316032,3860,27.44,11:09:02.976
1086798026403776645,3861,13.47,11:09:02.981
1087066290061084810,3862,5.78,11:09:02.986
1087412808022526095,3863,43.64,11:09:02.991
1087645835768137876,3864,15.44,11:09:02.996
1087939955128567961,3865,22.8,11:09:03.001
1088208064167053470,3866,15.02,11:09:03.006
1088520943944632483,3867,33.3,11:09:03.011
1088821643194960040,3868,44.49,11:09:03.016
1089061663147329709,3869,20.36,11:09:03.021
1089400484527376562,3870,53.74,11:09:03.026
1089609116858747063,3871,11.34,11:09:03.031
1089983638006958268,3872,65.5,11:09:03.036
1090301740464769217,3873,86.82,11:09:03.041
1090578353538500806,3874,83.99,11:09:03.046
1090839023693629643,3875,71.88,11:09:03.051
1091065797966858448,3876,40.04,11:09:03.056
1091316263279691989,3877,21.99,11:09:03.061
1091679342635026650,3878,69.49,11:09:03.066
1091927162248005855,3879,49.9,11:09:03.071
1092129111610263780,3880,3.61,11:09:03.076
1092478447070251241,3881,43.11,11:09:03.081
1092750473118910702,3882,37.61,11:09:03.086
1093114634806003955,3883,85.74,11:09:03.091
1093373724413167864,3884,72.71,11:09:03.096
1093619637060667645,3885,52.01,11:09:03.101
1093831361768491266,3886,11.41,11:09:03.106
1094135033136187655,3887,24.33,11:09:03.111
1094499297902496012,3888,72.52,11:09:03.116
1094679927047096593,3889,13.82,11:09:03.121
1095010158492551446,3890,42.2,11:09:03.126
1095280758612068635,3891,35.87,11:09:03.131
1095629784834410784,3892,75.19,11:09:03.136
1095802562778794277,3893,11.92,11:09:03.141
1096074829345622314,3894,6.56,11:09:03.146
1096441533653354799,3895,56.17,11:09:03.151
1096754774208186676,3896,74.66,11:09:03.156
1096968405881489721,3897,35.17,11:09:03.161
1097274465251002686,3898,49.48,11:09:03.166
1097476844109990211,3899,3.44,11:09:03.171
1097920926548527432,3900,98.09,11:09:03.176
1098110712563403085,3901,44.72,11:09:03.181
1098471627255220562,3902,90.96,11:09:03.186
1098652926414719319,3903,32.65,11:09:03.191
1098982951701743964,3904,60.91,11:09:03.196
1099201101680642401,3905,24.05,11:09:03.201
1099457322249652582,3906,9.35,11:09:03.206
1099828373064288619,3907,61.49,11:09:03.211
1100034789192534384,3908,17.8,11:09:03.216
1100457448334199157,3909,99.98,11:09:03.221
1100734319105968506,3910,97.3,11:09:03.226
1100878372309076351,3911,17.31,11:09:03.231
1101172543209113988,3912,24.7,11:09:03.236
1101498170449627529,3913,50.4,11:09:03.241
1101734599809337742,3914,24.18,11:09:03.246
1102089020510603667,3915,66.64,11:09:03.251
1102348075758029208,3916,53.59,11:09:03.256
1102538016391727517,3917,0.31,11:09:03.261
1102844866035222946,3918,15.08,11:09:03.266
1103206828699060647,3919,61.93,11:09:03.271
1103392680523893164,3920,6.27,11:09:03.276
1103721400140859825,3921,33.77,11:09:03.281
1104107139743648182,3922,94.46,11:09:03.286
1104362157721815483,3923,79.06,11:09:03.291
1104674504923449792,3924,97.03,11:09:03.296
1104816874499377605,3925,16.06,11:09:03.301
1105212406627600842,3926,82.45,11:09:03.306
1105517177506925007,3927,96.01,11:09:03.311
1105665852094843348,3928,18.71,11:09:03.316
1106041060437821913,3929,73.27,11:09:03.321
1106265618507925982,3930,40.14,11:09:03.326
1106491739946125795,3931,7.92,11:09:03.331
1106858994009672168,3932,57.85,11:09:03.336
1107160466354113005,3933,69.49,11:09:03.341
1107410124213094898,3934,50.97,11:09:03.346
1107655143507397111,3935,29.75,11:09:03.351
1107919610413615612,3936,19.85,11:09:03.356
1108295093634501121,3937,74.57,11:09:03.361
1108534048434981382,3938,49.82,11:09:03.366
1108852717828475403,3939,71.47,11:09:03.371
1109124554898573840,3940,65.86,11:09:03.376
1109382252936333845,3941,52.02,11:09:03.381
1109728083703007770,3942,89.48,11:09:03.386
1109989526952249887,3943,77.82,11:09:03.391
1110240971517626916,3944,60.34,11:09:03.396
1110573694044113449,3945,90.17,11:09:03.401
1110811514973227566,3946,64.76,11:09:03.406
1111041879839115827,3947,35.01,11:09:03.411
1111314747701365304,3948,30.0,11:09:03.416
1111558358246394429,3949,7.96,11:09:03.421
1111883195212925506,3950,33.2,11:09:03.426
1112139931178011207,3951,18.8,11:09:03.431
1112490641027533388,3952,59.1,11:09:03.436
1112739731950832209,3953,40.25,11:09:03.441
1112982311703710294,3954,17.61,11:09:03.446
1113382155979098715,3955,86.51,11:09:03.451
1113587781833362016,3956,42.36,11:09:03.456
1113880526804257381,3957,48.92,11:09:03.461
1114091203540060778,3958,7.71,11:09:03.466
1114463628744231535,3959,60.65,11:09:03.471
1114793069915703924,3960,88.57,11:09:03.476
1114928309845920377,3961,3.45,11:09:03.481
1115228613959256702,3962,14.41,11:09:03.486
1115510432533351043,3963,14.61,11:09:03.491
1115922302717168264,3964,90.51,11:09:03.496
1116211560174619277,3965,95.04,11:09:03.501
1116388684625906322,3966,34.3,11:09:03.506
1116764064767576727,3967,88.96,11:09:03.511
1117002126214859420,3968,63.69,11:09:03.516
1117217991271156385,3969,25.5,11:09:03.521
1117461825154484902,3970,3.59,11:09:03.526
1117770581763459755,3971,19.47,11:09:03.531
1118059495623527088,3972,23.8,11:09:03.536
1118320749894208181,3973,12.03,11:09:03.541
1118652939844750010,3974,41.55,11:09:03.546
1118910586342902463,3975,27.68,11:09:03.551
1119275589843585732,3976,76.3,11:09:03.556
1119496179363908297,3977,40.86,11:09:03.561
1119836340773751502,3978,75.02,11:09:03.566
1120040764037171923,3979,30.17,11:09:03.571
1120293325294045912,3980,13.34,11:09:03.576
1120602889356872413,3981,29.69,11:09:03.581
1120896424601750242,3982,36.71,11:09:03.586
1121286098394581735,3983,99.69,11:09:03.591
1121544775684885228,3984,86.42,11:09:03.596
1121829995873078001,3985,88.6,11:09:03.601
1122107313321446134,3986,86.18,11:09:03.606
1122274576527821563,3987,19.7,11:09:03.611
1122576151951477504,3988,31.4,11:09:03.616
1122838076237056773,3989,20.02,11:09:03.621
1123188494028802826,3990,60.15,11:09:03.626
1123395305294039823,3991,16.69,11:09:03.631
1123789961248934676,3992,82.57,11:09:03.636
1124061145484004121,3993,76.58,11:09:03.641
1124287558979980062,3994,44.53,11:09:03.646
1124601280571149091,3995,63.3,11:09:03.651
1124801632205572904,3996,16.08,11:09:03.656
1125097572632136493,3997,24.5,11:09:03.661
1125376590887553842,3998,23.07,11:09:03.666
1125631024750168887,3999,7.33,11:09:03.671
1126059714025917244,4000,93.02,11:09:03.676
1126278156062591809,4001,56.33,11:09:03.681
1126617492838714182,4002,90.01,11:09:03.686
1126877355539991371,4003,77.43,11:09:03.691
1127188929647512400,4004,94.95,11:09:03.696
1127368768518130517,4005,35.79,11:09:03.701
1127595542791359322,4006,3.95,11:09:03.706
1127972950157593439,4007,59.79,11:09:03.711
1128307459390475108,4008,90.66,11:09:03.716
1128563061484194665,4009,75.6,11:09:03.721
1128729259538680686,4010,8.5,11:09:03.726
1129036882276289395,4011,23.72,11:09:03.731
1129410802129079160,4012,77.53,11:09:03.736
1129614452298386301,4013,32.23,11:09:03.741
1129897542182800258,4014,33.17,11:09:03.746
1130165496602463111,4015,25.3,11:09:03.751
1130453929426193292,4016,29.35,11:09:03.756
1130809999394900881,4017,72.77,11:09:03.761
1131073383969360790,4018,62.24,11:09:03.766
1131411982011108251,4019,95.49,11:09:03.771
1131684557815581600,4020,90.31,11:09:03.776
1131947787771218853,4021,79.69,11:09:03.781
1132145115748666282,4022,30.71,11:09:03.786
1132471705061854127,4023,56.97,11:09:03.791
1132715831002958772,4024,35.23,11:09:03.796
1133084510995647417,4025,85.99,11:09:03.801
1133243493505076158,4026,14.69,11:09:03.806
1133521274809912259,4027,12.54,11:09:03.811
1133842435284437960,4028,35.64,11:09:03.816
1134141691425754061,4029,45.99,11:09:03.821
1134358432655379410,4030,8.31,11:09:03.826
1134638979919154135,4031,7.77,11:09:03.831
1134980996754869212,4032,43.01,11:09:03.836
1135295594519366625,4033,62.29,11:09:03.841
1135557037768608742,4034,50.63,11:09:03.846
1135753867529849835,4035,1.36,11:09:03.851
1136099732656262128,4036,38.84,11:09:03.856
1136461145564285941,4037,85.37,11:09:03.861
1136607483689995258,4038,6.71,11:09:03.866
1137013031681952767,4039,78.93,11:09:03.871
1137261641568914436,4040,59.8,11:09:03.876
1137579726846856201,4041,81.11,11:09:03.881
1137807944229096462,4042,50.11,11:09:03.886
1138033069234883603,4043,17.31,11:09:03.891
1138286455125478424,4044,0.96,11:09:03.896
1138625431124347933,4045,34.43,11:09:03.901
1138928965053090850,4046,47.27,11:09:03.906
1139135604519636007,4047,3.71,11:09:03.911
1139423831184935980,4048,7.64,11:09:03.916
1139862914281540657,4049,99.38,11:09:03.921
1140057201422142518,4050,48.63,11:09:03.926
1140367143442091067,4051,65.2,11:09:03.931
1140698285420612672,4052,94.11,11:09:03.936
1140864174237453381,4053,26.83,11:09:03.941
1141264052872580170,4054,95.75,11:09:03.946
1141399756659264591,4055,10.9,11:09:03.951
1141678603115990100,4056,9.37,11:09:03.956
1142044757667908697,4057,58.66,11:09:03.961
1142374817314671710,4058,86.94,11:09:03.966
1142531875678751843,4059,14.52,11:09:03.971
1142818865393470568,4060,17.73,11:09:03.976
1143172220942847085,4061,59.57,11:09:03.981
1143513344425364594,4062,94.29,11:09:03.986
1143772073255275639,4063,81.05,11:09:03.991
1143991408645147772,4064,44.88,11:09:03.996
1144211070452534401,4065,8.9,11:09:04.001
1144611430123998342,4066,78.1,11:09:04.006
1144840403420482699,4067,47.54,11:09:04.011
1145046853908466832,4068,3.87,11:09:04.016
1145397254520343701,4069,43.99,11:09:04.021
1145662700679105690,4070,34.66,11:09:04.026
1145904455798262943,4071,11.54,11:09:04.031
1146167754473376932,4072,0.96,11:09:04.036
1146452081308372137,4073,2.62,11:09:04.041
1146830828704402606,4074,59.24,11:09:04.046
1147151800200367283,4075,82.23,11:09:04.051
1147309958076075192,4076,10.45,11:09:04.056
1147676679563676861,4077,60.07,11:09:04.061
1147997204383042754,4078,82.8,11:09:04.066
1148223016583597255,4079,50.4,11:09:04.071
1148470269260893388,4080,30.48,11:09:04.076
1148833692213611729,4081,78.18,11:09:04.081
1149035280798616790,4082,31.68,11:09:04.086
1149358571576921307,4083,56.02,11:09:04.091
1149572976344337632,4084,16.98,11:09:04.096
1149886629216029925,4085,35.71,11:09:04.101
1150141990791580906,4086,20.51,11:09:04.106
1150430045658189039,4087,24.34,11:09:04.111
1150821385898331380,4088,88.29,11:09:04.116
1151075871300553977,4089,72.58,11:09:04.121
1151235403565796606,4090,1.6,11:09:04.126
1151548695660236035,4091,20.12,11:09:04.131
1151954570069708040,4092,92.53,11:09:04.136
1152134855616924941,4093,33.63,11:09:04.141
1152423151001701650,4094,37.6,11:09:04.146
1152719297586695447,4095,46.14,11:09:04.151
1152928703012179228,4096,4.19,11:09:04.156
1153369916412562721,4097,97.17,11:09:04.161
1153531682060799270,4098,27.49,11:09:04.166
1153903454429941035,4099,80.05,11:09:04.171
1154156840320535856,4100,63.7,11:09:04.176
1154450135047245109,4101,70.58,11:09:04.181
1154614030999260474,4102,2.14,11:09:04.186
1154895351357148479,4103,2.05,11:09:04.191
1155178595860385092,4104,3.08,11:09:04.196
1155624190127410505,4105,98.61,11:09:04.201
1155894962045619534,4106,92.38,11:09:04.206
1156145685056490835,4107,74.48,11:09:04.211
1156437691293011288,4108,80.61,11:09:04.216
1156686799396179293,4109,61.77,11:09:04.221
1156917318880890210,4110,32.11,11:09:04.226
1157239733485866343,4111,55.94,11:09:04.231
1157549057030524268,4112,72.15,11:09:04.236
1157727263813569905,4113,12.04,11:09:04.241
1158060261217963382,4114,42.03,11:09:04.246
1158276074734652795,4115,3.81,11:09:04.251
1158683031475883392,4116,76.85,11:09:04.256
1158877868372299141,4117,26.42,11:09:04.261
1159146527166598538,4118,18.96,11:09:04.266
1159419412208717199,4119,13.96,11:09:04.271
1159733047900540308,4120,32.68,11:09:04.276
1159985162480815513,4121,15.59,11:09:04.281
1160303849054178718,4122,37.25,11:09:04.286
1160574535073041827,4123,30.97,11:09:04.291
1160830858721267112,4124,16.33,11:09:04.296
1161197494309522861,4125,65.9,11:09:04.301
1161369413260447154,4126,2.13,11:09:04.306
1161735172675374519,4127,51.19,11:09:04.311
1161957926859214268,4128,17.01,11:09:04.316
1162319460026322369,4129,63.61,11:09:04.321
1162599285735591366,4130,62.65,11:09:04.326
1162805289546976715,4131,18.72,11:09:04.331
1163189208083631568,4132,78.35,11:09:04.336
1163419933726772693,4133,48.81,11:09:04.341
1163739943150063066,4134,71.24,11:09:04.346
1163983124198362591,4135,48.95,11:09:04.351
1164253191741935076,4136,42.31,11:09:04.356
1164466754695761385,4137,2.78,11:09:04.361
1164863781472603630,4138,70.04,11:09:04.366
1165113954727661043,4139,51.82,11:09:04.371
1165425958331911672,4140,69.59,11:09:04.376
1165664277477232125,4141,44.47,11:09:04.381
1165922250392899074,4142,30.79,11:09:04.386
1166244991415389703,4143,54.81,11:09:04.391
1166480853839416844,4144,28.26,11:09:04.396
1166837903060667921,4145,72.25,11:09:04.401
1167117642870590998,4146,71.24,11:09:04.406
1167382951590399515,4147,61.83,11:09:04.411
1167723490957364768,4148,96.21,11:09:04.416
1167844093639036453,4149,2.57,11:09:04.421
1168206021943135786,4150,49.4,11:09:04.426
1168563844258500143,4151,93.84,11:09:04.431
1168708292598599220,4152,14.08,11:09:04.436
1169098172549860921,4153,77.18,11:09:04.441
1169405571949170238,4154,92.27,11:09:04.446
1169588709354671683,4155,35.03,11:09:04.451
1169917222813208136,4156,62.41,11:09:04.456
1170202494541008461,4157,64.62,11:09:04.461
1170445297632185938,4158,42.11,11:09:04.466
1170760582591450711,4159,61.79,11:09:04.471
1171102221470043740,4160,96.81,11:09:04.476
1171282318038699617,4161,37.8,11:09:04.481
1171591074647674470,4162,53.68,11:09:04.486
1171866948987031147,4163,50.42,11:09:04.491
1172179364908142192,4164,68.43,11:09:04.496
1172394559949540981,4165,29.85,11:09:04.501
1172724825754734202,4166,58.25,11:09:04.506
1173055022840450687,4167,86.61,11:09:04.511
1173195365191814788,4168,4.46,11:09:04.516
1173608231808044681,4169,80.94,11:09:04.521
1173834095548206734,4170,48.57,11:09:04.526
1174159327651729043,4171,74.04,11:09:04.531
1174335524390080152,4172,12.76,11:09:04.536
1174662233962352285,4173,39.09,11:09:04.541
1174881088315887266,4174,2.64,11:09:04.546
1175242466864172711,4175,49.15,11:09:04.551
1175581236704612012,4176,82.5,11:09:04.556
1175792669354659505,4177,41.73,11:09:04.561
1176161572685647542,4178,92.62,11:09:04.566
1176306948738682555,4179,13.4,11:09:04.571
1176597443146714816,4180,18.65,11:09:04.576
1176870860764778181,4181,13.96,11:09:04.581
1177265654158626506,4182,79.92,11:09:04.586
1177545823465279183,4183,79.16,11:09:04.591
1177843258540461780,4184,88.45,11:09:04.596
1178045757658533593,4185,42.48,11:09:04.601
1178425364048023262,4186,99.6,11:09:04.606
1178592713153744611,4187,33.17,11:09:04.611
1178875717138812648,4188,34.06,11:09:04.616
1179265854788112109,4189,97.31,11:09:04.621
1179475827149278962,4190,55.69,11:09:04.626
1179826313660501751,4191,95.86,11:09:04.631
1180031819255680764,4192,51.64,11:09:04.636
1180230659061616385,4193,3.54,11:09:04.641
1180564292121169670,4194,33.9,11:09:04.646
1180788042737422091,4195,0.3,11:09:04.651
1181113103042252560,4196,25.67,11:09:04.656
1181457542239522581,4197,62.32,11:09:04.661
1181705928788184858,4198,43.06,11:09:04.666
1181985857576668959,4199,42.16,11:09:04.671
1182261525757595428,4200,38.78,11:09:04.676
1182619846289166121,4201,83.51,11:09:04.681
1182796798941761326,4202,22.67,11:09:04.686
1183040426666659635,4203,0.64,11:09:04.691
1183326540208049976,4204,3.34,11:09:04.696
1183747773420572477,4205,84.69,11:09:04.701
1184013631896194882,4206,75.6,11:09:04.706
1184288904940130119,4207,71.99,11:09:04.711
1184491008921210700,4208,25.79,11:09:04.716
1184806122081783633,4209,45.37,11:09:04.721
1185075468070850390,4210,38.31,11:09:04.726
1185448168152928091,4211,91.41,11:09:04.731
1185714731003187040,4212,82.73,11:09:04.736
1185871273971191653,4213,10.01,11:09:04.741
1186144227732787050,4214,5.05,11:09:04.746
1186517838347931503,4215,58.68,11:09:04.751
1186836799799201652,4216,80.5,11:09:04.756
1187113309793718137,4217,77.61,11:09:04.761
1187368104433586046,4218,62.08,11:09:04.766
1187701926471700355,4219,92.55,11:09:04.771
1187885630812884872,4220,35.64,11:09:04.776
1188252713077739405,4221,85.47,11:09:04.781
1188488386523205522,4222,58.81,11:09:04.786
1188711003268091799,4223,24.55,11:09:04.791
1189017303155773340,4224,39.0,11:09:04.796
1189316816995127201,4225,49.5,11:09:04.801
1189640571629899686,4226,74.11,11:09:04.806
1189855079476531115,4227,35.13,11:09:04.811
1190168354391101360,4228,53.64,11:09:04.816
1190359274277343157,4229,0.93,11:09:04.821
1190807359625400250,4230,97.91,11:09:04.826
1190990101893910463,4231,40.44,11:09:04.831
1191299099021053892,4232,56.46,11:09:04.836
1191598801838968777,4233,67.07,11:09:04.841
1191765601188876238,4234,0.32,11:09:04.846
1192091692285857747,4235,26.29,11:09:04.851
1192410241420267480,4236,47.87,11:09:04.856
1192647976450035677,4237,22.41,11:09:04.861
1193045948119683042,4238,90.22,11:09:04.866
1193250405742841831,4239,45.39,11:09:04.871
1193545727694114796,4240,53.45,11:09:04.876
1193830432486232049,4241,55.33,11:09:04.881
1194092013174427638,4242,43.75,11:09:04.886
1194348577340821499,4243,29.25,11:09:04.891
1194744504606035968,4244,95.87,11:09:04.896
1195015001646338053,4245,89.48,11:09:04.901
1195243682885046282,4246,58.75,11:09:04.906
1195555961367203855,4247,76.68,11:09:04.911
1195761862099374100,4248,32.69,11:09:04.916
1196150230222147609,4249,94.91,11:09:04.921
1196372297211219998,4250,60.33,11:09:04.926
1196583712681398307,4251,19.55,11:09:04.931
1196839950430277672,4252,4.86,11:09:04.936
1197236032314314797,4253,71.57,11:09:04.941
1197510205846622258,4254,67.32,11:09:04.946
1197683928683810871,4255,4.6,11:09:04.951
1197971450974474300,4256,8.12,11:09:04.956
1198330166643036225,4257,53.08,11:09:04.961
1198527924117213254,4258,4.35,11:09:04.966
1198920071811207243,4259,68.77,11:09:04.971
1199095169037930576,4260,6.85,11:09:04.976
1199479293733015637,4261,66.6,11:09:04.981
1199650508309303386,4262,2.42,11:09:04.986
1200047861503660127,4263,69.87,11:09:04.991
1200246117194043492,4264,21.43,11:09:04.996
1200558206697640041,4265,39.25,11:09:05.001
1200772594285187182,4266,0.2,11:09:05.006
1201087982323667059,4267,19.94,11:09:05.011
1201446612092883064,4268,64.85,11:09:05.016
1201750146021625981,4269,77.69,11:09:05.021
1202001075190927490,4270,59.91,11:09:05.026
1202271194274107527,4271,53.3,11:09:05.031
1202576343110553740,4272,67.08,11:09:05.036
1202878949326360721,4273,79.38,11:09:05.041
1203115859722408086,4274,53.44,11:09:05.046
1203380979463655579,4275,43.92,11:09:05.051
1203672264145670304,4276,49.63,11:09:05.056
1204035051443228837,4277,96.96,11:09:05.061
1204296168274956458,4278,85.11,11:09:05.066
1204595750833787055,4279,95.65,11:09:05.071
1204881503597924532,4280,98.14,11:09:05.076
1205016296851542201,4281,12.76,11:09:05.081
1205340549702521022,4282,37.66,11:09:05.086
1205698131499716803,4283,81.96,11:09:05.091
1205894085087629512,4284,32.18,11:09:05.096
1206237304514187469,4285,68.12,11:09:05.101
1206524173969821906,4286,71.26,11:09:05.106
1206753198805913815,4287,40.73,11:09:05.111
1207071627681239260,4288,62.24,11:09:05.116
1207400175499514081,4289,89.64,11:09:05.121
1207585357309448422,4290,33.59,11:09:05.126
1207978260917686507,4291,98.45,11:09:05.131
1208110889507786992,4292,11.81,11:09:05.136
1208375854630211829,4293,2.2,11:09:05.141
1208782519313666298,4294,75.07,11:09:05.146
1208959746844168447,4295,14.39,11:09:05.151
1209281697592676612,4296,37.95,11:09:05.156
1209540014105727241,4297,24.47,11:09:05.161
1209801165297193230,4298,12.64,11:09:05.166
1210081111265546515,4299,11.75,11:09:05.171
1210398904485712152,4300,32.89,11:09:05.176
1210783355598311709,4301,92.83,11:09:05.181
1210964568858464546,4302,34.47,11:09:05.186
1211353933413650727,4303,97.27,11:09:05.191
1211561088276271404,4304,54.01,11:09:05.196
1211761285291872561,4305,6.7,11:09:05.201
1212121804846698806,4306,52.71,11:09:05.206
1212403451622101307,4307,52.81,11:09:05.211
1212632699796492608,4308,22.41,11:09:05.216
1212954392846963013,4309,45.82,11:09:05.221
1213168110419611978,4310,6.38,11:09:05.226
1213511518824730959,4311,42.43,11:09:05.231
1213720511933354324,4312,0.24,11:09:05.236
1214018994980557145,4313,10.14,11:09:05.241
1214417155628765534,4314,78.06,11:09:05.246
1214693098687598947,4315,74.84,11:09:05.251
1214969677401592168,4316,71.99,11:09:05.256
1215283914388836717,4317,91.06,11:09:05.261
1215419875873558898,4318,6.36,11:09:05.266
1215792369797206391,4319,59.34,11:09:05.271
1215995504570438012,4320,13.74,11:09:05.276
1216414676198658433,4321,93.89,11:09:05.281
1216589996763681158,4322,32.1,11:09:05.286
1216943506931880331,4323,74.03,11:09:05.291
1217161553831563664,4324,37.11,11:09:05.296
1217456016789377429,4325,44.67,11:09:05.301
1217717356959404442,4326,32.95,11:09:05.306
1217947034630525343,4327,2.8,11:09:05.311
1218367907065794980,4328,83.94,11:09:05.316
1218558466174783913,4329,31.02,11:09:05.321
1218812023864070574,4330,14.77,11:09:05.326
1219133562295718323,4331,38.09,11:09:05.331
1219494665966096824,4332,84.44,11:09:05.336
1219797907837063613,4333,97.11,11:09:05.341
1220053836348297666,4334,82.24,11:09:05.346
1220324539547029959,4335,75.97,11:09:05.351
1220634309768286668,4336,92.44,11:09:05.356
1220899790286787025,4337,83.13,11:09:05.361
1221083700786401750,4338,26.34,11:09:05.366
1221388317046903259,4339,39.81,11:09:05.371
1221640277008355808,4340,22.63,11:09:05.376
1221923109194732005,4341,23.42,11:09:05.381
1222265813225214442,4342,59.06,11:09:05.386
1222544968919585263,4343,57.71,11:09:05.391
1222737658332353012,4344,6.03,11:09:05.396
1223142862726926841,4345,78.05,11:09:05.401
1223321035150234110,4346,17.92,11:09:05.406
1223624431640023555,4347,30.68,11:09:05.411
1223977254613455368,4348,72.21,11:09:05.416
1224184684353982989,4349,29.11,11:09:05.421
1224430408022921746,4350,8.3,11:09:05.426
1224827022482903575,4351,75.32,11:09:05.431
1225112500369134108,4352,77.65,11:09:05.436
1225320325246652961,4353,34.78,11:09:05.441
1225660658455188006,4354,69.04,11:09:05.446
1225945466326520363,4355,70.98,11:09:05.451
1226119051724755504,4356,8.18,11:09:05.456
1226421348702917173,4357,20.3,11:09:05.461
1226805610836955706,4358,80.13,11:09:05.466
1227024911867089471,4359,43.94,11:09:05.471
1227355177672282692,4360,72.34,11:09:05.476
1227522870375387721,4361,6.11,11:09:05.481
1227900191842275918,4362,61.9,11:09:05.486
1228099942181278291,4363,14.33,11:09:05.491
1228425225824408152,4364,39.83,11:09:05.496
1228729721825825373,4365,53.23,11:09:05.501
1229070055034360418,4366,87.49,11:09:05.506
1229216049562686055,4367,8.63,11:09:05.511
1229611547331170924,4368,75.0,11:09:05.516
1229879604830048881,4369,67.19,11:09:05.521
1230119830940848758,4370,43.18,11:09:05.526
1230423450768937595,4371,56.07,11:09:05.531
1230773954460029568,4372,96.25,11:09:05.536
1230918660498166405,4373,16.64,11:09:05.541
1231294590395650698,4374,71.62,11:09:05.546
1231566564904702607,4375,66.09,11:09:05.551
1231745939918852756,4376,6.66,11:09:05.556
1232052755202609817,4377,21.41,11:09:05.561
1232383106907148958,4378,49.86,11:09:05.566
1232691227860964003,4379,65.37,11:09:05.571
1232929306488115880,4380,40.11,11:09:05.576
1233194598028055213,4381,30.69,11:09:05.581
1233547781778739890,4382,72.43,11:09:05.586
1233797766055236279,4383,54.1,11:09:05.591
1234026722171851452,4384,23.53,11:09:05.596
1234343192542089921,4385,43.9,11:09:05.601
1234698815834198726,4386,87.06,11:09:05.606
1234970274947175115,4387,81.23,11:09:05.611
1235135012712780496,4388,13.28,11:09:05.616
1235484090474730197,4389,52.63,11:09:05.621
1235757662711616218,4390,48.03,11:09:05.626
1236003953316238047,4391,27.55,11:09:05.631
1236395877671932644,4392,91.84,11:09:05.636
1236681492997116649,4393,94.25,11:09:05.641
1236937232529789678,4394,79.27,11:09:05.646
1237236316872413939,4395,89.52,11:09:05.651
1237466424040264440,4396,59.62,11:09:05.656
1237783856483177213,4397,80.55,11:09:05.661
1238023326679732994,4398,56.1,11:09:05.666
1238281076257100551,4399,42.29,11:09:05.671
1238579129807573772,4400,51.94,11:09:05.676
1238800062925280017,4401,16.7,11:09:05.681
1239156115714118422,4402,60.11,11:09:05.686
1239503234970981147,4403,98.32,11:09:05.691
1239709805718049568,4404,54.72,11:09:05.696
1240006656677679909,4405,63.67,11:09:05.701
1240303438917833514,4406,72.58,11:09:05.706
1240502072565338927,4407,24.36,11:09:05.711
1240874858546762548,4408,77.51,11:09:05.716
1241075089922102073,4409,30.22,11:09:05.721
1241444543008903998,4410,81.43,11:09:05.726
1241699543807202115,4411,66.02,11:09:05.731
1241987014558257992,4412,69.51,11:09:05.736
1242184565874004813,4413,20.66,11:09:05.741
1242597226331804498,4414,97.02,11:09:05.746
1242859425495290711,4415,85.8,11:09:05.751
1243059141474554716,4416,38.21,11:09:05.756
1243299075527578465,4417,14.03,11:09:05.761
1243571960569697126,4418,9.03,11:09:05.766
1243879463048221547,4419,24.18,11:09:05.771
1244120548152480624,4420,0.67,11:09:05.776
1244550130781426549,4421,86.88,11:09:05.781
1244717582966363002,4422,20.51,11:09:05.786
1245112977655632767,4423,86.82,11:09:05.791
1245352447852188548,4424,62.37,11:09:05.796
1245615231131227017,4425,51.49,11:09:05.801
1245907220187878286,4426,57.61,11:09:05.806
1246219928166765459,4427,75.79,11:09:05.811
1246528289638749080,4428,91.44,11:09:05.816
1246714364801880989,4429,35.91,11:09:05.821
1247014960972993442,4430,47.04,11:09:05.826
1247263622399562663,4431,27.94,11:09:05.831
1247631237240361900,4432,78.08,11:09:05.836
1247928998733058993,4433,87.56,11:09:05.841
1248146616136012726,4434,50.39,11:09:05.846
1248442436303492027,4435,58.74,11:09:05.851
1248752412683178944,4436,75.33,11:09:05.856
1249002087722030021,4437,56.82,11:09:05.861
1249340239087178698,4438,89.81,11:09:05.866
1249592972142744527,4439,73.08,11:09:05.871
1249899924865455060,4440,87.91,11:09:05.876
1250078887562744793,4441,28.24,11:09:05.881
1250447464476218334,4442,78.94,11:09:05.886
1250752922550309859,4443,92.9,11:09:05.891
1250884520348259304,4444,5.66,11:09:05.896
1251269177619289069,4445,65.72,11:09:05.901
1251490591773332466,4446,30.76,11:09:05.906
1251764352988779511,4447,26.27,11:09:05.911
1252130215482921980,4448,75.39,11:09:05.916
1252430021380051969,4449,86.06,11:09:05.921
1252733246071149574,4450,98.72,11:09:05.926
1252959762646340619,4451,66.73,11:09:05.931
1253251717343253520,4452,72.83,11:09:05.936
1253457463456601109,4453,28.75,11:09:05.941
1253849542431118362,4454,93.13,11:09:05.946
1254036390688363551,4455,38.05,11:09:05.951
1254297576239567908,4456,26.24,11:09:05.956
1254703983224984617,4457,98.96,11:09:05.961
1254892824347055150,4458,45.04,11:09:05.966
1255143444278711347,4459,27.08,11:09:05.971
1255543168295015480,4460,95.91,11:09:05.976
1255810744757556285,4461,87.82,11:09:05.981
1256106839802942530,4462,96.33,11:09:05.986
1256333493817087047,4463,64.42,11:09:05.991
1256524018566337612,4464,11.48,11:09:05.996
1256878112850089041,4465,53.75,11:09:06.001
1257159312948892758,4466,53.59,11:09:06.006
1257489424135263323,4467,81.9,11:09:06.011
1257641036480812128,4468,6.31,11:09:06.016
1258011881137017957,4469,58.33,11:09:06.021
1258309951867360362,4470,67.99,11:09:06.026
1258573302082081903,4471,57.44,11:09:06.031
1258759909821158516,4472,2.22,11:09:06.036
1259112509456290937,4473,43.62,11:09:06.041
1259449475410465918,4474,75.92,11:09:06.046
1259614883190969475,4475,8.36,11:09:06.051
1259929584034681992,4476,27.7,11:09:06.056
1260234011316622477,4477,41.06,11:09:06.061
1260558298527339666,4478,65.98,11:09:06.066
1260827970933920919,4479,59.11,11:09:06.071
1261136126247474332,4480,74.64,11:09:06.076
1261435794705650849,4481,85.23,11:09:06.081
1261714074226693286,4482,83.37,11:09:06.086
1261869122546078891,4483,9.78,11:09:06.091
1262182105402873008,4484,28.12,11:09:06.096
1262506186455159989,4485,52.92,11:09:06.101
1262702432100848826,4486,3.31,11:09:06.106
1263008800708007103,4487,17.8,11:09:06.111
1263390588940883140,4488,76.19,11:09:06.116
1263600561302049993,4489,34.57,11:09:06.121
1263992588736959694,4490,98.92,11:09:06.126
1264211357191148755,4491,62.42,11:09:06.131
1264416605088290008,4492,18.05,11:09:06.136
1264780612156560605,4493,66.09,11:09:06.141
1265104779108193506,4494,90.94,11:09:06.146
1265275890605266151,4495,26.7,11:09:06.151
1265681249618662636,4496,98.81,11:09:06.156
1265909913677501681,4497,68.07,11:09:06.161
1266161100544840950,4498,50.44,11:09:06.166
1266464479854761211,4499,63.19,11:09:06.171
1266768546359448832,4500,76.34,11:09:06.176
1267065895535285509,4501,85.58,11:09:06.181
1267227197327054090,4502,15.63,11:09:06.186
1267534751345186063,4503,30.81,11:09:06.191
1267853592537371924,4504,52.56,11:09:06.196
1268094110705947929,4505,28.72,11:09:06.201
1268381667356349726,4506,32.26,11:09:06.206
1268764709719676195,4507,91.38,11:09:06.211
1268944101913695528,4508,31.96,11:09:06.216
1269199240150947117,4509,16.63,11:09:06.221
1269474289856582962,4510,12.89,11:09:06.226
1269851044387788087,4511,68.35,11:09:06.231
1270064246564361532,4512,28.61,11:09:06.236
1270361612920067393,4513,37.86,11:09:06.241
1270702375625332038,4514,72.37,11:09:06.246
1271001356888741195,4515,82.56,11:09:06.251
1271223458237551952,4516,48.0,11:09:06.256
1271427417644504405,4517,2.88,11:09:06.261
1271799258733122906,4518,55.48,11:09:06.266
1272155431781045599,4519,98.96,11:09:06.271
1272391895500494180,4520,72.76,11:09:06.276
1272717144783885673,4521,98.24,11:09:06.281
1272985855117792622,4522,90.81,11:09:06.286
1273194057952433523,4523,48.16,11:09:06.291
1273517348730738040,4524,72.5,11:09:06.296
1273835915045016957,4525,94.09,11:09:06.301
1274029033954514306,4526,42.66,11:09:06.306
1274258144689952135,4527,12.18,11:09:06.311
1274530806393771404,4528,7.05,11:09:06.316
1274913814397359505,4529,66.15,11:09:06.321
1275120745921680790,4530,22.76,11:09:06.326
1275470940375127451,4531,62.76,11:09:06.331
1275648408423798176,4532,2.22,11:09:06.336
1276013154226443685,4533,50.69,11:09:06.341
1276221752198075818,4534,8.27,11:09:06.346
1276512023267808687,4535,13.39,11:09:06.351
1276869003769583028,4536,57.34,11:09:06.356
1277096104460326329,4537,25.69,11:09:06.361
1277472171796764094,4538,80.75,11:09:06.366
1277774314156103107,4539,92.78,11:09:06.371
1278046924320314824,4540,87.62,11:09:06.376
1278180892940211661,4541,1.76,11:09:06.381
1278505712726873554,4542,26.99,11:09:06.386
1278774045103658455,4543,19.34,11:09:06.391
1279140199655577052,4544,68.63,11:09:06.396
1279321000598869473,4545,10.03,11:09:06.401
1279712048781235686,4546,73.81,11:09:06.406
1279957635011220971,4547,52.92,11:09:06.411
1280264261316417008,4548,67.56,11:09:06.416
1280450044421772789,4549,11.86,11:09:06.421
1280874627708786170,4550,95.16,11:09:06.426
1281048299006367231,4551,32.41,11:09:06.431
1281348362601534980,4552,43.23,11:09:06.436
1281602710564804105,4553,27.44,11:09:06.441
1281881883439044110,4554,26.1,11:09:06.446
1282132709529130515,4555,8.26,11:09:06.451
1282474468666807832,4556,43.35,11:09:06.456
1282775855111902749,4557,54.94,11:09:06.461
1282977752934553122,4558,8.62,11:09:06.466
1283409603306231335,4559,96.15,11:09:06.471
1283663092276041260,4560,79.86,11:09:06.476
1283907853872305713,4561,58.49,11:09:06.481
1284183161275979318,4562,54.9,11:09:06.486
1284451270314464827,4563,47.12,11:09:06.491
1284676326600775232,4564,14.28,11:09:06.496
1284965944835479109,4565,19.02,11:09:06.501
1285310349673010762,4566,55.65,11:09:06.506
1285508296125748815,4567,7.03,11:09:06.511
1285891733626066516,4568,66.38,11:09:06.516
1286081021424735833,4569,12.72,11:09:06.521
1286459768820766302,4570,69.34,11:09:06.526
1286742291769497187,4571,69.95,11:09:06.531
1287053917416625768,4572,87.5,11:09:06.536
1287283028152063597,4573,57.02,11:09:06.541
1287546326827177586,4574,46.44,11:09:06.546
1287764837583328887,4575,9.79,11:09:06.551
1288084640848189052,4576,32.1,11:09:06.556
1288461807696254593,4577,87.8,11:09:06.561
1288658001802335878,4578,38.16,11:09:06.566
1288880326489446027,4579,3.73,11:09:06.571
1289241241181263504,4580,49.97,11:09:06.576
1289574891420685973,4581,80.34,11:09:06.581
1289878339450082970,4582,93.13,11:09:06.586
1290099203848312479,4583,57.85,11:09:06.591
1290452902995072676,4584,99.89,11:09:06.596
1290712782876219049,4585,87.32,11:09:06.601
1290851785197786798,4586,4.39,11:09:06.606
1291169114561484467,4587,25.26,11:09:06.611
1291539375102138040,4588,76.94,11:09:06.616
1291773760057415357,4589,49.53,11:09:06.621
1291992167734351554,4590,12.82,11:09:06.626
1292411476801525447,4591,93.05,11:09:06.631
1292637787218286284,4592,60.94,11:09:06.636
1292965888359962321,4593,88.08,11:09:06.641
1293163302236755670,4594,39.15,11:09:06.646
1293465307157141211,4595,51.1,11:09:06.651
1293686137195632352,4596,15.8,11:09:06.656
1293969089641092837,4597,16.66,11:09:06.661
1294333062349625066,4598,64.68,11:09:06.666
1294622766483674863,4599,69.47,11:09:06.671
1294908398988728052,4600,71.89,11:09:06.676
1295143505498511097,4601,44.9,11:09:06.681
1295372118017742590,4602,14.13,11:09:06.686
1295713327399606019,4603,48.9,11:09:06.691
1295983205964617480,4604,42.15,11:09:06.696
